borrower_id,name,age,city,employment_type,employment_years,monthly_income,household_size,dependents,requested_amount,tenure_months,purpose,first_time_borrower,prev_loans,loans_repaid,late_payments,avg_delay_days,defaults,max_days_past_due,avg_income_6m,avg_expenses_6m,avg_debt_6m,income_volatility,expense_trend,debt_trend,total_transactions_6m,bounced_payments_6m,disputed_txns_6m,id_verification,address_verification,phone_verification,bank_stmt_status,income_doc_status,doc_quality_score,transaction_variance,night_txn_ratio,new_device_90d,applications_30d,address_changes_12m,doc_avg_income,vouches_count,avg_vouch_trust,community_tenure_years,group_memberships,guarantor_past_count,account_age_months,prev_lenders_count,disputes_raised,disputes_lost,ontime_streak_months,salary_credits_6m,savings_balance,existing_debt_accounts
B10001,Vikram Gupta,43,Delhi,business,4.4,36255,6,3,131000,12,home-repair,0,5,5,1,4.8,0,10,35292,28030,33628,0.052,0.0415,0.0496,362,2,0,2,2,0,2,2,67,0.314,0.126,0,1,0,31439,2,4.8,9.5,1,0,98,3,1,0,2,4,95055,5
B10002,Kavya Yadav,35,Kolkata,self-employed,10.0,52611,5,3,97000,12,personal,0,4,4,0,5.0,0,0,50460,32776,14143,0.094,0.0323,0.0508,338,0,0,2,1,2,2,2,83,0.301,0.102,0,1,0,52124,5,4.9,2.8,4,3,116,4,0,0,17,5,149081,2
B10003,Reyansh Bose,36,Mumbai,self-employed,2.1,41998,1,1,146000,3,home-repair,0,1,1,3,10.2,0,41,39277,25993,27212,0.048,0.0108,0.1568,338,2,1,2,0,1,2,1,55,0.356,0.156,0,1,0,39885,0,0,9.2,0,0,75,4,0,0,9,0,0,1
B10004,Sanjay Gupta,48,Hyderabad,salaried,6.1,87978,6,1,279000,6,medical,0,7,7,1,10.2,0,26,87995,56208,25123,0.079,0.0669,0.0189,375,0,0,2,2,2,2,1,94,0.321,0.076,0,3,0,90320,3,4.3,10.2,4,1,58,0,1,1,32,6,344654,0
B10005,Aadhya Bose,35,Delhi,salaried,2.4,8000,5,2,59000,12,business,0,2,0,5,8.7,1,55,8050,6509,4875,0.067,0.0684,-0.1598,400,1,1,0,0,0,2,0,54,0.278,0.112,0,3,0,9372,2,4.3,8.3,2,1,87,4,1,0,4,3,11895,5
B10006,Kabir Reddy,24,Chennai,self-employed,4.4,51739,2,3,180000,6,personal,0,2,2,2,16.3,0,54,53896,34118,19151,0.047,0.034,0.0217,293,0,0,2,1,1,2,1,65,0.355,0.065,0,2,0,57419,6,4.2,3.6,3,0,89,1,1,1,15,4,72241,0
B10007,Kavitha Agarwal,26,Delhi,self-employed,7.4,41708,4,1,122000,12,medical,0,5,5,2,4.5,0,53,41206,29008,15498,0.061,-0.0527,0.0678,382,0,0,1,2,2,1,2,80,0.292,0.082,0,1,0,43670,3,4.2,3.8,2,1,77,0,0,0,9,0,56140,1
B10008,Vikram Iyer,31,Surat,daily-wage,0.7,19602,6,4,48000,12,personal,0,1,1,0,3.3,0,0,20026,14875,16556,0.081,-0.0132,-0.0488,367,0,2,2,0,0,1,2,59,0.367,0.214,0,1,0,18131,2,4.1,9.2,2,1,87,2,1,1,2,5,15172,1
B10009,Sai Khan,33,Ahmedabad,self-employed,5.9,48161,3,4,276000,6,personal,0,2,2,3,8.7,0,5,46104,34674,35585,0.038,-0.0163,0.016,388,0,0,2,1,2,2,2,71,0.364,0.102,0,2,0,46033,3,3.6,3.6,2,0,57,4,0,0,9,1,58679,0
B10010,Ananya Mishra,30,Indore,self-employed,8.9,49125,6,2,163000,12,personal,0,2,2,0,4.4,0,0,51806,32822,15907,0.066,-0.026,-0.0652,395,0,0,2,2,2,2,2,92,0.361,0.064,0,1,2,56049,6,4.7,8.8,2,0,71,0,0,0,19,0,206766,2
B10011,Ishaan Yadav,36,Bengaluru,daily-wage,1.5,43179,2,2,189000,18,medical,0,2,0,2,24.1,2,51,40111,30036,36364,0.131,0.0935,0.0045,393,1,0,2,1,0,1,0,44,0.254,0.261,0,1,0,54244,3,4.8,1.4,0,0,80,2,1,0,4,0,0,5
B10012,Deepak Pillai,33,Mumbai,business,1.1,29468,3,1,75000,18,home-repair,1,0,0,0,0.8,0,0,28784,21382,27770,0.018,0.0369,-0.0316,341,2,0,2,0,2,2,2,58,0.328,0.058,0,1,0,29366,3,3.6,5.0,1,0,110,2,1,0,2,4,0,2
B10013,Suresh Gupta,50,Delhi,self-employed,5.9,54159,5,1,83000,12,education,0,4,4,2,13.5,0,48,53284,32590,19640,0.042,-0.0189,-0.0037,314,0,0,2,2,2,2,0,54,0.363,0.026,0,4,1,53881,5,3.6,3.3,4,0,17,2,0,0,29,1,151353,0
B10014,Anil Iyer,29,Surat,daily-wage,1.1,18343,6,2,147000,3,medical,1,0,0,0,0.5,0,0,17014,12614,11574,0.05,0.0958,0.0769,432,3,0,2,0,0,1,0,56,0.161,0.084,0,1,0,16383,0,0,4.4,2,1,52,1,1,0,0,0,9461,0
B10015,Kabir Nair,27,Mumbai,salaried,4.3,31624,3,2,191000,6,education,0,4,3,1,19.6,1,24,30509,21055,17495,0.051,-0.0603,-0.3931,442,1,2,2,1,2,2,2,49,0.112,0.052,0,1,0,31691,3,4.3,4.4,1,1,118,0,0,0,3,6,46945,1
B10016,Krishna Bose,24,Pune,business,12.7,94191,5,4,145000,24,medical,0,2,2,1,26.4,0,7,93612,56477,28556,0.046,-0.0155,0.0812,295,0,0,2,2,2,2,2,76,0.333,0.083,0,1,0,99796,4,4.7,7.5,2,0,45,3,0,0,17,2,183517,0
B10017,Meera Verma,30,Chennai,self-employed,2.9,24627,4,2,160000,3,education,0,4,2,2,29.5,2,9,23752,16604,22837,0.119,0.0715,0.0385,347,2,1,1,2,2,2,2,58,0.276,0.063,1,3,0,35627,0,0,8.3,4,0,76,1,1,0,8,4,13553,1
B10018,Geeta Rao,35,Hyderabad,salaried,6.8,31900,1,4,123000,24,education,0,4,4,0,1.8,0,0,32516,22403,7673,0.065,0.0502,0.162,340,0,0,2,1,2,2,2,73,0.247,0.035,0,1,0,29391,4,3.9,2.3,1,3,81,4,1,0,9,6,34795,1
B10019,Amit Das,30,Bengaluru,self-employed,2.1,39120,4,4,111000,18,home-repair,0,3,3,0,4.8,0,0,37679,23982,15246,0.075,-0.0372,0.0031,315,0,0,2,1,2,2,2,87,0.247,0.059,0,1,0,40455,6,3.9,1.9,3,0,58,1,1,1,9,2,5660,2
B10020,Nikhil Patel,32,Chennai,self-employed,5.7,18847,1,2,47000,12,business,0,1,1,0,3.4,0,0,18214,11379,5115,0.052,-0.0094,0.0592,303,0,0,2,1,2,2,2,47,0.269,0.091,0,1,0,19358,6,3.8,11.8,1,1,97,0,1,1,20,4,12217,0
B10021,Sneha Yadav,59,Chennai,self-employed,1.4,31580,2,1,246000,12,home-repair,0,1,1,0,0.6,0,0,32369,23553,23584,0.043,-0.0601,0.1598,322,2,0,2,0,2,0,2,64,0.376,0.04,0,1,0,29920,1,4.0,2.6,2,1,117,1,1,0,3,3,0,0
B10022,Pooja Sharma,39,Bengaluru,self-employed,3.5,39699,5,3,146000,12,personal,0,2,2,1,29.9,0,30,40135,26598,10949,0.046,0.032,-0.0304,334,0,0,2,2,2,2,2,61,0.422,0.036,0,2,0,40266,4,4.3,6.6,3,2,63,0,1,1,26,3,44195,2
B10023,Ira Verma,30,Chennai,self-employed,5.2,31936,1,3,68000,6,business,0,2,2,2,28.7,0,11,31274,24377,23925,0.04,0.0302,0.003,382,0,0,2,0,2,2,1,60,0.264,0.042,0,1,0,34052,1,3.8,6.9,4,1,26,4,0,0,0,4,45774,1
B10024,Diya Agarwal,41,Chennai,daily-wage,1.4,27026,6,4,225000,3,home-repair,0,6,4,3,12.4,2,40,28562,18672,17891,0.04,0.0546,-0.1758,399,0,1,0,1,1,1,1,86,0.159,0.282,1,1,0,27918,2,4.9,4.3,4,0,40,2,1,0,6,3,75550,2
B10025,Kabir Mehta,32,Delhi,salaried,0.5,43912,1,0,232000,12,business,0,6,3,6,14.8,2,35,44683,33423,31641,0.103,0.0255,0.0688,332,2,2,0,1,2,0,2,45,0.327,0.125,0,2,1,65406,3,4.1,8.5,4,0,82,2,0,0,9,3,0,4
B10026,Sai Nair,39,Bengaluru,salaried,7.6,36894,4,4,116000,12,personal,0,6,6,0,0.2,0,0,34917,22909,9784,0.048,0.0487,-0.063,415,0,0,2,2,2,2,2,75,0.232,0.066,0,1,0,30940,6,3.7,3.7,1,2,81,3,1,0,22,6,116236,0
B10027,Kavya Verma,23,Delhi,self-employed,1.8,15758,5,4,33000,24,personal,0,1,1,0,4.8,0,0,16284,11563,9763,0.061,0.0292,-0.179,348,0,0,0,0,2,0,2,67,0.304,0.269,0,3,0,14590,0,0,11.4,0,0,56,1,0,0,0,4,34176,3
B10028,Reyansh Kulkarni,34,Kolkata,self-employed,3.4,46165,5,4,174000,3,personal,0,5,5,2,21.5,0,49,43687,28390,13710,0.065,0.0282,0.0458,313,0,0,2,2,2,1,2,73,0.31,0.102,0,1,0,46097,6,4.8,5.3,4,2,53,1,0,0,7,3,80232,0
B10029,Amit Mishra,38,Delhi,self-employed,2.9,24298,5,1,169000,3,business,0,2,1,4,20.1,0,48,24706,17328,17198,0.073,0.0697,-0.0659,322,0,0,0,1,2,2,2,58,0.375,0.256,0,2,0,23444,3,4.7,10.5,4,0,44,4,0,0,3,3,31287,2
B10030,Rohan Sharma,46,Delhi,business,0.1,67193,3,0,500000,3,education,0,6,2,5,9.5,3,48,62119,46985,51056,0.124,0.0747,0.0322,345,1,1,2,1,0,2,2,71,0.194,0.278,1,3,0,49412,2,4.0,6.0,1,1,49,0,3,3,3,2,79517,0
B10031,Kavitha Sharma,42,Indore,salaried,7.9,94480,2,2,243000,3,home-repair,0,3,3,0,3.2,0,0,92991,54018,26725,0.048,0.0171,0.0676,320,0,0,2,2,2,2,2,92,0.32,0.104,0,2,2,83392,5,3.7,10.0,4,3,56,3,1,1,20,6,351045,0
B10032,Rajesh Kulkarni,38,Ahmedabad,self-employed,4.8,29790,5,0,85000,24,home-repair,0,5,5,0,1.3,0,0,28220,17550,9450,0.048,-0.0357,-0.1173,354,0,0,1,1,1,0,1,88,0.348,0.091,0,2,0,25748,5,3.7,8.0,3,3,60,0,1,1,26,2,78486,1
B10033,Sara Patel,33,Hyderabad,salaried,3.1,37812,1,1,228000,12,education,0,2,1,4,25.5,0,23,39691,24548,31327,0.082,-0.0188,-0.0157,438,3,1,0,1,2,2,2,59,0.138,0.104,0,2,1,37385,1,3.6,7.2,4,0,59,1,0,0,6,6,28805,3
B10034,Aadhya Iyer,33,Delhi,salaried,1.7,34052,1,1,270000,12,medical,0,5,2,6,24.3,2,42,34474,20097,26039,0.065,0.0146,-0.0697,299,0,0,2,2,0,2,2,50,0.437,0.202,0,1,0,43548,1,3.6,1.9,3,0,60,4,0,0,6,5,80952,5
B10035,Vihaan Mehta,39,Delhi,salaried,6.6,26242,5,2,41000,18,medical,0,3,3,2,27.0,0,47,25499,15513,9481,0.078,-0.0826,0.1259,257,0,0,2,2,1,1,2,70,0.377,0.057,0,2,0,24586,3,4.2,7.5,3,1,91,4,0,0,6,6,41843,1
B10036,Myra Agarwal,24,Bengaluru,self-employed,2.0,31185,3,0,75000,24,medical,0,1,1,0,2.5,0,0,34328,20337,20438,0.07,-0.0403,-0.0498,300,1,0,1,0,0,2,0,55,0.255,0.12,0,1,0,31309,1,3.5,5.4,3,0,22,0,0,0,0,1,49464,1
B10037,Kavitha Chopra,40,Ahmedabad,salaried,2.5,44369,2,4,375000,12,education,0,3,2,2,28.5,1,7,42158,26049,48003,0.077,0.0363,-0.0102,345,1,1,2,0,2,0,2,58,0.138,0.226,0,5,0,54435,3,4.0,10.2,1,0,37,2,2,2,0,5,107964,2
B10038,Kiran Khan,39,Chennai,salaried,8.7,76446,4,3,179000,6,medical,0,4,4,0,4.0,0,0,72572,41172,22958,0.05,0.031,0.1013,430,1,0,2,2,2,2,2,85,0.163,0.052,0,4,1,67979,4,4.2,3.9,1,0,49,0,0,0,17,6,256191,2
B10039,Ira Rao,19,Chennai,self-employed,5.0,79621,1,3,182000,24,personal,0,2,2,0,1.5,0,0,79237,50072,31051,0.033,-0.0038,-0.1007,389,1,0,2,2,2,2,2,80,0.191,0.058,0,1,0,74701,4,3.8,4.0,0,1,93,0,0,0,30,3,177529,2
B10040,Krishna Gupta,36,Bengaluru,daily-wage,1.2,43392,4,1,385000,24,business,0,5,5,2,23.7,0,14,42273,28251,45301,0.091,-0.0092,-0.078,408,1,1,2,2,1,2,0,53,0.227,0.278,0,1,1,43814,2,4.0,10.3,0,0,26,3,1,1,7,4,79931,5
B10041,Reyansh Kulkarni,41,Mumbai,self-employed,1.0,13314,3,2,75000,12,business,1,0,0,0,3.9,0,0,14065,7830,11318,0.045,-0.0258,0.0307,361,0,2,1,1,2,2,0,47,0.264,0.139,0,1,0,14215,3,4.0,6.7,4,1,75,0,1,1,2,0,48666,3
B10042,Sai Sharma,46,Lucknow,business,6.7,61528,4,2,203000,12,medical,0,5,5,1,21.2,0,42,60078,37132,20169,0.057,-0.0157,0.006,337,0,0,1,2,1,2,1,64,0.228,0.105,0,1,0,51878,6,4.8,11.9,1,2,105,1,0,0,15,1,108892,1
B10043,Nikhil Iyer,36,Pune,self-employed,0.9,17861,3,0,40000,6,medical,0,1,1,0,1.9,0,0,18607,13169,13759,0.095,0.0535,0.1562,225,1,1,1,0,1,1,2,75,0.294,0.052,0,1,0,16040,1,3.8,8.5,0,1,57,0,1,0,4,0,42774,4
B10044,Arjun Patel,35,Delhi,business,6.5,96833,3,2,261000,6,personal,0,2,2,1,27.7,0,42,101308,62427,23733,0.065,-0.0673,0.241,268,0,0,2,2,2,2,2,86,0.299,0.036,0,1,1,109982,5,3.8,5.2,2,0,105,1,1,1,9,3,258740,1
B10045,Myra Iyer,31,Hyderabad,business,0.3,18448,4,1,86000,18,home-repair,0,6,4,3,13.0,2,42,18424,12881,11274,0.186,0.108,-0.2204,309,1,0,0,0,2,2,0,55,0.104,0.047,0,1,0,17549,2,4.3,5.1,0,0,108,3,1,1,1,4,4991,1
B10046,Rahul Reddy,26,Mumbai,daily-wage,8.5,55033,1,2,83000,12,home-repair,0,6,6,0,4.8,0,0,58589,42660,18408,0.078,0.0597,0.0126,255,0,0,1,2,2,2,2,79,0.151,0.087,0,2,1,58159,4,4.8,5.6,0,0,14,1,0,0,11,1,215517,1
B10047,Sunita Rao,22,Chennai,self-employed,3.0,49873,6,0,174000,12,personal,0,6,6,2,14.1,0,33,49940,34158,14494,0.083,0.0037,-0.0802,363,0,0,1,2,2,2,2,58,0.205,0.042,0,1,0,46417,5,4.3,5.4,2,1,107,2,1,1,14,4,127790,2
B10048,Divya Rao,19,Kolkata,salaried,5.6,17574,3,1,98000,18,home-repair,0,1,0,4,22.8,0,6,17508,12714,12617,0.107,0.0986,-0.0674,372,2,1,2,2,2,2,1,41,0.113,0.28,0,2,0,15200,0,0,4.1,3,1,54,0,1,0,5,6,7100,1
B10049,Suresh Nair,31,Mumbai,self-employed,3.7,33260,5,4,115000,24,home-repair,0,1,1,3,23.3,0,44,30808,19028,19467,0.065,-0.0084,0.0517,400,1,0,2,1,2,2,2,60,0.264,0.201,0,1,1,27025,1,3.9,10.7,0,0,108,4,0,0,7,1,1949,0
B10050,Arun Khan,19,Mumbai,business,0.2,13576,6,3,90000,18,home-repair,0,1,1,0,2.5,0,0,13520,9137,12824,0.071,0.0619,0.1079,358,0,1,2,0,2,0,0,82,0.334,0.084,0,1,0,12979,1,4.0,8.9,0,0,56,2,0,0,6,3,17454,1
B10051,Aarav Chopra,34,Hyderabad,salaried,6.1,71299,5,0,110000,12,medical,0,3,3,1,19.6,0,35,68452,41416,18676,0.074,0.06,0.0149,351,0,1,2,2,2,2,2,99,0.31,0.055,0,3,1,71339,6,3.6,2.5,3,1,110,0,1,1,13,6,183034,0
B10052,Divya Agarwal,39,Mumbai,self-employed,10.0,57606,5,1,229000,6,business,0,4,4,1,18.7,0,38,58557,36678,16994,0.047,0.0376,-0.1281,318,0,0,2,1,2,2,2,93,0.281,0.049,1,1,0,61542,3,4.4,8.4,2,1,82,1,0,0,29,2,253226,2
B10053,Vikram Mishra,46,Bengaluru,daily-wage,3.3,21631,5,2,54000,3,business,0,5,5,0,2.3,0,0,20672,14356,7319,0.053,0.0206,-0.1198,336,1,0,2,1,2,1,2,83,0.314,0.094,0,1,0,18604,3,4.8,4.9,0,0,111,3,0,0,31,2,12320,2
B10054,Geeta Gupta,38,Mumbai,business,4.6,60492,5,4,150000,12,business,0,5,5,0,2.5,0,0,56135,32602,14720,0.039,0.0831,0.1719,419,0,1,2,2,2,2,2,74,0.189,0.036,0,1,1,49104,2,4.2,4.7,2,2,72,2,1,0,18,2,57903,2
B10055,Ira Patel,30,Kolkata,daily-wage,4.0,32709,4,2,62000,18,medical,0,3,3,1,20.4,0,12,33199,22289,8648,0.043,-0.0189,-0.0476,323,0,0,2,2,2,2,2,73,0.314,0.112,0,1,1,31181,4,4.3,2.5,4,1,75,3,1,1,33,3,46935,2
B10056,Priya Agarwal,48,Ahmedabad,salaried,6.4,76452,4,1,208000,18,medical,0,6,6,0,3.4,0,0,75708,45231,21320,0.026,0.0152,0.1757,319,0,0,2,2,2,2,2,82,0.353,0.12,0,2,0,79483,3,3.6,9.5,0,3,31,2,1,0,9,6,284705,2
B10057,Lakshmi Agarwal,47,Kolkata,salaried,3.6,43477,6,1,121000,6,medical,0,6,6,2,5.1,0,56,45928,25274,8640,0.063,0.0331,0.0627,354,0,0,2,1,2,2,2,69,0.353,0.055,0,1,1,41181,6,3.7,6.8,3,2,100,4,1,1,6,6,25513,2
B10058,Kavya Singh,33,Hyderabad,self-employed,4.9,27705,6,3,69000,6,personal,0,4,4,2,8.0,0,20,26029,14563,9539,0.043,0.0146,-0.0416,358,0,0,2,2,2,2,2,80,0.396,0.031,0,1,0,24826,5,4.8,2.8,1,3,66,1,1,1,33,4,74802,1
B10059,Divya Reddy,39,Kochi,salaried,5.8,51600,2,2,109000,3,medical,0,4,3,4,4.9,0,20,52780,37586,39199,0.079,-0.0423,-0.0725,319,2,0,2,0,2,1,1,74,0.33,0.197,0,1,0,53227,1,4.0,8.7,1,0,84,3,1,0,2,6,0,2
B10060,Ira Agarwal,35,Pune,self-employed,6.5,57062,5,0,167000,12,home-repair,0,4,4,2,9.2,0,26,53860,34866,14576,0.056,0.0541,-0.1954,275,1,0,2,2,2,2,2,71,0.453,0.086,1,1,0,53631,6,3.9,6.1,0,0,53,2,1,0,6,5,58045,1
B10061,Sneha Bose,44,Hyderabad,business,3.5,119569,5,4,226000,6,medical,0,6,6,1,12.7,0,26,117928,79508,37706,0.054,-0.0442,-0.0092,339,0,0,2,2,2,2,2,69,0.322,0.104,0,1,0,105667,5,4.9,4.3,2,1,96,0,0,0,6,4,319507,2
B10062,Myra Yadav,36,Jaipur,self-employed,10.8,65510,1,2,129000,3,personal,0,3,3,1,16.8,0,12,68234,49509,19498,0.089,0.0443,-0.0187,317,0,0,2,2,2,2,2,99,0.264,0.066,0,1,0,73414,3,4.7,11.3,4,1,54,2,1,0,11,4,147698,2
B10063,Reyansh Das,26,Hyderabad,self-employed,12.5,80343,4,1,196000,18,medical,0,6,6,0,1.9,0,0,80706,45606,23196,0.047,-0.0195,0.0723,313,0,0,2,2,1,2,2,95,0.348,0.089,0,2,0,80930,5,4.6,5.0,0,0,94,2,1,1,30,3,349020,2
B10064,Reyansh Reddy,31,Mumbai,business,5.6,29433,3,0,102000,12,education,0,1,1,1,22.8,0,38,27770,18278,10706,0.06,-0.0161,0.0766,286,0,1,2,2,2,2,1,77,0.445,0.083,0,1,0,26947,5,4.9,1.6,4,2,73,2,0,0,23,2,0,1
B10065,Sai Iyer,25,Lucknow,business,4.5,43600,4,0,200000,18,medical,0,3,3,1,6.3,0,53,41684,29921,37610,0.049,0.0288,-0.0942,375,2,0,2,2,2,2,2,63,0.309,0.024,0,1,0,38283,2,4.3,4.0,2,0,30,2,1,1,0,0,69025,3
B10066,Manoj Kulkarni,32,Bengaluru,salaried,2.0,24894,4,0,72000,18,education,0,5,4,1,23.6,1,30,23383,19136,12264,0.045,-0.0464,-0.039,364,2,1,2,2,0,2,2,55,0.322,0.227,0,2,0,23790,3,4.0,2.1,3,0,45,3,0,0,6,6,15460,4
B10067,Lakshmi Nair,35,Mumbai,salaried,1.6,27826,4,4,226000,6,medical,0,4,0,6,15.6,3,16,28644,22524,26542,0.142,0.023,-0.1716,313,1,1,0,0,0,0,2,66,0.355,0.215,0,2,0,39918,3,4.3,6.0,2,0,32,4,0,0,8,1,0,5
B10068,Rahul Iyer,34,Pune,self-employed,1.7,30294,1,1,79000,12,personal,0,5,5,3,6.0,0,53,29459,20666,31294,0.071,0.0286,-0.1535,343,3,0,1,1,2,2,1,58,0.177,0.029,0,4,0,28925,1,4.8,9.3,3,1,37,3,0,0,5,2,55413,0
B10069,Rahul Nair,31,Delhi,self-employed,4.3,34093,2,3,96000,24,personal,0,3,3,1,13.9,0,22,33490,19574,9954,0.036,-0.0223,-0.108,420,0,0,1,2,2,1,2,96,0.128,0.045,0,3,0,34291,4,4.7,8.6,2,2,29,0,1,0,17,2,26052,0
B10070,Arjun Agarwal,45,Pune,self-employed,1.5,42855,1,1,160000,12,education,0,4,4,3,5.9,0,36,44874,32835,28400,0.061,-0.0344,-0.0008,469,2,1,2,0,2,2,2,44,0.106,0.074,0,1,0,39713,0,0,9.7,2,1,69,3,0,0,3,2,0,5
B10071,Suresh Mehta,19,Mumbai,salaried,10.8,55419,2,0,173000,3,personal,0,5,5,0,1.2,0,0,55573,30830,16317,0.081,0.0065,-0.1152,322,0,0,2,2,1,2,2,84,0.34,0.068,0,1,0,58244,5,4.1,11.3,4,0,76,3,0,0,16,6,249578,0
B10072,Sara Chopra,47,Pune,daily-wage,0.4,21210,4,3,160000,12,education,1,0,0,0,1.0,0,0,19722,12176,13112,0.073,0.0385,-0.1892,279,1,1,2,2,2,2,2,73,0.286,0.051,0,1,0,18147,1,4.8,7.6,4,0,74,4,0,0,4,4,30961,3
B10073,Sara Mehta,36,Hyderabad,daily-wage,4.0,43902,3,2,313000,12,education,0,2,2,1,5.1,0,59,43981,26668,40345,0.054,-0.0341,0.0369,360,1,1,1,2,0,1,2,74,0.355,0.051,0,1,0,47148,1,4.5,8.8,4,0,26,2,0,0,6,5,30522,4
B10074,Sara Rao,44,Pune,self-employed,2.3,49281,6,0,109000,12,personal,0,6,6,2,21.6,0,34,47886,29866,14886,0.034,0.0604,0.1131,297,0,0,2,2,2,2,1,77,0.409,0.082,0,1,0,52151,3,4.8,8.6,1,1,37,0,1,0,19,2,91503,0
B10075,Deepak Kulkarni,48,Mumbai,salaried,7.6,42724,1,4,167000,12,home-repair,0,2,2,1,28.1,0,13,43381,26333,12429,0.041,0.0404,-0.2142,418,0,0,2,2,1,2,2,69,0.322,0.107,0,2,0,47475,5,4.7,4.2,3,3,27,4,0,0,12,6,90082,1
B10076,Rajesh Singh,35,Pune,self-employed,5.6,41134,3,1,319000,6,home-repair,0,2,1,2,11.5,1,31,41509,28374,24622,0.07,0.035,0.1538,398,2,0,0,2,2,2,0,37,0.209,0.046,0,1,1,37184,2,3.9,8.7,2,0,69,2,0,0,1,2,43256,2
B10077,Lakshmi Mishra,21,Indore,daily-wage,1.4,17591,3,4,147000,3,business,1,0,0,0,2.1,0,0,16674,12582,10652,0.087,0.0607,-0.1621,328,3,0,2,2,2,0,0,68,0.426,0.16,0,1,0,14842,0,0,10.0,0,0,89,2,0,0,9,0,15965,1
B10078,Reyansh Mishra,30,Delhi,salaried,4.4,88909,6,0,248000,12,medical,0,4,4,0,2.3,0,0,84954,55220,26670,0.057,0.0841,-0.0757,267,0,0,2,2,2,2,2,92,0.294,0.068,0,1,0,80711,4,3.7,6.0,0,2,64,1,0,0,8,6,142886,0
B10079,Lakshmi Singh,32,Mumbai,business,12.2,69381,3,0,189000,6,medical,0,8,8,1,9.3,0,41,66538,40920,25312,0.098,0.0499,-0.1154,372,0,0,2,2,2,2,2,54,0.206,0.026,0,1,0,63410,2,4.9,1.7,2,0,48,0,1,0,19,3,302139,2
B10080,Diya Nair,25,Ahmedabad,salaried,5.9,54949,6,4,129000,12,medical,0,3,3,1,17.1,0,47,53061,34341,13742,0.083,0.0144,0.0269,371,0,0,2,0,2,2,1,87,0.258,0.093,0,1,0,57500,3,3.7,8.5,2,3,56,0,0,0,14,6,0,1
B10081,Rahul Rao,53,Bengaluru,self-employed,14.9,80567,4,2,175000,3,medical,0,5,5,0,1.0,0,0,77533,53205,29754,0.064,0.0352,0.1109,307,0,0,1,2,2,2,2,67,0.376,0.062,0,4,1,72037,3,4.0,8.9,2,0,81,4,0,0,26,5,380811,0
B10082,Nikhil Mehta,42,Kochi,self-employed,2.0,15812,1,3,135000,18,medical,0,1,1,0,1.5,0,0,17191,12433,14546,0.039,0.0336,-0.1319,399,2,1,0,0,0,0,0,52,0.283,0.093,0,2,0,17772,1,3.6,5.0,3,1,114,4,0,0,9,4,35325,5
B10083,Kabir Mishra,35,Bengaluru,daily-wage,2.3,50172,3,2,132000,12,personal,0,6,6,2,15.3,0,55,48280,29498,15362,0.072,-0.0852,0.1845,343,0,0,2,1,2,2,2,60,0.348,0.087,0,3,0,52836,3,3.9,6.5,2,3,26,2,1,0,13,2,58804,0
B10084,Suresh Bose,36,Bengaluru,daily-wage,2.6,27195,4,0,138000,6,personal,0,4,4,2,28.0,0,40,24774,16094,24824,0.062,-0.0043,0.0996,418,1,1,1,2,2,0,1,29,0.256,0.022,0,1,2,24738,2,4.9,12.0,4,0,34,0,1,1,7,5,51928,0
B10085,Nikhil Nair,37,Mumbai,salaried,4.0,32996,3,1,62000,6,education,0,4,4,1,20.8,0,57,34459,22678,9303,0.053,0.0742,0.0841,298,0,0,1,2,2,2,2,67,0.297,0.079,0,1,0,32353,5,3.8,3.0,3,0,20,2,1,1,28,6,0,1
B10086,Rohan Mishra,31,Mumbai,self-employed,1.6,33654,5,2,105000,12,education,0,6,6,1,16.0,0,27,35362,21260,7248,0.054,-0.028,-0.2296,368,1,0,2,2,2,2,2,75,0.356,0.071,0,3,1,33591,5,3.8,1.7,0,3,74,4,0,0,32,3,40328,1
B10087,Ishaan Reddy,25,Pune,self-employed,4.4,37062,6,2,323000,18,medical,0,5,4,4,11.6,0,44,36879,21016,25808,0.036,-0.0825,0.088,411,2,0,1,0,2,2,0,62,0.193,0.239,0,2,0,36976,0,0,2.8,0,0,110,1,1,1,7,3,55730,5
B10088,Deepak Kulkarni,36,Jaipur,self-employed,0.9,26630,6,1,120000,12,business,0,2,0,2,13.7,2,46,27946,17582,20095,0.113,0.0173,-0.0035,390,0,0,0,0,2,1,0,70,0.319,0.144,0,3,0,31248,1,4.8,1.9,4,1,54,1,2,0,0,4,7768,2
B10089,Rohan Joshi,32,Pune,daily-wage,1.7,29909,5,2,134000,3,personal,0,1,1,0,3.1,0,0,30504,19872,17739,0.06,0.0062,-0.1171,347,3,0,1,0,0,0,0,51,0.221,0.156,0,4,0,29786,0,0,8.6,3,1,15,1,1,0,6,3,44782,0
B10090,Kiran Sharma,32,Delhi,salaried,4.7,91407,5,2,340000,6,education,0,8,8,1,5.3,0,54,90809,52091,20203,0.062,0.0415,-0.0738,380,0,0,2,2,1,2,2,85,0.189,0.073,0,1,0,92132,6,4.2,9.9,4,2,55,0,1,0,16,6,273926,0
B10091,Kabir Rao,28,Delhi,business,0.5,25447,3,3,55000,3,education,0,4,3,3,20.0,1,22,23876,15873,20932,0.052,0.0297,-0.1586,319,1,0,1,2,0,2,0,53,0.358,0.278,1,1,0,13375,2,4.8,3.3,4,1,16,4,0,0,0,5,17903,0
B10092,Sneha Gupta,36,Delhi,daily-wage,3.7,31826,6,0,58000,24,home-repair,0,4,4,2,12.5,0,55,32506,18430,13858,0.056,-0.0294,0.0033,406,1,0,2,1,2,2,2,77,0.11,0.077,0,1,0,34699,6,4.5,7.6,1,0,75,0,0,0,34,1,9366,2
B10093,Aarav Yadav,36,Pune,self-employed,4.3,34580,4,3,194000,12,home-repair,0,3,1,4,14.6,1,11,34103,21562,21879,0.085,0.067,-0.0028,331,2,0,2,2,2,2,0,63,0.214,0.144,0,1,0,36824,0,0,7.2,2,1,55,4,1,0,8,5,48672,4
B10094,Vihaan Rao,52,Pune,salaried,2.8,36983,1,1,61000,18,business,0,1,1,0,3.0,0,0,34808,19695,9937,0.075,0.029,0.0448,337,0,0,1,2,2,2,2,91,0.248,0.07,0,1,0,37511,5,4.4,3.6,2,3,34,1,0,0,6,6,90647,1
B10095,Meera Mehta,36,Mumbai,salaried,1.9,32017,4,1,68000,18,personal,0,3,3,2,18.4,0,14,33211,23905,21830,0.044,-0.0147,-0.0806,396,1,0,2,2,2,2,2,58,0.322,0.16,0,1,0,32456,3,4.6,6.4,2,1,80,4,0,0,2,6,0,1
B10096,Kavya Reddy,40,Mumbai,business,6.5,63465,5,1,176000,6,education,0,6,6,1,10.0,0,7,63457,37613,15063,0.059,0.0082,-0.0578,283,1,0,2,2,2,2,2,81,0.405,0.067,0,2,0,65823,5,4.0,1.9,1,3,95,3,0,0,19,4,217733,0
B10097,Krishna Das,21,Ahmedabad,self-employed,3.4,54024,6,3,85000,3,medical,0,5,5,0,2.8,0,0,55928,33125,12908,0.048,-0.0488,-0.0728,369,1,0,2,1,2,2,2,80,0.238,0.04,0,1,0,51878,3,4.2,10.1,4,1,68,4,1,1,19,0,124215,2
B10098,Geeta Sharma,41,Pune,self-employed,5.8,60039,1,3,96000,18,business,0,6,6,2,6.5,0,43,59480,36132,20408,0.053,-0.0324,0.0014,385,1,0,2,2,2,2,2,60,0.141,0.096,0,1,0,51712,3,4.6,10.8,4,1,59,0,0,0,26,3,59133,0
B10099,Krishna Verma,38,Mumbai,business,11.2,75431,2,2,131000,18,business,0,2,2,0,4.8,0,0,71202,42547,20846,0.065,-0.0334,0.1158,265,0,0,2,2,2,2,1,85,0.339,0.111,0,1,0,60836,6,4.4,11.9,1,0,78,0,1,0,28,1,201894,2
B10100,Manoj Rao,37,Surat,self-employed,5.4,51030,5,3,384000,12,medical,0,2,2,3,24.5,0,7,47944,36645,46608,0.044,-0.0057,0.1353,291,0,0,2,0,2,2,2,43,0.445,0.064,0,1,0,45947,3,4.8,9.3,2,0,71,1,1,1,4,3,93900,2
B10101,Rajesh Sharma,55,Kolkata,salaried,1.2,28626,1,0,185000,12,education,0,4,0,5,13.7,3,31,30881,21720,20483,0.158,-0.0167,0.1017,317,2,2,0,0,2,1,0,43,0.418,0.184,0,3,1,42821,0,0,2.2,4,1,99,2,1,1,6,0,34207,1
B10102,Vikram Sharma,30,Delhi,salaried,4.7,48142,6,2,170000,6,personal,0,5,5,0,2.3,0,0,47227,29045,16978,0.054,-0.005,0.0124,259,0,0,2,2,0,1,1,96,0.424,0.104,0,1,0,44887,6,3.9,8.7,1,2,60,3,1,0,6,6,59657,2
B10103,Myra Agarwal,24,Mumbai,self-employed,5.7,43083,4,2,129000,12,home-repair,0,4,4,1,11.6,0,15,44438,31666,36444,0.092,-0.0484,0.2066,347,0,1,2,0,1,1,1,64,0.343,0.085,0,1,0,42627,2,4.6,11.3,0,1,25,2,1,0,3,4,0,4
B10104,Diya Verma,37,Jaipur,salaried,5.1,35843,1,2,108000,12,personal,0,3,3,2,15.9,0,38,33811,27780,30561,0.045,0.0638,-0.094,424,0,0,2,2,1,2,1,69,0.109,0.066,0,1,0,32607,1,3.8,9.8,1,0,51,4,0,0,3,6,0,3
B10105,Kavya Rao,28,Nagpur,self-employed,1.2,14969,2,3,92000,6,education,0,1,0,2,14.3,1,21,15793,10148,12618,0.155,0.1308,-0.0017,325,0,1,1,0,0,2,2,54,0.398,0.215,1,2,0,21511,0,0,2.4,1,0,21,2,0,0,9,4,11684,2
B10106,Amit Rao,56,Delhi,self-employed,4.7,61965,3,4,147000,12,business,0,5,5,1,17.6,0,59,60209,37436,16477,0.079,0.1043,0.0664,357,0,0,2,2,2,2,2,99,0.233,0.035,0,1,0,62890,3,4.1,2.2,0,1,68,2,1,0,21,5,257891,2
B10107,Sanjay Verma,41,Ahmedabad,self-employed,13.6,49573,4,3,159000,12,business,0,5,5,1,19.4,0,19,49963,33983,14760,0.054,-0.012,-0.0294,304,0,0,2,2,2,2,2,95,0.339,0.021,0,1,0,52853,6,4.5,1.5,3,1,84,4,0,0,8,1,151527,2
B10108,Kabir Reddy,47,Delhi,self-employed,0.5,9262,3,4,55000,6,medical,1,0,0,0,3.7,0,0,9530,6456,5708,0.045,0.0546,-0.1284,384,0,1,0,2,2,2,2,56,0.265,0.286,0,4,0,9687,3,4.3,9.8,1,1,93,3,1,0,1,0,13162,0
B10109,Geeta Iyer,35,Delhi,self-employed,2.3,15230,1,4,60000,3,medical,0,2,0,6,23.0,1,15,14466,10162,9207,0.126,0.0887,-0.1269,348,0,3,0,2,1,2,2,69,0.328,0.105,1,1,0,12493,1,4.0,9.2,2,1,37,2,1,1,0,0,52285,1
B10110,Suresh Nair,39,Hyderabad,salaried,4.6,33219,6,1,125000,18,home-repair,0,2,2,2,9.0,0,35,33932,28182,28454,0.05,0.017,-0.042,318,0,0,2,1,2,2,2,58,0.493,0.267,0,1,0,30099,1,5.0,3.3,0,0,82,4,1,1,0,6,49218,5
B10111,Diya Das,34,Bengaluru,business,0.8,26765,3,3,229000,12,education,0,3,0,2,21.1,3,52,25050,15686,19735,0.142,0.0393,0.0053,408,1,1,2,1,2,0,0,63,0.217,0.095,0,2,0,31817,0,0,11.5,0,1,104,0,1,0,4,4,26431,3
B10112,Priya Agarwal,38,Hyderabad,salaried,7.3,45481,4,4,93000,6,education,0,4,4,0,0.0,0,0,45017,28378,13733,0.057,-0.0596,0.1157,369,0,1,2,2,2,2,2,67,0.302,0.116,0,1,2,44767,3,4.7,4.9,3,3,63,3,1,0,30,6,56871,2
B10113,Krishna Pillai,40,Hyderabad,self-employed,5.3,34345,4,1,82000,6,personal,0,6,6,2,9.7,0,9,33881,19062,11604,0.057,-0.0476,-0.0822,318,0,0,2,0,2,2,2,70,0.223,0.026,0,1,0,29741,3,3.5,10.2,3,2,111,4,1,0,18,1,36791,1
B10114,Manoj Mehta,42,Hyderabad,daily-wage,12.8,102250,2,4,364000,6,medical,0,5,5,1,12.1,0,40,94310,57347,27415,0.066,0.1004,-0.0967,332,0,0,2,2,2,2,2,86,0.42,0.109,0,2,1,91083,3,4.7,2.8,4,2,60,1,1,1,16,3,363516,0
B10115,Sunita Reddy,40,Mumbai,business,2.5,34840,6,1,109000,6,medical,0,1,0,4,12.2,0,56,33221,23465,34776,0.043,-0.0054,-0.0766,389,2,0,0,1,2,2,2,60,0.367,0.05,0,1,0,29735,3,4.0,4.5,4,1,34,3,0,0,4,4,26578,1
B10116,Pooja Das,29,Pune,salaried,2.6,37728,5,0,112000,6,personal,0,6,3,5,10.6,2,14,39535,26867,24603,0.036,0.0662,-0.2669,303,0,0,0,1,1,0,1,61,0.307,0.291,1,1,2,37532,3,4.5,9.5,4,1,35,1,1,0,3,2,28286,0
B10117,Sai Chopra,28,Hyderabad,business,2.2,57016,4,1,170000,12,education,0,2,2,1,15.1,0,14,57632,35843,18953,0.065,0.0305,0.0206,373,0,0,2,2,2,1,1,71,0.361,0.023,1,2,1,62085,6,4.7,7.6,2,1,115,3,0,0,11,5,63807,1
B10118,Aarav Khan,25,Mumbai,business,1.5,26605,5,2,101000,12,medical,0,6,3,6,25.9,2,39,25259,17322,20407,0.041,-0.0185,0.0463,346,1,1,0,1,1,0,2,62,0.348,0.125,0,5,1,29991,1,3.9,10.9,4,0,24,2,2,1,9,4,29239,4
B10119,Sara Pillai,19,Delhi,salaried,7.3,42709,2,0,137000,3,medical,0,1,1,1,7.6,0,9,44037,30250,14668,0.042,0.0463,0.0915,345,0,0,2,0,2,2,2,62,0.291,0.027,0,1,0,41370,2,3.5,8.6,2,1,62,2,0,0,17,6,119066,2
B10120,Ravi Iyer,26,Pune,business,2.0,22963,2,2,65000,6,medical,0,1,0,4,29.7,0,28,20508,13192,15554,0.077,0.0811,-0.1499,320,0,0,1,2,2,1,1,64,0.334,0.213,0,3,0,17457,0,0,11.4,0,1,47,4,1,1,6,1,1464,4
B10121,Geeta Nair,44,Hyderabad,self-employed,7.8,55218,5,4,188000,12,medical,0,3,3,2,16.6,0,10,59466,34184,11779,0.043,-0.0135,0.1053,326,0,0,2,1,2,2,2,62,0.385,0.028,0,1,0,64327,6,4.0,5.9,2,0,17,3,1,0,14,3,78981,0
B10122,Vihaan Reddy,39,Lucknow,self-employed,3.1,48815,4,1,180000,12,education,0,5,5,0,1.4,0,0,45839,25332,13434,0.049,-0.1162,0.0471,340,0,0,2,0,1,2,2,75,0.293,0.094,0,2,2,42454,4,4.5,3.8,3,0,101,2,1,1,9,5,75839,2
B10123,Rahul Das,22,Pune,salaried,4.1,61992,5,2,228000,12,education,0,5,5,0,4.8,0,0,63993,42243,20535,0.088,-0.0278,0.0558,257,0,1,2,2,2,2,2,99,0.231,0.091,0,2,0,69651,2,3.9,1.4,2,1,99,3,1,1,35,6,165487,0
B10124,Geeta Iyer,46,Delhi,self-employed,0.4,32486,5,0,193000,12,home-repair,0,1,1,0,0.4,0,0,33590,26681,23604,0.062,0.0637,0.1049,313,1,1,0,1,0,0,2,45,0.373,0.216,0,1,2,34572,1,3.8,8.4,1,1,79,0,1,0,1,0,19288,1
B10125,Sanjay Chopra,40,Bengaluru,daily-wage,6.8,47095,5,3,171000,12,education,0,5,5,1,25.4,0,42,42083,25384,12003,0.051,-0.0602,0.0477,337,0,1,2,2,2,2,2,59,0.226,0.034,0,1,1,44804,2,4.9,8.1,3,3,77,1,1,0,26,4,36326,2
B10126,Geeta Rao,38,Mumbai,daily-wage,1.0,25033,3,0,191000,12,business,1,0,0,0,4.9,0,0,25648,15656,18934,0.054,-0.0151,-0.0424,325,3,2,2,0,0,0,1,61,0.376,0.16,0,3,1,27107,0,0,5.8,3,0,73,1,1,0,1,1,45917,0
B10127,Arun Sharma,23,Mumbai,salaried,5.0,63966,2,3,159000,3,personal,0,2,2,2,28.2,0,32,66024,43619,20049,0.065,-0.0282,0.2125,367,0,0,1,2,2,2,2,58,0.292,0.068,0,1,0,56419,5,4.3,2.3,0,2,49,2,1,0,13,6,143459,0
B10128,Rahul Chopra,36,Mumbai,self-employed,0.6,24737,2,0,162000,6,medical,0,1,1,0,1.7,0,0,24048,19114,13340,0.058,0.002,-0.0094,376,1,1,0,2,0,2,1,48,0.348,0.259,0,1,0,20800,3,3.6,3.3,1,1,69,2,0,0,9,4,90576,2
B10129,Reyansh Pillai,19,Indore,self-employed,2.0,15510,4,0,109000,18,medical,0,1,1,0,2.1,0,0,15211,10983,9702,0.059,-0.1496,0.2073,306,1,1,0,2,0,2,1,68,0.329,0.052,1,1,1,13118,2,3.6,8.9,0,1,117,0,1,0,6,2,35769,0
B10130,Geeta Nair,43,Mumbai,self-employed,2.4,21713,3,2,179000,6,medical,0,1,1,3,13.4,0,58,20586,14064,16966,0.076,-0.0727,-0.1239,333,1,0,2,1,2,2,1,64,0.367,0.266,0,1,0,21269,2,4.5,7.7,3,1,36,1,0,0,6,5,36751,1
B10131,Ishaan Joshi,23,Ahmedabad,daily-wage,2.6,20194,3,1,140000,12,personal,0,1,0,3,14.9,1,47,19317,14338,21210,0.05,-0.0629,-0.1173,305,1,1,2,1,1,1,0,66,0.329,0.178,0,2,1,16248,3,3.9,5.2,1,0,16,1,3,2,5,4,33935,2
B10132,Krishna Pillai,37,Indore,salaried,5.4,52209,6,1,96000,6,home-repair,0,1,1,0,3.3,0,0,50492,34685,14170,0.081,0.0177,0.0655,316,0,0,1,2,1,2,2,81,0.313,0.024,0,1,0,53996,5,4.8,3.4,1,2,62,3,0,0,14,6,0,0
B10133,Sara Joshi,37,Bengaluru,salaried,2.9,41052,5,1,133000,6,business,0,5,5,2,16.6,0,41,41587,28315,36956,0.075,0.0743,-0.0817,402,1,0,2,2,2,2,2,49,0.212,0.17,0,1,2,44452,2,3.7,6.9,0,1,21,2,1,0,6,6,58644,4
B10134,Ishaan Rao,41,Bengaluru,self-employed,3.1,54859,2,1,185000,12,home-repair,0,1,1,0,4.2,0,0,51612,27760,18064,0.041,0.0231,0.1706,367,0,0,1,2,2,1,2,72,0.259,0.059,0,1,0,50284,3,4.4,1.3,1,3,51,4,0,0,15,5,76047,0
B10135,Reyansh Sharma,20,Hyderabad,business,12.1,94627,3,1,221000,6,medical,0,2,2,1,10.6,0,22,93928,59201,27018,0.036,0.0266,-0.0771,318,0,1,2,1,2,2,2,79,0.381,0.057,0,1,0,102193,4,4.9,8.9,1,1,68,3,0,0,18,1,127377,1
B10136,Sanjay Khan,26,Mumbai,self-employed,13.6,57902,1,2,126000,18,education,0,4,4,0,4.6,0,0,56338,32821,12796,0.034,0.0383,0.091,439,0,0,2,2,2,2,2,77,0.088,0.072,0,3,1,52278,3,4.9,10.2,1,3,72,3,1,0,22,3,216977,2
B10137,Myra Pillai,52,Delhi,salaried,5.7,19213,4,1,80000,3,medical,0,1,1,2,17.7,0,5,18370,14007,14806,0.094,0.0587,0.0134,316,2,0,1,2,1,0,0,75,0.317,0.123,1,1,0,18930,0,0,1.7,4,0,90,0,0,0,0,6,72227,4
B10138,Arun Verma,44,Jaipur,salaried,5.7,42552,3,0,179000,12,personal,0,1,0,1,8.7,1,9,41903,29302,24030,0.058,0.0085,0.1084,320,0,1,2,0,1,2,1,35,0.363,0.045,0,1,0,43939,0,0,11.1,4,0,63,3,1,1,5,6,49167,5
B10139,Vikram Das,28,Mumbai,daily-wage,3.5,59939,6,3,211000,12,home-repair,0,4,4,2,8.8,0,6,59787,35755,20060,0.05,0.0217,0.0537,368,0,0,2,2,2,1,2,70,0.252,0.098,1,1,0,59120,6,4.5,8.7,3,3,101,1,0,0,9,1,37702,1
B10140,Arjun Iyer,19,Hyderabad,salaried,10.3,77169,4,3,181000,18,home-repair,0,8,8,0,1.8,0,0,72653,42798,22891,0.065,0.0835,0.0113,293,1,0,2,1,2,2,2,99,0.323,0.038,0,2,1,63783,2,3.7,4.7,4,2,33,4,1,1,7,6,60421,1
B10141,Kabir Nair,31,Jaipur,self-employed,2.7,53576,3,3,165000,12,medical,0,3,3,1,4.5,0,22,53169,30927,19779,0.079,0.0089,-0.0406,334,0,0,2,0,2,2,2,70,0.38,0.042,0,1,0,52814,3,3.9,8.4,4,3,110,2,1,0,18,0,48367,1
B10142,Diya Khan,44,Mumbai,salaried,6.1,46204,4,2,131000,12,home-repair,0,4,4,2,14.9,0,37,42409,27064,13221,0.06,-0.0396,-0.1322,384,0,0,2,0,2,2,2,75,0.251,0.061,0,1,0,40301,4,4.7,7.9,2,3,36,3,1,1,14,6,0,1
B10143,Meera Singh,34,Hyderabad,self-employed,3.1,30843,1,0,277000,12,education,0,2,2,1,7.6,0,39,29373,22480,22591,0.083,0.0025,-0.1816,364,1,1,2,1,0,0,0,69,0.352,0.22,0,2,0,26876,0,0,5.8,0,1,99,0,1,1,7,4,50722,5
B10144,Deepak Mehta,32,Delhi,self-employed,3.2,39472,6,1,129000,18,medical,0,3,3,2,22.0,0,30,40166,24570,11475,0.053,0.0468,0.0172,255,1,0,2,2,2,2,1,57,0.331,0.068,0,1,0,38982,3,4.0,3.5,2,0,82,2,1,1,23,5,0,0
B10145,Pooja Iyer,28,Nagpur,daily-wage,1.6,27555,4,2,104000,12,business,0,1,0,2,18.7,2,18,27275,20749,12679,0.063,-0.0272,-0.2803,367,1,0,2,1,2,1,2,48,0.277,0.094,0,1,0,31238,2,4.4,2.2,1,1,12,4,3,3,1,0,35426,3
B10146,Manoj Verma,41,Bengaluru,salaried,12.2,83250,1,0,317000,6,business,0,5,5,0,3.4,0,0,79604,53798,16940,0.038,0.0685,-0.0615,348,0,0,2,2,2,2,2,78,0.275,0.027,0,2,1,73116,6,4.2,11.7,0,3,86,3,0,0,35,6,189382,2
B10147,Neha Patel,40,Mumbai,business,3.6,42311,2,4,125000,12,home-repair,0,6,6,1,25.4,0,53,41235,25056,13574,0.043,-0.0372,0.0601,299,0,0,2,1,2,2,2,70,0.414,0.098,0,2,1,45093,2,4.4,6.2,1,0,94,3,1,1,19,5,0,0
B10148,Divya Iyer,54,Mumbai,salaried,3.1,35749,3,2,235000,6,home-repair,0,3,3,2,24.0,0,34,36892,25159,25569,0.089,0.043,0.1481,357,2,1,0,2,2,2,2,65,0.437,0.12,0,1,0,38189,0,0,9.8,2,1,39,0,1,0,0,6,125156,3
B10149,Kabir Mehta,40,Chennai,self-employed,4.6,44990,5,1,83000,6,home-repair,0,3,3,2,20.8,0,22,43862,28929,10638,0.059,-0.0045,0.1796,337,0,0,2,2,2,2,1,59,0.178,0.064,0,2,0,47131,5,4.2,10.9,1,2,82,2,0,0,20,4,64313,0
B10150,Myra Reddy,34,Chennai,salaried,2.3,27026,6,1,151000,24,medical,0,3,3,3,16.0,0,37,24938,16691,16015,0.076,-0.0177,-0.0572,345,1,0,2,2,2,2,2,38,0.392,0.084,0,1,0,21984,2,3.7,4.8,3,1,71,0,0,0,8,6,0,4
B10151,Ravi Singh,47,Hyderabad,business,2.8,51169,5,1,329000,12,business,0,2,2,2,6.6,0,14,52087,35138,29368,0.045,0.0544,-0.0558,383,1,0,1,2,1,2,2,56,0.315,0.166,0,2,0,52566,1,4.5,4.3,0,1,28,2,1,0,3,2,106398,0
B10152,Meera Verma,49,Indore,daily-wage,3.1,55283,3,3,141000,12,medical,0,6,6,1,25.8,0,57,56455,35745,13282,0.062,-0.01,0.0609,408,0,0,2,2,1,2,2,78,0.155,0.111,0,1,0,54081,4,3.6,11.1,0,3,103,2,1,1,16,1,0,1
B10153,Nikhil Mishra,37,Bengaluru,self-employed,7.2,52532,4,3,191000,6,home-repair,0,8,8,0,4.2,0,0,53495,30401,14468,0.058,0.0085,-0.0763,347,0,0,2,2,2,2,2,63,0.269,0.042,0,1,0,49801,4,3.5,3.5,1,1,106,3,0,0,6,1,66311,0
B10154,Sanjay Chopra,25,Hyderabad,daily-wage,7.6,72883,1,0,176000,24,business,0,4,4,1,24.9,0,19,72824,42878,25696,0.046,-0.0102,0.0521,405,0,0,2,1,2,2,2,79,0.247,0.042,0,1,0,79856,4,3.8,9.8,4,3,27,4,1,0,35,0,51491,2
B10155,Deepak Khan,39,Nagpur,business,7.9,51698,1,3,141000,3,personal,0,2,2,0,3.2,0,0,49564,30141,12898,0.067,-0.0988,-0.0644,301,2,0,2,2,0,2,2,78,0.277,0.064,0,2,0,44322,5,3.5,1.4,4,0,99,2,1,0,16,1,103376,2
B10156,Sara Chopra,26,Pune,salaried,1.7,24464,6,4,132000,18,personal,0,3,1,3,7.7,2,57,25686,16339,19268,0.032,-0.069,-0.1665,325,0,1,0,0,0,2,1,67,0.249,0.29,1,3,1,17678,1,4.3,8.5,0,0,22,1,1,1,0,1,35431,3
B10157,Ananya Yadav,42,Kochi,self-employed,2.7,34635,5,0,272000,3,business,0,3,1,3,25.5,2,25,35211,23114,27496,0.101,-0.0426,-0.0243,347,3,0,0,2,0,1,0,59,0.37,0.076,0,1,0,47410,0,0,3.5,3,0,21,0,1,1,6,3,55633,5
B10158,Anita Mehta,37,Mumbai,daily-wage,2.3,35459,4,1,165000,24,home-repair,0,2,2,3,27.4,0,8,32302,23007,21592,0.05,-0.0312,0.0016,355,2,0,2,1,1,2,2,71,0.325,0.063,0,1,0,34882,1,4.9,5.3,2,0,51,0,1,1,1,3,39602,3
B10159,Kavya Bose,26,Kolkata,self-employed,1.2,33933,3,4,193000,6,business,0,3,0,4,21.3,2,12,36599,27930,32686,0.095,-0.0052,0.184,297,0,0,0,0,1,1,0,41,0.253,0.047,1,1,1,19591,0,0,4.6,0,1,112,2,1,0,9,2,31603,0
B10160,Krishna Kulkarni,34,Hyderabad,daily-wage,1.8,39483,5,0,231000,12,medical,0,4,4,1,20.1,0,13,43426,31733,21342,0.069,0.1079,-0.0232,378,1,1,1,2,0,2,2,62,0.303,0.166,0,1,1,39955,0,0,8.1,2,1,60,3,1,0,2,5,26640,3
B10161,Ananya Rao,45,Kochi,self-employed,1.2,36178,5,1,270000,12,medical,0,3,2,4,24.9,0,51,35621,24953,17067,0.032,0.0128,-0.1341,289,1,1,2,1,2,2,1,62,0.527,0.195,0,2,0,33724,3,4.4,3.0,2,0,59,4,0,0,1,1,99109,2
B10162,Ishaan Sharma,36,Bengaluru,daily-wage,0.6,16253,4,3,64000,12,medical,0,1,1,0,2.5,0,0,16256,11169,8823,0.065,-0.0312,0.0527,398,0,1,2,0,0,0,2,68,0.249,0.23,0,1,0,14395,2,4.1,10.6,1,1,51,3,0,0,5,1,8940,1
B10163,Reyansh Yadav,30,Jaipur,daily-wage,6.3,75177,4,1,194000,18,education,0,3,3,1,19.8,0,32,70394,38641,26056,0.079,0.0742,0.0891,305,0,0,2,2,2,2,2,96,0.399,0.044,0,1,0,70268,2,4.0,10.7,3,1,79,0,1,1,24,5,215753,1
B10164,Ananya Iyer,43,Chennai,self-employed,1.6,24181,5,1,181000,24,education,0,1,1,0,2.8,0,0,23274,16346,19362,0.034,-0.0255,0.0372,384,1,0,2,0,1,2,2,55,0.304,0.201,0,1,1,23442,0,0,8.1,2,0,107,0,0,0,0,0,0,1
B10165,Myra Chopra,30,Ahmedabad,self-employed,1.6,38528,6,2,224000,3,business,0,5,1,5,24.5,3,43,36889,22169,28506,0.082,0.0939,0.0709,296,1,0,0,2,1,1,2,62,0.348,0.112,1,1,0,30783,0,0,5.9,4,1,34,0,0,0,8,5,96514,1
B10166,Arjun Mishra,49,Hyderabad,daily-wage,3.1,50638,4,3,103000,6,medical,0,5,5,0,1.5,0,0,54442,36232,14414,0.053,0.0142,-0.203,339,0,0,2,2,1,2,2,99,0.257,0.021,0,1,1,52762,6,4.5,4.0,0,3,18,1,0,0,17,3,82975,0
B10167,Suresh Khan,39,Ahmedabad,salaried,2.4,35985,6,1,291000,6,education,0,4,3,2,4.6,1,19,37424,24631,38407,0.075,-0.006,0.0327,409,1,1,2,1,0,2,0,64,0.136,0.197,0,2,0,35007,1,4.7,5.4,3,0,118,4,0,0,5,6,40998,2
B10168,Ishaan Yadav,39,Bengaluru,self-employed,3.0,22933,4,2,82000,12,business,0,5,5,3,21.9,0,59,22192,14757,16765,0.049,0.1416,-0.0279,307,0,2,2,2,1,0,2,52,0.392,0.194,0,4,0,22684,0,0,5.2,3,0,63,4,0,0,2,5,24991,5
B10169,Anita Joshi,32,Chennai,salaried,4.4,24498,5,2,128000,12,education,0,5,4,1,15.6,1,32,23930,15760,18104,0.062,0.0311,0.0639,333,1,1,2,1,0,2,2,55,0.323,0.217,0,1,1,22951,2,4.2,6.6,1,0,25,1,0,0,6,6,32528,3
B10170,Neha Das,29,Mumbai,salaried,6.1,41805,5,4,74000,12,home-repair,0,1,1,1,5.6,0,48,39022,25008,14242,0.059,0.016,0.0877,302,0,0,2,1,2,1,2,51,0.363,0.044,0,1,0,39367,6,3.5,1.7,0,1,95,0,1,1,17,6,97123,1
B10171,Rajesh Bose,36,Hyderabad,self-employed,5.9,22070,1,3,51000,12,medical,0,5,5,2,24.4,0,12,21866,13150,7967,0.063,0.045,-0.1696,372,0,0,1,1,2,2,2,84,0.254,0.045,0,1,0,20453,6,5.0,1.0,1,2,112,3,1,1,11,0,16413,1
B10172,Ananya Patel,38,Mumbai,salaried,4.3,17358,5,3,58000,12,personal,0,6,6,1,7.3,0,10,16790,9869,6247,0.087,0.0665,0.0363,345,0,0,2,2,2,2,2,84,0.339,0.058,0,1,0,17375,4,3.8,8.4,3,2,46,3,1,1,24,6,33829,1
B10173,Aadhya Reddy,29,Delhi,salaried,5.4,50096,5,1,145000,12,personal,0,4,4,0,3.4,0,0,51443,33392,18394,0.054,-0.0031,0.1554,295,0,0,2,2,2,2,2,99,0.217,0.075,0,3,0,45989,3,4.4,1.8,0,2,100,1,0,0,22,6,25976,1
B10174,Kabir Singh,33,Pune,salaried,0.3,21863,1,1,173000,6,home-repair,1,0,0,0,2.3,0,0,21563,15148,19356,0.074,0.1187,0.1476,309,0,0,2,2,2,2,2,53,0.351,0.241,0,1,0,22993,1,3.7,10.9,3,1,64,3,1,1,8,6,16807,3
B10175,Rajesh Iyer,23,Lucknow,daily-wage,2.0,66220,1,3,106000,24,education,0,3,3,1,25.3,0,35,64892,40134,17198,0.042,-0.0142,0.2475,317,0,0,2,2,2,2,2,80,0.253,0.1,0,1,0,58300,3,3.5,1.7,0,2,90,0,0,0,33,1,130583,2
B10176,Ananya Rao,43,Hyderabad,daily-wage,1.6,20300,4,3,87000,6,home-repair,0,1,1,0,3.2,0,0,20308,14748,13420,0.04,0.0307,-0.0105,300,0,1,2,0,2,2,2,20,0.353,0.131,0,1,0,21972,1,4.4,2.8,1,1,76,0,0,0,0,5,30367,0
B10177,Sanjay Patel,42,Mumbai,daily-wage,1.1,28098,1,0,231000,6,personal,0,6,2,4,18.9,3,7,25678,18226,22121,0.166,0.0881,-0.1,291,0,0,1,0,2,0,0,83,0.325,0.222,1,1,0,16077,1,4.6,5.8,0,1,113,1,3,0,3,3,113761,1
B10178,Ira Chopra,19,Ahmedabad,daily-wage,0.9,26740,3,3,185000,12,home-repair,0,1,1,0,3.7,0,0,25677,17336,9155,0.054,0.1148,0.0404,216,0,1,0,1,2,0,2,57,0.163,0.29,0,2,0,25608,3,4.9,7.7,1,1,102,1,1,1,3,5,37053,0
B10179,Krishna Patel,39,Delhi,salaried,1.8,66928,2,1,257000,3,medical,0,1,1,1,17.9,0,54,66865,42176,21213,0.034,-0.0183,-0.103,278,0,0,2,1,2,2,2,73,0.266,0.104,0,1,0,65201,6,3.9,1.9,0,2,31,1,1,0,33,6,19842,2
B10180,Vikram Khan,52,Bengaluru,salaried,7.7,73309,6,0,258000,6,business,0,8,8,1,6.7,0,33,70999,43876,24431,0.053,-0.0699,-0.1264,349,0,0,2,2,2,2,2,99,0.367,0.09,0,4,0,78070,5,5.0,11.7,2,0,65,2,1,0,6,6,179423,1
B10181,Kiran Chopra,33,Delhi,self-employed,1.8,24719,3,2,150000,3,personal,1,0,0,0,2.9,0,0,25067,16444,20740,0.046,-0.0837,-0.1882,402,0,1,2,2,0,2,0,67,0.208,0.021,0,1,0,27509,1,4.2,3.6,3,0,78,3,0,0,3,3,7381,4
B10182,Priya Mishra,40,Hyderabad,business,4.5,35045,4,1,131000,12,business,0,5,4,2,19.1,1,58,36064,23889,26070,0.048,-0.0341,0.1604,336,0,0,1,2,2,2,2,56,0.322,0.153,0,1,0,37588,2,4.5,5.9,2,1,116,2,0,0,2,1,63451,0
B10183,Sneha Chopra,48,Hyderabad,self-employed,0.8,40209,4,1,240000,18,business,0,6,3,6,23.4,2,6,38152,27345,41241,0.128,0.0297,-0.1435,355,0,0,1,1,1,2,2,64,0.313,0.077,0,5,0,52136,3,4.6,3.4,1,0,52,0,2,0,9,3,30509,0
B10184,Kavitha Gupta,39,Chennai,daily-wage,0.1,12402,4,3,81000,12,personal,0,1,1,0,2.7,0,0,12196,8604,14264,0.046,-0.0667,0.0215,256,2,0,1,0,2,2,2,65,0.331,0.138,0,1,0,12937,3,3.7,3.5,1,1,89,4,1,1,1,4,16567,4
B10185,Kavya Verma,35,Kolkata,business,1.6,53313,6,4,203000,18,personal,0,4,4,1,13.8,0,34,50468,27099,13200,0.075,-0.0322,-0.0841,402,0,0,2,2,2,2,0,70,0.27,0.023,0,1,1,43043,2,3.6,2.8,4,0,20,1,1,0,19,4,75762,2
B10186,Deepak Gupta,39,Delhi,salaried,1.8,23621,4,1,128000,24,personal,0,5,5,2,19.0,0,31,22919,15075,9464,0.031,-0.0398,0.2127,319,1,1,2,0,2,2,2,83,0.21,0.038,0,1,0,20540,3,3.9,6.8,4,0,40,2,0,0,4,6,8132,1
B10187,Arun Kulkarni,38,Kolkata,self-employed,3.4,48651,6,0,161000,12,business,0,2,2,2,18.9,0,41,50820,27633,17026,0.054,0.0392,-0.0869,368,0,0,2,2,2,2,2,49,0.319,0.093,0,1,0,46697,4,3.6,8.6,0,2,37,1,0,0,11,4,47610,1
B10188,Vihaan Chopra,26,Kolkata,business,9.5,62084,2,3,107000,12,education,0,6,6,0,1.2,0,0,61758,43535,16867,0.029,0.0524,-0.2906,322,0,0,2,2,2,2,2,90,0.309,0.033,0,1,0,64723,2,4.8,8.0,4,2,23,2,0,0,17,3,244177,1
B10189,Kavya Bose,45,Bengaluru,self-employed,2.1,50858,6,0,92000,12,personal,0,1,1,2,23.4,0,45,50011,27830,16437,0.079,-0.0263,0.0365,288,0,0,2,2,2,1,2,94,0.322,0.116,0,1,0,46140,6,5.0,9.6,2,2,37,4,0,0,7,1,51350,2
B10190,Geeta Joshi,19,Hyderabad,salaried,0.6,20825,6,1,145000,12,medical,1,0,0,0,4.7,0,0,20141,15330,17284,0.042,0.0129,-0.0458,352,2,0,2,2,0,2,1,69,0.175,0.297,0,1,0,20643,3,5.0,1.3,3,0,92,2,0,0,3,6,16835,5
B10191,Sneha Patel,54,Lucknow,daily-wage,1.8,20206,3,4,168000,12,education,1,0,0,0,4.9,0,0,20660,13090,14592,0.034,0.0467,0.0856,314,0,2,2,2,2,0,2,38,0.325,0.035,0,2,0,17884,0,0,1.9,1,1,100,0,0,0,3,0,50910,4
B10192,Reyansh Rao,38,Hyderabad,daily-wage,7.7,21341,3,2,51000,12,medical,0,6,6,1,20.3,0,7,21339,13142,6964,0.049,0.0205,0.1819,378,0,0,1,2,2,1,2,83,0.289,0.088,0,1,0,22980,3,4.6,3.6,4,2,26,3,1,1,9,1,93874,1
B10193,Ira Joshi,42,Mumbai,daily-wage,2.5,46471,3,1,239000,12,personal,0,1,1,1,11.4,0,7,48084,36312,35421,0.037,-0.0789,0.0019,369,0,1,0,2,1,2,1,41,0.201,0.147,0,1,1,52826,1,4.9,6.7,1,0,51,0,1,0,0,1,86187,1
B10194,Manoj Rao,20,Indore,self-employed,7.9,121463,2,4,416000,6,home-repair,0,3,3,0,2.6,0,0,123010,87876,43367,0.071,-0.0267,-0.0392,408,0,0,1,2,2,2,2,95,0.216,0.065,0,1,2,121287,3,3.5,7.8,2,3,96,4,0,0,20,4,323327,1
B10195,Suresh Agarwal,46,Bengaluru,self-employed,3.5,50603,3,2,342000,18,medical,0,1,1,3,4.0,0,40,47465,33895,33434,0.057,-0.0165,-0.0288,354,1,0,2,2,2,2,2,47,0.29,0.155,0,1,0,52085,1,4.1,7.5,1,1,69,2,0,0,8,4,51252,0
B10196,Suresh Singh,48,Mumbai,salaried,1.5,23218,4,0,148000,3,home-repair,0,6,3,4,9.8,2,15,21006,14056,13921,0.097,-0.0302,-0.0057,354,2,0,2,0,2,1,1,76,0.32,0.177,0,3,0,21505,0,0,4.0,1,0,103,4,2,1,1,1,27319,2
B10197,Diya Joshi,25,Delhi,salaried,1.0,24682,3,1,219000,18,medical,0,1,1,0,2.6,0,0,24425,18096,19110,0.046,-0.078,-0.0855,371,1,3,1,2,2,2,0,46,0.328,0.299,0,1,1,24342,1,4.1,10.9,3,1,81,1,0,0,3,6,25854,4
B10198,Reyansh Das,37,Mumbai,business,1.6,30577,2,4,194000,3,personal,0,5,4,2,20.8,1,39,30162,19600,14229,0.065,-0.0398,-0.169,300,0,1,2,2,2,2,1,61,0.397,0.072,0,1,0,30030,1,4.4,7.2,4,0,92,1,0,0,7,5,75286,4
B10199,Vihaan Nair,33,Hyderabad,daily-wage,2.0,27842,3,1,145000,12,education,0,5,5,3,7.2,0,44,28222,19661,19215,0.057,-0.0882,-0.1191,334,0,1,2,0,0,2,2,65,0.365,0.19,0,3,0,27899,3,4.0,3.3,2,1,31,4,1,0,7,0,18785,1
B10200,Pooja Pillai,44,Mumbai,salaried,1.7,13751,1,1,111000,12,personal,1,0,0,0,4.8,0,0,12558,8034,6991,0.074,-0.1015,-0.2412,359,1,2,2,2,2,2,0,39,0.262,0.279,0,3,0,12752,1,3.6,7.3,3,1,48,4,0,0,4,6,23770,5
B10201,Arjun Mehta,39,Chennai,salaried,3.7,27376,1,0,51000,6,business,0,1,1,2,21.3,0,59,27057,19217,10234,0.052,-0.0361,-0.1048,352,0,0,2,2,2,2,2,62,0.251,0.029,0,1,0,27879,3,3.7,4.1,0,2,46,1,0,0,27,6,12651,1
B10202,Rahul Mishra,20,Pune,self-employed,2.4,19916,1,1,178000,6,education,0,5,3,2,15.5,2,42,20471,13568,9209,0.144,0.0111,0.1903,269,2,2,2,0,2,2,0,50,0.377,0.158,1,2,0,29762,1,3.5,7.2,1,1,69,4,2,1,4,3,75159,4
B10203,Priya Mehta,46,Indore,daily-wage,5.2,50171,2,2,284000,18,education,0,4,2,4,6.1,1,37,46254,31896,31269,0.05,0.0592,0.3001,366,0,1,0,0,2,2,2,70,0.334,0.054,0,1,0,44393,0,0,5.5,3,0,28,3,1,0,4,4,82471,2
B10204,Krishna Khan,50,Hyderabad,self-employed,5.6,31939,2,3,122000,18,business,0,5,3,4,5.7,1,50,30670,24607,29500,0.066,0.0277,0.1324,327,2,0,0,0,0,2,2,58,0.299,0.12,0,3,0,32819,3,5.0,5.1,0,0,18,0,1,0,4,2,3376,3
B10205,Sneha Rao,33,Mumbai,daily-wage,11.1,68956,4,4,176000,24,business,0,6,6,1,24.6,0,37,68412,43890,22980,0.044,-0.0624,-0.0129,342,0,0,2,2,2,2,2,86,0.208,0.064,0,1,0,60744,3,5.0,4.9,1,3,41,4,0,0,21,4,289034,0
B10206,Sneha Singh,19,Bengaluru,salaried,14.9,95446,5,0,148000,18,personal,0,6,6,1,19.7,0,8,91926,59116,35316,0.076,-0.0761,-0.0151,315,0,0,2,2,2,2,2,99,0.365,0.033,0,1,0,95888,2,4.3,11.5,0,3,61,4,0,0,14,6,202793,1
B10207,Meera Kulkarni,19,Hyderabad,self-employed,1.6,8000,5,0,33000,12,home-repair,0,2,0,6,22.1,2,35,8064,5026,5238,0.052,0.081,-0.03,386,1,2,1,0,2,0,1,51,0.162,0.125,0,5,0,6397,3,4.1,5.5,2,1,40,0,2,1,4,2,7169,3
B10208,Diya Verma,22,Pune,salaried,12.4,74005,2,4,269000,6,education,0,4,4,1,26.8,0,48,71758,38674,21538,0.07,-0.0365,-0.1651,279,0,1,2,2,1,2,2,80,0.138,0.078,0,1,1,62414,2,4.9,4.0,1,3,97,1,1,0,10,6,204360,0
B10209,Anita Pillai,28,Bengaluru,business,1.8,58189,2,2,140000,6,home-repair,0,5,5,1,29.3,0,39,54500,37040,16030,0.059,-0.012,-0.0734,332,0,0,2,2,2,2,1,54,0.277,0.11,0,1,0,57493,2,4.4,5.3,1,0,39,1,0,0,24,1,48423,1
B10210,Ira Chopra,55,Lucknow,daily-wage,1.5,23172,4,1,110000,12,medical,1,0,0,0,3.6,0,0,21473,16305,18206,0.042,-0.0457,0.1211,330,0,0,0,1,2,0,2,51,0.396,0.255,0,1,0,18814,0,0,10.5,4,1,88,1,1,0,9,4,0,5
B10211,Vihaan Verma,57,Surat,self-employed,3.5,51475,4,3,289000,12,personal,0,4,3,2,18.7,1,59,50145,35922,26643,0.083,0.1412,0.2209,250,2,0,1,1,2,2,2,29,0.456,0.209,0,1,0,46589,0,0,6.0,3,0,12,2,1,1,4,0,141225,2
B10212,Kavya Kulkarni,50,Kochi,salaried,4.0,77127,5,2,115000,12,medical,0,2,2,0,4.9,0,0,78624,49236,26350,0.053,0.0041,-0.0366,290,0,0,2,2,2,2,2,99,0.326,0.105,0,1,1,73878,3,4.1,4.3,0,0,94,4,1,0,34,6,142369,1
B10213,Manoj Rao,50,Pune,self-employed,2.7,55697,3,0,194000,12,business,0,1,1,0,2.7,0,0,55822,38295,16677,0.046,-0.0641,0.0375,305,0,0,2,0,2,2,2,79,0.371,0.036,0,1,0,49927,4,3.5,2.0,4,1,29,2,1,0,8,3,15514,0
B10214,Ananya Singh,40,Hyderabad,daily-wage,4.1,33614,5,0,167000,12,personal,0,4,3,1,21.1,1,22,32609,21729,18382,0.071,0.0129,0.1678,311,1,0,2,2,2,1,1,80,0.141,0.04,0,1,0,33631,3,3.8,3.0,3,1,35,2,1,1,5,1,76265,2
B10215,Kavitha Joshi,35,Hyderabad,salaried,6.2,31927,1,0,91000,24,medical,0,3,3,1,28.2,0,32,31236,21741,11102,0.035,-0.0239,0.0078,280,0,0,2,2,2,2,2,60,0.434,0.038,0,1,0,31913,3,4.0,11.1,2,0,85,0,0,0,11,6,49014,1
B10216,Meera Mishra,25,Indore,daily-wage,3.8,65412,3,0,201000,12,personal,0,6,6,2,21.8,0,19,61324,38486,16562,0.051,0.0166,0.0982,333,0,0,2,2,1,2,2,61,0.4,0.111,0,1,0,63624,5,3.6,1.7,3,0,81,3,1,0,8,3,61511,2
B10217,Anil Das,29,Indore,self-employed,5.2,27744,2,3,67000,6,personal,0,3,3,1,19.1,0,57,27212,16820,5796,0.061,-0.0451,0.0981,300,1,0,2,2,1,2,2,51,0.347,0.021,0,1,2,27323,5,4.0,10.6,4,3,46,4,0,0,11,5,50283,2
B10218,Diya Sharma,42,Hyderabad,salaried,0.9,27970,1,1,191000,3,education,0,1,1,0,4.4,0,0,27993,18412,16072,0.085,-0.0498,-0.0516,308,0,0,0,0,2,0,0,60,0.39,0.19,0,3,0,30646,1,4.7,4.0,2,0,82,4,0,0,7,6,25447,3
B10219,Rohan Sharma,22,Delhi,self-employed,2.5,28763,3,1,78000,6,business,0,3,3,0,1.4,0,0,30500,22289,7890,0.03,0.0194,0.0396,346,0,1,2,2,1,2,2,59,0.36,0.042,0,1,0,30585,6,3.6,8.5,0,3,44,4,0,0,23,4,57332,0
B10220,Geeta Chopra,31,Mumbai,daily-wage,5.7,38592,6,3,316000,24,education,0,4,3,4,5.5,0,27,39942,29580,29245,0.044,-0.0333,-0.0106,292,2,0,2,0,2,2,1,57,0.256,0.258,0,3,0,40733,3,4.9,7.5,4,0,91,3,0,0,7,5,68296,0
B10221,Rohan Mehta,43,Kolkata,daily-wage,2.4,15337,1,3,55000,6,business,0,4,3,2,21.3,1,25,14384,11064,13659,0.065,0.1212,0.1188,397,0,0,0,2,2,2,2,57,0.282,0.255,0,3,0,13421,2,3.8,5.4,1,1,96,2,1,1,3,3,16573,1
B10222,Myra Yadav,29,Delhi,self-employed,7.6,10280,1,0,39000,12,home-repair,0,3,3,0,5.0,0,0,10608,6986,2415,0.065,0.0429,-0.0705,346,0,0,2,2,1,2,2,82,0.264,0.113,0,1,0,11324,4,4.8,10.0,1,3,61,1,1,1,26,3,37310,0
B10223,Sai Rao,43,Indore,salaried,5.6,18189,4,0,39000,6,business,0,3,3,3,21.1,0,7,16871,12124,11885,0.076,0.0037,-0.088,314,1,0,0,2,2,2,1,60,0.312,0.189,0,1,1,18110,1,4.7,3.5,1,1,58,4,1,0,4,6,46724,0
B10224,Ishaan Mehta,52,Ahmedabad,business,2.8,39876,1,3,72000,6,medical,0,1,1,0,0.1,0,0,42766,26760,12198,0.055,0.0318,-0.0333,347,0,0,2,2,1,2,1,62,0.294,0.082,0,1,0,45130,5,3.9,10.9,3,1,19,0,0,0,17,3,69651,1
B10225,Sunita Mehta,30,Mumbai,daily-wage,0.4,16190,1,4,107000,12,medical,0,1,1,0,0.9,0,0,15398,12498,10392,0.033,0.0291,-0.0402,293,0,1,2,0,1,2,0,66,0.338,0.18,0,1,1,16710,3,4.2,7.2,3,1,15,4,1,0,0,3,26850,3
B10226,Kavitha Joshi,34,Indore,self-employed,5.8,32864,2,4,212000,6,home-repair,0,5,4,4,14.9,0,18,33035,20634,21773,0.086,0.0869,0.1295,400,1,0,0,2,1,2,2,56,0.272,0.029,0,1,0,35165,3,3.8,7.5,3,1,73,4,0,0,4,0,31414,5
B10227,Rohan Mishra,28,Mumbai,salaried,4.3,89613,1,3,285000,12,business,0,6,6,0,2.3,0,0,91653,58328,28300,0.059,-0.007,0.0434,410,0,0,2,2,2,2,2,73,0.195,0.114,0,1,0,88835,6,4.4,11.3,0,1,29,0,1,0,7,6,327630,0
B10228,Arjun Rao,24,Bengaluru,self-employed,10.0,51975,6,2,79000,6,home-repair,0,8,8,0,0.2,0,0,51370,30395,17911,0.067,0.0673,-0.0476,382,0,0,2,1,2,2,2,97,0.177,0.106,0,1,0,45407,5,3.8,2.2,2,1,83,4,1,1,29,4,220697,0
B10229,Arjun Reddy,33,Lucknow,self-employed,5.7,43091,5,2,93000,24,medical,0,4,4,1,27.1,0,8,40083,23897,13862,0.061,-0.0112,-0.024,275,1,0,2,2,2,2,2,75,0.428,0.037,0,1,0,41570,3,4.9,9.1,4,2,100,1,0,0,12,5,21678,0
B10230,Geeta Reddy,50,Mumbai,salaried,2.9,31123,3,0,163000,18,personal,0,4,2,4,10.7,1,53,30385,20468,37341,0.05,-0.0571,0.0245,292,0,0,1,2,2,0,2,44,0.285,0.117,0,1,1,27618,0,0,8.4,0,1,104,3,1,0,7,6,47118,1
B10231,Krishna Reddy,39,Lucknow,business,3.5,42878,5,1,162000,6,education,0,2,2,2,16.8,0,26,39222,28306,31149,0.071,-0.0143,0.1635,367,1,0,2,2,2,0,2,52,0.375,0.187,0,1,0,42631,3,4.2,9.7,1,1,73,0,1,0,8,2,29458,4
B10232,Vikram Pillai,42,Lucknow,daily-wage,3.1,40920,3,3,248000,6,business,0,1,1,2,12.2,0,41,41336,30208,24780,0.04,0.0433,-0.0569,295,2,0,0,2,2,0,2,78,0.308,0.111,0,1,0,36270,2,4.6,10.2,0,0,97,1,1,1,6,3,52785,1
B10233,Anil Khan,29,Kolkata,self-employed,2.2,34122,4,3,238000,12,business,0,2,0,4,8.7,3,38,31428,21550,29170,0.061,0.0409,0.0367,347,1,1,2,2,2,1,2,66,0.243,0.247,1,5,1,17173,0,0,11.3,4,0,111,4,1,0,0,3,58059,4
B10234,Vihaan Reddy,41,Chennai,self-employed,2.4,51445,6,3,284000,12,home-repair,0,2,0,3,14.6,2,46,52295,41887,25948,0.146,0.1262,-0.142,319,1,0,2,0,1,0,0,55,0.335,0.151,0,2,0,58631,0,0,4.9,4,1,74,4,1,1,3,3,149508,1
B10235,Sai Sharma,24,Mumbai,self-employed,2.5,49940,5,1,252000,12,education,0,5,5,2,9.8,0,20,51032,34703,38093,0.083,-0.021,-0.0112,413,0,0,2,0,2,2,2,57,0.213,0.206,0,1,0,51095,1,3.7,10.8,0,0,55,3,0,0,4,4,66742,4
B10236,Anil Rao,56,Hyderabad,salaried,1.3,22056,4,2,91000,18,home-repair,1,0,0,0,1.6,0,0,22028,17080,23486,0.05,-0.1074,0.0986,278,0,0,0,2,2,2,2,56,0.371,0.23,0,3,0,19346,1,3.9,4.3,2,0,76,0,1,1,2,6,21872,2
B10237,Vikram Mishra,36,Kochi,self-employed,8.2,66167,3,4,169000,6,business,0,5,5,0,1.6,0,0,59848,36044,17894,0.068,-0.0669,-0.0918,359,1,0,2,2,2,1,2,79,0.263,0.093,0,1,0,60484,4,4.3,2.9,4,2,30,2,0,0,9,0,222192,2
B10238,Amit Nair,29,Hyderabad,salaried,4.5,36365,4,3,74000,18,medical,0,3,3,1,10.0,0,25,35941,21380,7631,0.045,-0.0145,0.0321,391,0,0,2,1,2,2,2,77,0.27,0.053,0,3,0,33297,5,4.7,9.6,0,0,67,0,1,1,26,6,79514,0
B10239,Deepak Das,27,Indore,daily-wage,0.7,21368,3,2,98000,18,medical,0,4,1,3,19.7,3,19,20394,13445,21235,0.144,0.0427,0.0845,381,0,0,0,2,1,2,0,60,0.245,0.144,0,3,0,13122,0,0,10.0,2,0,81,3,0,0,0,2,19845,4
B10240,Ishaan Pillai,36,Surat,daily-wage,2.2,37932,6,0,106000,6,education,0,2,2,2,9.7,0,6,35900,21878,15860,0.086,0.1016,-0.0423,376,0,0,2,2,2,2,2,72,0.148,0.116,0,2,2,30609,4,3.7,10.5,2,0,38,3,0,0,26,2,95712,2
B10241,Kavya Iyer,40,Pune,self-employed,13.9,84357,1,1,156000,12,business,0,7,7,1,9.3,0,46,85108,59451,26964,0.04,-0.011,0.0314,315,0,0,2,2,2,2,1,83,0.288,0.045,0,2,0,80379,2,4.8,7.9,3,2,80,1,1,1,18,2,351393,0
B10242,Sunita Yadav,37,Pune,salaried,2.4,54157,1,2,116000,6,personal,0,5,5,0,1.3,0,0,55058,32354,19967,0.032,-0.0425,-0.005,311,0,0,1,0,2,2,1,80,0.225,0.024,0,1,0,57338,6,4.9,6.6,1,3,59,2,0,0,12,6,0,1
B10243,Sai Mishra,56,Bengaluru,self-employed,10.6,52699,1,1,95000,3,medical,0,5,5,0,0.9,0,0,55760,29310,13742,0.088,0.0586,-0.0314,325,0,0,2,2,1,2,2,61,0.326,0.099,0,1,1,59133,3,3.8,2.1,4,0,15,2,1,1,8,3,274984,0
B10244,Vihaan Chopra,51,Mumbai,salaried,12.5,61676,3,2,148000,12,home-repair,0,5,5,1,22.8,0,8,55133,33973,18217,0.057,0.0412,0.0662,267,0,0,1,2,2,2,2,99,0.481,0.096,0,2,1,58235,3,4.0,2.0,3,0,27,1,0,0,28,6,241658,0
B10245,Meera Verma,37,Chennai,salaried,1.5,41133,5,1,168000,12,business,0,2,1,4,20.9,0,38,40308,30810,45522,0.05,0.0573,0.1206,299,2,0,2,2,2,2,2,53,0.227,0.034,0,2,0,37293,1,4.1,11.6,1,0,96,1,1,1,5,6,42216,2
B10246,Priya Yadav,35,Kolkata,salaried,1.9,52642,1,0,143000,24,business,0,2,2,0,3.7,0,0,49659,31102,16568,0.075,-0.0354,0.006,320,0,0,2,2,2,2,2,49,0.37,0.105,0,1,2,43230,5,3.9,1.6,4,2,85,1,1,0,32,6,35949,2
B10247,Divya Iyer,26,Delhi,self-employed,4.8,31730,1,0,251000,3,medical,0,3,2,2,8.9,1,19,31179,19931,19303,0.053,-0.0684,-0.0158,391,1,1,2,0,2,0,2,72,0.252,0.147,1,1,0,29187,1,4.3,4.7,4,0,86,0,0,0,3,0,99895,2
B10248,Reyansh Bose,40,Hyderabad,self-employed,4.5,45746,4,3,153000,6,business,0,1,1,0,3.6,0,0,50076,32137,14937,0.038,0.0437,0.0971,285,0,0,2,2,2,1,2,86,0.473,0.052,0,1,1,44607,3,4.1,11.9,4,3,103,3,1,1,34,1,54601,1
B10249,Aadhya Patel,32,Mumbai,salaried,0.1,30643,2,2,69000,24,personal,1,0,0,0,1.8,0,0,30042,22666,23258,0.067,0.0104,-0.1749,272,2,1,0,2,2,2,1,52,0.315,0.07,0,1,0,29312,3,4.3,11.9,3,1,105,0,1,0,8,6,97469,0
B10250,Sai Mehta,43,Mumbai,self-employed,0.6,36702,4,0,316000,12,personal,0,1,1,0,0.0,0,0,38470,23214,25042,0.05,0.0538,0.0988,316,1,0,0,2,1,2,0,43,0.331,0.278,0,1,2,41041,2,3.8,6.8,0,0,63,1,1,0,4,3,53340,4
B10251,Rohan Bose,19,Pune,business,1.6,33692,5,1,114000,6,business,0,2,1,4,16.8,0,11,35434,19446,35814,0.049,0.0057,-0.0934,273,0,1,2,2,0,0,1,84,0.372,0.035,0,1,0,30911,1,4.1,1.0,0,0,33,0,1,0,2,1,10526,5
B10252,Ananya Verma,36,Kochi,business,5.4,46690,3,0,96000,3,medical,0,1,1,0,1.6,0,0,45606,29233,14270,0.056,0.0081,-0.036,356,0,0,2,2,2,2,2,66,0.357,0.114,1,1,0,43057,3,3.8,5.2,1,2,96,3,1,1,18,3,86424,1
B10253,Deepak Bose,26,Ahmedabad,daily-wage,1.0,23707,2,3,167000,6,education,1,0,0,0,2.4,0,0,24556,17429,20688,0.063,-0.0113,-0.1129,313,1,0,1,2,2,0,2,44,0.326,0.271,0,2,0,21193,3,4.4,3.6,0,1,96,1,1,0,3,0,27780,5
B10254,Reyansh Yadav,44,Jaipur,self-employed,2.3,32622,4,0,168000,12,home-repair,0,1,1,3,21.1,0,22,32091,20849,22444,0.045,-0.0898,0.1613,376,2,0,2,2,2,0,0,59,0.268,0.246,0,3,0,31967,0,0,2.1,2,0,85,2,1,0,0,4,38011,0
B10255,Diya Verma,39,Kolkata,daily-wage,3.4,20283,5,0,72000,6,medical,0,2,2,0,0.9,0,0,18567,12717,6288,0.034,-0.0156,-0.0662,347,0,0,2,2,2,2,2,83,0.308,0.05,0,1,0,18349,6,4.1,6.0,0,3,44,0,1,1,35,3,59979,0
B10256,Diya Patel,44,Kochi,business,5.7,49842,1,3,303000,6,business,0,2,2,1,18.1,0,55,45944,31716,33231,0.053,0.0281,0.0751,373,0,1,2,1,2,0,1,58,0.255,0.036,0,2,0,49156,1,4.9,2.3,1,1,55,0,1,1,3,2,38108,2
B10257,Manoj Chopra,22,Ahmedabad,self-employed,5.2,83039,2,1,145000,6,education,0,5,5,0,3.5,0,0,81927,47070,20639,0.08,-0.0412,0.0468,334,1,0,2,2,2,2,2,83,0.379,0.045,0,4,0,83820,3,4.6,3.8,2,0,75,0,1,1,20,3,222508,1
B10258,Neha Verma,31,Lucknow,daily-wage,0.5,30286,5,2,72000,12,home-repair,0,4,0,6,11.5,3,28,29744,22143,29260,0.12,0.1396,-0.0736,288,2,0,2,0,2,0,2,62,0.175,0.278,1,2,0,19706,0,0,9.7,4,1,54,3,0,0,4,0,21482,2
B10259,Anil Gupta,43,Mumbai,salaried,3.9,52720,3,4,111000,18,home-repair,0,7,7,0,2.9,0,0,49823,26070,15972,0.058,0.005,0.2044,417,1,0,2,2,2,2,2,86,0.298,0.034,0,1,0,47771,4,3.7,9.2,3,1,62,3,1,1,34,6,180971,0
B10260,Rahul Nair,49,Pune,daily-wage,0.2,12037,2,3,31000,18,home-repair,0,1,1,0,0.1,0,0,11437,7648,8451,0.063,0.1019,-0.2676,349,2,1,2,2,0,2,0,63,0.355,0.11,0,1,0,10518,1,4.2,1.9,3,0,44,3,0,0,2,4,25101,4
B10261,Kiran Gupta,36,Nagpur,salaried,8.0,40351,3,1,136000,12,personal,0,5,5,1,7.4,0,53,39434,23622,11685,0.029,-0.0648,0.017,357,0,0,2,2,2,2,2,98,0.308,0.048,0,1,0,39184,6,4.5,5.7,1,2,85,0,1,1,28,6,91364,2
B10262,Aadhya Patel,55,Ahmedabad,self-employed,2.5,31484,5,2,216000,3,home-repair,0,6,2,4,7.6,3,50,31842,23312,38388,0.112,0.1029,0.0381,343,0,1,0,2,0,0,2,53,0.245,0.086,0,3,0,46288,2,4.0,11.9,4,0,24,2,3,3,0,3,1055,4
B10263,Arun Kulkarni,48,Indore,salaried,5.1,44650,5,1,94000,3,business,0,5,5,2,24.2,0,41,47865,29198,13766,0.056,0.0659,0.0832,328,1,0,2,2,2,2,1,76,0.375,0.035,0,3,0,42592,4,4.7,10.3,2,0,83,0,1,0,21,6,49584,2
B10264,Anita Yadav,47,Pune,self-employed,2.2,51809,3,2,138000,6,personal,0,5,5,1,26.3,0,14,53214,30315,15949,0.052,0.0077,0.1078,312,0,1,2,2,2,2,1,87,0.396,0.065,0,2,0,53866,4,3.7,9.4,2,0,50,1,1,1,21,0,87845,2
B10265,Priya Iyer,46,Mumbai,daily-wage,1.1,16026,3,1,73000,24,education,0,1,1,0,1.2,0,0,16834,10758,12522,0.049,-0.0565,0.0013,375,2,0,1,2,0,1,0,50,0.172,0.226,0,1,0,17471,3,4.2,3.1,3,0,44,1,1,0,0,2,15905,4
B10266,Aarav Yadav,31,Mumbai,salaried,0.0,23927,5,3,164000,24,business,0,1,0,4,5.3,2,58,23899,15378,14923,0.119,0.0371,0.1091,415,1,1,0,1,0,0,0,42,0.162,0.283,0,3,0,14939,0,0,8.1,2,1,69,0,0,0,6,1,16705,5
B10267,Myra Nair,41,Ahmedabad,daily-wage,4.2,34212,1,4,130000,12,medical,0,3,3,1,24.7,0,21,29782,21093,23026,0.033,-0.0763,0.0058,378,1,1,2,0,2,2,2,85,0.26,0.214,0,1,0,31902,0,0,9.7,0,1,21,1,0,0,0,2,34464,3
B10268,Geeta Rao,28,Mumbai,business,2.1,57485,4,0,142000,6,home-repair,0,4,4,1,11.1,0,49,56109,34839,19531,0.06,0.0118,0.0637,271,0,0,2,2,2,2,1,58,0.483,0.041,0,1,0,57642,3,3.8,11.3,4,3,44,0,0,0,20,4,128509,2
B10269,Aarav Gupta,51,Jaipur,self-employed,5.9,45510,4,4,349000,6,personal,0,2,2,1,21.7,0,55,40995,25713,36820,0.027,0.0904,0.1345,344,1,0,2,2,1,1,0,66,0.33,0.217,0,3,0,37389,0,0,2.5,3,0,91,2,0,0,3,4,89003,3
B10270,Kavya Reddy,27,Mumbai,salaried,11.8,86692,1,3,223000,18,home-repair,0,7,7,0,3.2,0,0,80036,49950,20824,0.063,-0.0398,-0.2028,385,0,0,2,2,1,2,2,81,0.261,0.022,0,2,0,70519,4,4.4,6.8,2,2,94,3,1,0,32,6,351505,2
B10271,Ravi Agarwal,30,Jaipur,salaried,3.1,40011,5,0,205000,12,education,0,2,2,3,4.8,0,5,37419,23980,38289,0.074,0.0692,-0.1619,311,1,0,2,2,1,1,0,48,0.382,0.228,0,2,0,35873,3,4.0,10.7,4,0,33,2,1,1,6,6,10601,4
B10272,Sai Yadav,51,Jaipur,business,0.3,27283,3,3,90000,3,medical,0,3,2,3,24.9,1,10,26856,19299,16040,0.097,0.0016,-0.0581,404,1,1,2,0,2,2,1,55,0.137,0.205,0,2,1,21402,0,0,9.8,3,1,100,0,2,1,6,1,50899,3
B10273,Sara Iyer,40,Mumbai,business,12.5,72659,5,1,142000,18,business,0,3,3,0,3.4,0,0,70084,45820,13601,0.06,0.0315,-0.2345,362,0,0,2,2,1,2,2,99,0.206,0.06,0,1,0,63866,5,4.8,9.8,3,0,42,3,1,1,23,5,335937,2
B10274,Manoj Patel,30,Hyderabad,salaried,1.2,8000,6,1,57000,18,medical,0,1,1,0,0.2,0,0,7946,5148,5240,0.072,-0.0529,0.1998,312,2,0,2,2,0,1,2,53,0.374,0.038,0,1,0,8137,1,3.8,6.8,4,1,18,4,1,0,3,6,0,0
B10275,Anil Sharma,19,Hyderabad,daily-wage,7.8,51779,5,1,119000,12,education,0,4,4,0,3.8,0,0,51216,29206,18982,0.072,0.0256,-0.0783,265,0,1,2,2,2,2,2,84,0.349,0.061,0,1,0,48110,4,4.8,3.9,4,3,112,0,0,0,12,3,120307,2
B10276,Vihaan Yadav,19,Bengaluru,salaried,4.1,42392,2,2,136000,18,medical,0,3,2,2,17.3,1,27,42870,25874,30628,0.055,0.0229,-0.1151,437,0,1,2,0,2,2,0,43,0.142,0.059,0,1,0,42318,2,3.9,8.2,0,0,116,2,0,0,5,6,20694,4
B10277,Arun Sharma,25,Delhi,self-employed,2.8,39084,2,1,280000,24,home-repair,0,3,3,1,5.7,0,54,38088,25677,29760,0.042,-0.0048,0.1932,298,2,2,1,0,1,2,2,70,0.279,0.251,0,1,0,40814,0,0,11.3,1,0,26,1,0,0,1,4,101732,4
B10278,Arun Reddy,33,Hyderabad,self-employed,1.9,66292,2,3,195000,12,personal,0,5,5,1,25.1,0,59,65729,41816,21469,0.033,-0.0175,0.0044,317,1,0,2,2,2,2,2,51,0.325,0.113,0,1,0,57509,2,4.3,2.5,0,3,12,3,1,0,32,0,44407,1
B10279,Nikhil Yadav,30,Delhi,business,5.8,39596,5,0,150000,6,medical,0,4,4,2,11.9,0,54,39487,27206,13702,0.065,-0.0639,0.0579,395,0,0,1,2,2,2,2,76,0.2,0.043,0,1,0,35068,5,4.3,5.9,2,3,100,4,0,0,23,3,38622,1
B10280,Anil Patel,40,Bengaluru,self-employed,0.8,12106,4,0,43000,18,education,0,4,1,6,4.6,2,46,11701,8284,10020,0.148,0.051,0.1505,369,0,2,0,0,0,2,2,50,0.292,0.128,0,1,0,9263,0,0,4.8,4,1,70,0,3,2,7,4,16248,0
B10281,Reyansh Kulkarni,25,Chennai,daily-wage,5.5,42154,2,2,225000,12,personal,0,1,1,2,11.8,0,20,41013,28494,47233,0.057,0.0392,0.0008,278,0,1,2,2,0,2,1,61,0.365,0.082,0,1,0,42028,1,4.6,11.7,4,0,108,3,1,0,0,3,31391,4
B10282,Deepak Pillai,41,Delhi,daily-wage,1.9,46209,4,4,104000,18,education,0,3,3,1,27.6,0,28,42578,28581,12620,0.065,0.0473,0.1464,337,0,0,2,2,2,1,2,85,0.355,0.043,0,1,0,38759,2,4.1,6.3,4,1,28,0,0,0,26,4,55709,1
B10283,Ishaan Kulkarni,32,Hyderabad,salaried,8.3,61225,1,2,99000,12,medical,0,7,7,1,15.0,0,33,56572,30229,19470,0.054,-0.0317,-0.0377,275,1,0,2,2,2,2,2,99,0.363,0.085,0,3,0,52827,4,4.9,2.5,2,0,22,1,0,0,18,6,167066,0
B10284,Neha Khan,46,Lucknow,salaried,11.9,73066,4,3,134000,3,medical,0,3,3,0,0.7,0,0,74205,39394,20368,0.053,-0.0367,0.0786,322,0,1,2,2,2,2,2,78,0.327,0.065,0,1,1,71186,3,3.9,7.3,2,1,79,1,1,1,31,6,184884,0
B10285,Lakshmi Patel,36,Mumbai,business,7.2,33113,1,3,84000,6,medical,0,5,5,0,3.1,0,0,33517,20425,11340,0.043,0.0002,-0.059,358,0,0,2,0,2,2,2,62,0.302,0.045,0,1,0,34766,6,3.7,7.2,4,1,78,4,0,0,8,1,55441,2
B10286,Vihaan Iyer,42,Pune,salaried,1.7,38951,4,1,335000,6,home-repair,0,1,0,4,24.2,0,47,39901,29788,24066,0.037,0.0077,0.0933,379,2,1,2,0,2,2,1,50,0.27,0.194,0,1,0,38506,1,3.8,3.4,0,0,23,3,0,0,3,6,68416,4
B10287,Krishna Mishra,36,Delhi,daily-wage,5.6,63159,1,1,127000,12,home-repair,0,7,7,1,25.7,0,41,59733,39442,21184,0.08,0.0596,-0.0186,302,0,0,2,2,2,2,2,80,0.434,0.12,0,1,0,64036,5,4.3,8.4,3,0,34,4,1,0,8,3,259974,0
B10288,Kavitha Bose,52,Surat,salaried,3.3,26760,2,0,70000,3,business,0,1,0,2,17.5,1,49,25719,17245,20885,0.076,0.0067,-0.0091,482,2,1,2,2,2,1,2,65,0.156,0.227,0,1,0,26079,2,4.2,9.9,3,1,68,2,1,1,6,6,31938,4
B10289,Suresh Nair,33,Pune,daily-wage,2.8,17566,4,4,53000,24,education,0,2,0,4,24.2,2,21,15811,11503,14562,0.094,0.134,-0.1698,361,1,0,1,2,1,0,2,59,0.255,0.175,1,2,0,11532,2,4.2,10.5,4,0,50,4,2,0,0,0,11032,0
B10290,Divya Bose,39,Delhi,daily-wage,1.7,24365,5,0,213000,24,business,0,1,1,0,1.0,0,0,23923,17494,18307,0.055,-0.1135,0.0231,416,2,0,2,2,2,1,1,66,0.209,0.295,0,2,0,22394,1,4.2,7.4,0,0,22,4,1,1,9,1,31678,5
B10291,Ishaan Kulkarni,29,Bengaluru,self-employed,6.0,56593,5,2,211000,3,education,0,1,1,2,23.7,0,15,55288,32720,14746,0.053,-0.0464,0.0795,232,0,0,2,1,2,1,2,70,0.269,0.11,0,1,0,57277,2,3.9,6.0,1,2,23,2,1,0,34,3,103295,2
B10292,Krishna Bose,19,Mumbai,salaried,7.4,75208,1,0,152000,12,home-repair,0,2,2,0,5.0,0,0,73117,42725,19942,0.049,-0.0172,0.0314,294,0,1,2,2,2,2,2,75,0.265,0.098,0,1,0,67671,5,3.6,7.4,0,1,81,1,1,0,20,6,179886,1
B10293,Anil Gupta,29,Bengaluru,salaried,2.7,26495,3,1,164000,3,education,0,3,2,4,23.2,0,24,27358,19380,16561,0.043,-0.0233,0.1866,354,0,1,2,2,1,2,2,54,0.327,0.134,0,2,0,26998,1,3.9,8.4,3,1,79,3,0,0,6,6,9601,3
B10294,Manoj Bose,32,Lucknow,salaried,10.6,83233,4,3,170000,12,personal,0,7,7,1,20.8,0,25,77664,46077,23250,0.042,0.0265,0.1311,357,0,0,2,1,2,2,2,79,0.203,0.107,0,2,0,74384,3,4.2,11.9,2,2,35,1,1,1,26,6,279997,1
B10295,Sneha Kulkarni,30,Jaipur,self-employed,6.1,48233,1,3,147000,6,education,0,1,1,0,1.5,0,0,50428,31679,17696,0.063,-0.0318,-0.1447,349,1,0,2,2,2,2,1,75,0.276,0.09,0,1,0,49416,6,4.3,2.0,3,1,95,1,1,0,26,4,76055,2
B10296,Lakshmi Chopra,37,Lucknow,daily-wage,4.9,51487,6,0,204000,18,business,0,2,2,0,0.6,0,0,54944,35812,17657,0.066,0.0194,-0.1313,344,1,0,2,2,2,2,2,89,0.329,0.057,0,4,1,59484,2,3.7,4.6,3,0,63,4,0,0,12,4,0,2
B10297,Priya Joshi,34,Mumbai,self-employed,13.7,89054,2,1,319000,6,personal,0,4,4,0,3.4,0,0,89341,55933,20355,0.068,0.0032,0.0771,367,0,0,2,2,2,2,2,91,0.328,0.024,0,1,2,86582,6,3.8,3.1,2,0,75,3,1,1,27,4,354557,1
B10298,Sai Reddy,24,Mumbai,daily-wage,6.1,56405,6,2,160000,6,education,0,3,3,2,5.1,0,42,56600,34852,14558,0.05,0.0883,-0.1076,370,2,1,2,2,2,2,2,52,0.331,0.032,0,1,0,58802,5,4.5,11.1,1,0,96,0,0,0,33,1,93274,0
B10299,Geeta Yadav,19,Nagpur,salaried,4.3,36464,5,1,254000,12,personal,0,4,3,4,20.1,0,56,35735,25326,27862,0.031,0.0129,0.0295,332,0,2,2,2,2,2,2,54,0.236,0.112,0,1,0,38485,1,4.1,1.3,0,0,55,4,0,0,8,6,29875,2
B10300,Geeta Chopra,39,Mumbai,salaried,3.3,58459,2,0,143000,24,home-repair,0,4,4,1,18.8,0,50,62233,36619,16682,0.1,0.0596,-0.2525,355,0,0,2,1,2,2,1,73,0.346,0.093,0,1,0,62933,3,4.1,8.8,1,0,21,0,0,0,23,6,89312,2
B10301,Lakshmi Mishra,39,Jaipur,daily-wage,1.9,26985,4,3,220000,12,business,0,2,2,3,11.2,0,23,24400,19296,20535,0.062,0.1128,0.2983,355,0,1,2,2,2,2,2,24,0.22,0.184,0,1,0,21317,1,4.2,5.5,2,0,93,0,1,1,4,5,30576,0
B10302,Deepak Singh,40,Pune,business,1.3,39897,1,0,283000,6,business,0,1,1,0,0.1,0,0,39652,24748,36801,0.039,0.0074,-0.0196,389,1,1,0,2,2,2,0,63,0.186,0.27,0,1,0,38074,1,4.4,11.5,1,1,105,2,0,0,0,0,39703,2
B10303,Rahul Joshi,39,Kolkata,salaried,5.7,42250,2,2,153000,3,business,0,5,4,4,16.0,0,7,37298,25769,22829,0.049,-0.066,-0.0513,330,0,0,0,1,2,2,1,37,0.319,0.2,0,1,0,32562,2,4.9,8.5,3,1,17,3,1,0,3,6,53100,2
B10304,Aarav Mehta,57,Chennai,self-employed,5.6,18514,5,0,138000,12,business,0,5,5,2,26.7,0,32,19756,13556,13199,0.039,0.003,-0.1231,460,0,2,2,1,2,2,2,69,0.089,0.075,0,4,0,17045,1,4.4,8.7,3,0,110,3,0,0,2,2,51880,5
B10305,Kiran Yadav,41,Kolkata,salaried,14.9,77297,2,1,134000,6,business,0,2,2,0,4.8,0,0,70780,39978,26188,0.062,0.0591,-0.0362,398,0,0,2,2,1,2,2,76,0.219,0.028,0,3,0,65899,4,4.0,8.5,3,0,111,3,0,0,11,6,159073,0
B10306,Nikhil Patel,38,Bengaluru,self-employed,2.9,31949,1,2,232000,3,medical,0,6,4,3,10.7,2,10,32124,21857,26064,0.076,0.0562,0.2193,372,1,0,2,1,0,0,2,61,0.25,0.088,1,1,0,35587,1,4.7,3.6,1,1,26,2,2,1,3,1,52967,4
B10307,Sanjay Verma,52,Delhi,salaried,8.2,92889,2,4,345000,12,business,0,6,6,1,9.9,0,48,92201,55938,34864,0.075,-0.0042,0.0803,324,0,0,2,2,2,2,2,86,0.38,0.106,0,1,0,80237,3,3.5,9.5,3,1,72,4,0,0,28,6,101004,1
B10308,Rohan Singh,49,Mumbai,salaried,1.6,25383,2,2,172000,12,medical,1,0,0,0,1.4,0,0,22713,12404,12387,0.051,0.0291,-0.2186,310,0,0,1,2,0,2,2,56,0.324,0.186,0,1,0,23560,0,0,1.5,2,0,20,0,0,0,9,6,33223,3
B10309,Ira Iyer,40,Delhi,self-employed,3.6,27515,5,3,106000,12,medical,0,1,0,1,19.2,1,9,26839,18970,22264,0.049,0.0508,0.1016,255,2,0,2,0,1,2,2,67,0.236,0.127,0,1,0,25437,2,4.9,2.2,3,1,96,2,0,0,3,2,42703,4
B10310,Kiran Kulkarni,43,Bengaluru,self-employed,5.2,46549,4,2,95000,12,business,0,5,5,2,27.5,0,55,45835,29790,13285,0.083,-0.0688,-0.0257,336,0,0,1,2,1,2,2,52,0.385,0.072,0,1,1,48545,6,4.4,7.9,0,2,29,1,0,0,9,2,43707,2
B10311,Geeta Chopra,55,Nagpur,self-employed,4.7,62044,5,0,141000,18,personal,0,6,6,2,26.2,0,52,57989,37252,21361,0.118,0.013,-0.0955,392,0,0,2,2,2,2,2,60,0.255,0.024,0,1,0,53173,2,3.9,8.4,4,2,92,2,1,0,16,3,24641,0
B10312,Kabir Iyer,50,Lucknow,salaried,12.7,58415,4,1,216000,3,medical,0,2,2,0,1.6,0,0,58621,35954,18719,0.043,0.0096,0.0666,282,0,0,2,2,2,2,2,98,0.326,0.039,0,2,0,61206,5,4.3,1.7,1,1,116,3,0,0,19,6,217262,1
B10313,Kavitha Chopra,38,Jaipur,salaried,11.3,84706,2,0,140000,12,business,0,6,6,0,4.1,0,0,82407,52072,17532,0.049,-0.0395,0.0546,370,0,0,2,2,2,2,2,99,0.176,0.082,0,2,0,84145,2,4.5,10.0,0,0,81,2,1,1,24,6,35727,0
B10314,Amit Kulkarni,26,Indore,self-employed,2.6,55748,2,2,137000,12,personal,0,2,2,2,13.0,0,17,57036,35241,16259,0.069,-0.0123,-0.0634,254,0,0,1,0,2,2,2,78,0.316,0.106,0,2,0,48790,6,4.7,11.9,4,2,106,3,0,0,23,4,166085,1
B10315,Kavitha Mehta,19,Hyderabad,salaried,12.1,83475,4,2,323000,6,medical,0,8,8,1,11.1,0,35,81362,57546,25870,0.053,0.0695,-0.0138,404,0,0,2,2,2,2,2,70,0.257,0.048,0,4,0,72833,5,4.4,4.6,2,2,94,0,1,1,18,6,198855,2
B10316,Myra Mehta,39,Pune,business,1.8,15702,3,3,45000,3,business,0,3,1,5,11.8,1,6,17051,10360,10410,0.064,-0.0275,-0.1047,304,1,1,0,1,1,2,2,60,0.361,0.285,0,1,0,11026,2,3.8,7.5,3,1,92,1,1,0,5,5,32517,1
B10317,Anil Joshi,36,Pune,salaried,3.8,51065,2,2,93000,6,education,0,4,4,1,8.5,0,27,48243,32309,13356,0.052,0.0214,-0.1589,357,0,0,2,2,2,2,2,72,0.245,0.099,0,1,1,48103,2,4.7,5.1,2,1,38,2,1,1,13,6,43663,1
B10318,Priya Bose,50,Kochi,business,7.1,48623,5,3,142000,3,personal,0,1,1,1,16.1,0,52,49371,35289,15502,0.071,0.016,-0.0273,276,0,0,2,2,2,2,2,87,0.372,0.084,0,2,0,42172,3,3.5,3.0,1,3,57,2,0,0,14,3,49427,2
B10319,Rohan Agarwal,36,Bengaluru,salaried,4.6,50042,4,2,148000,3,education,0,4,4,0,1.1,0,0,49680,31117,18742,0.107,0.0527,0.0529,423,0,0,2,2,2,2,2,57,0.258,0.089,0,1,0,50148,6,4.7,1.6,4,2,88,0,0,0,15,6,49463,2
B10320,Sneha Kulkarni,44,Bengaluru,business,9.9,55960,2,0,222000,24,personal,0,6,6,0,3.7,0,0,57175,32643,19653,0.097,0.0567,0.0098,350,0,0,2,2,2,1,2,78,0.336,0.051,0,2,0,58085,3,4.6,4.4,2,0,96,1,0,0,18,4,222136,2
B10321,Vihaan Agarwal,48,Bengaluru,self-employed,6.0,56297,1,2,190000,18,home-repair,0,1,1,0,0.3,0,0,53849,33919,13419,0.062,0.0193,-0.014,321,0,0,2,2,2,2,1,56,0.313,0.045,0,1,0,55667,6,4.0,4.2,1,0,47,4,0,0,33,4,39416,1
B10322,Sai Joshi,40,Lucknow,salaried,14.5,40864,2,2,87000,3,home-repair,0,5,5,1,5.1,0,36,40616,24894,15872,0.093,0.0666,0.0481,322,0,0,2,2,2,2,2,88,0.234,0.096,0,2,0,37867,4,4.6,7.2,4,2,45,4,0,0,19,6,129898,2
B10323,Amit Pillai,54,Bengaluru,salaried,1.3,18121,4,1,98000,18,medical,0,5,5,3,7.3,0,45,17979,12530,16259,0.052,-0.0322,-0.1506,350,0,1,2,0,1,2,0,51,0.245,0.198,0,1,1,16321,2,4.4,2.7,4,1,41,3,1,0,9,6,23344,0
B10324,Vihaan Joshi,25,Chennai,self-employed,0.7,10468,2,4,46000,6,medical,0,1,1,0,3.1,0,0,10504,7046,7061,0.061,-0.0466,-0.1761,263,0,1,2,0,2,2,2,65,0.355,0.04,0,2,0,10382,1,4.1,10.7,3,1,118,3,0,0,3,2,34579,3
B10325,Sneha Bose,34,Surat,self-employed,2.4,64798,5,1,218000,6,medical,0,2,2,0,3.1,0,0,60517,38988,17304,0.056,0.0314,-0.1252,319,0,1,2,2,2,2,2,86,0.434,0.081,0,1,0,65633,3,4.4,8.6,2,0,97,4,0,0,12,0,15748,1
B10326,Kavya Joshi,28,Pune,salaried,6.6,40908,3,4,98000,6,home-repair,0,5,5,0,2.4,0,0,41690,27790,9624,0.04,-0.0197,0.1137,321,0,0,2,2,2,2,2,82,0.468,0.042,0,4,0,38090,4,3.6,6.9,2,3,35,2,0,0,31,6,40304,2
B10327,Priya Joshi,32,Kochi,salaried,3.0,45969,2,3,176000,12,business,0,1,1,2,27.7,0,47,44039,31688,40470,0.056,-0.0014,-0.0227,257,1,2,2,0,1,2,2,46,0.35,0.181,0,1,0,44548,2,4.0,2.1,1,0,92,2,0,0,4,6,95311,5
B10328,Vikram Khan,33,Mumbai,salaried,3.7,33295,4,0,147000,3,business,0,2,2,3,29.1,0,17,31990,23745,33905,0.067,0.0584,0.0104,356,0,0,0,1,2,1,1,75,0.264,0.06,0,2,0,33589,0,0,2.0,1,0,115,1,0,0,6,6,22570,1
B10329,Manoj Reddy,37,Bengaluru,self-employed,3.5,38654,6,4,84000,24,business,0,3,3,1,29.1,0,39,39141,23396,10886,0.052,0.018,0.1139,341,0,0,2,0,1,2,2,46,0.257,0.02,0,2,1,33382,5,4.9,1.5,4,0,119,3,1,0,35,1,24339,1
B10330,Ananya Bose,45,Indore,self-employed,1.2,39159,2,1,185000,12,personal,0,5,4,4,21.1,0,10,39238,28226,31511,0.044,0.0188,-0.021,396,1,2,2,2,2,2,2,53,0.244,0.199,0,1,1,39221,1,4.1,1.0,1,0,57,0,1,1,7,4,72623,0
B10331,Arun Yadav,39,Jaipur,daily-wage,0.0,17382,6,1,142000,6,personal,0,1,1,0,2.2,0,0,16419,12893,13809,0.057,0.0026,-0.0512,376,3,2,2,2,0,2,0,59,0.323,0.078,0,1,0,16380,3,4.6,5.4,3,1,104,0,1,1,2,2,0,5
B10332,Kiran Patel,42,Delhi,daily-wage,1.5,23583,2,4,171000,12,medical,0,1,1,0,1.7,0,0,22268,16589,24223,0.066,0.0622,0.1184,395,2,0,2,0,2,2,1,54,0.283,0.21,0,1,0,24179,2,4.9,5.2,2,1,13,3,1,0,9,5,48824,5
B10333,Priya Iyer,21,Lucknow,daily-wage,4.4,28124,1,4,82000,18,education,0,3,3,1,5.1,0,40,26946,17448,7858,0.053,0.0106,0.0438,338,0,0,2,2,1,2,2,79,0.354,0.059,0,1,0,26526,6,4.0,6.3,0,0,96,2,1,1,14,3,52529,1
B10334,Aarav Patel,19,Kochi,self-employed,1.5,68488,6,3,268000,6,personal,0,2,2,1,14.7,0,59,74519,49209,18939,0.047,0.0342,0.1129,385,0,0,2,1,2,2,2,68,0.306,0.096,0,1,0,67709,2,4.0,8.7,1,3,45,0,0,0,10,1,150879,2
B10335,Myra Mishra,30,Lucknow,salaried,7.1,45070,5,2,103000,12,personal,0,3,3,1,14.8,0,53,43688,27368,13391,0.044,0.0156,0.1184,395,0,0,2,2,2,2,2,79,0.24,0.082,0,1,0,38580,6,3.7,9.0,2,1,37,1,1,0,30,6,11615,2
B10336,Amit Mishra,49,Bengaluru,salaried,2.3,41265,5,3,128000,3,home-repair,0,4,4,0,4.0,0,0,38834,26495,16286,0.063,0.0093,-0.0778,387,0,0,1,2,2,0,2,61,0.191,0.091,0,3,1,36952,2,4.8,7.7,4,0,94,1,1,0,25,6,55015,0
B10337,Vikram Sharma,39,Kolkata,self-employed,3.4,35219,1,1,309000,18,business,0,2,1,3,14.5,1,43,35465,20425,28568,0.046,0.0661,-0.1435,360,3,0,2,2,2,1,1,59,0.378,0.275,0,1,1,36213,2,3.9,7.5,1,0,58,1,1,1,7,1,0,3
B10338,Kabir Mehta,29,Jaipur,self-employed,5.3,26966,2,2,193000,6,medical,0,3,3,3,17.1,0,18,25599,18249,21471,0.038,0.0836,0.0603,317,0,2,2,2,0,2,2,70,0.361,0.07,0,1,0,22408,2,3.8,10.0,1,0,38,2,0,0,9,3,29831,0
B10339,Geeta Rao,27,Mumbai,self-employed,2.9,49220,6,3,380000,12,medical,0,6,4,2,7.9,2,54,46327,34182,55998,0.092,0.1553,0.0291,379,1,0,2,2,2,2,1,57,0.328,0.208,0,3,1,62637,3,3.9,2.4,0,1,59,0,2,0,2,0,32661,2
B10340,Sanjay Das,32,Delhi,salaried,5.8,35983,5,4,91000,6,education,0,1,1,1,19.4,0,11,37472,27209,25647,0.041,0.0215,-0.0632,360,0,1,2,2,2,2,1,67,0.331,0.074,0,1,0,33297,1,4.6,8.8,0,0,17,3,1,1,1,6,32844,2
B10341,Sunita Reddy,23,Indore,salaried,4.8,46860,3,3,109000,12,personal,0,4,4,1,13.7,0,52,45470,28576,12036,0.053,-0.05,-0.0459,358,1,0,2,2,2,1,1,69,0.263,0.12,0,4,0,46131,2,4.5,7.4,4,1,73,3,1,1,13,6,96184,2
B10342,Vikram Reddy,38,Hyderabad,business,3.7,60890,4,3,138000,12,home-repair,0,2,2,0,1.5,0,0,61290,37283,17602,0.022,-0.0995,0.0414,347,0,0,2,1,2,2,2,89,0.296,0.06,1,1,0,53161,3,3.8,2.4,4,2,95,3,0,0,29,3,176312,0
B10343,Lakshmi Joshi,41,Nagpur,self-employed,2.5,45658,4,0,76000,18,business,0,5,5,2,25.7,0,15,44009,27027,17225,0.07,-0.0085,0.0461,406,0,0,2,2,1,2,2,88,0.287,0.031,0,2,0,43081,4,3.5,11.8,0,1,28,0,1,0,15,3,97166,0
B10344,Manoj Chopra,30,Pune,salaried,1.6,66219,5,4,250000,6,education,0,1,1,1,25.0,0,24,68169,46616,15472,0.064,-0.0016,0.0155,337,1,0,1,2,2,2,2,88,0.25,0.05,0,1,0,68919,2,4.1,4.2,0,2,59,4,1,1,23,6,77456,2
B10345,Kavitha Das,50,Bengaluru,salaried,14.9,76982,4,1,209000,24,business,0,5,5,1,4.1,0,8,72421,42715,21764,0.062,-0.0026,-0.0836,382,0,0,2,2,2,2,2,91,0.326,0.1,0,1,0,72733,4,3.8,5.2,0,3,81,3,0,0,35,6,220894,0
B10346,Rohan Verma,41,Hyderabad,salaried,1.6,46743,1,2,359000,12,personal,0,3,0,3,8.0,3,31,43195,28494,33180,0.054,0.0732,-0.0419,343,0,1,1,0,2,2,2,70,0.227,0.223,0,1,0,64023,1,4.0,2.4,0,1,14,1,3,0,0,5,109360,0
B10347,Sneha Sharma,23,Ahmedabad,daily-wage,1.5,24576,2,1,64000,6,personal,1,0,0,0,0.7,0,0,24516,19832,23842,0.078,0.0203,0.0677,315,1,0,2,0,1,0,0,66,0.242,0.196,0,2,0,24749,3,3.9,2.3,3,0,57,1,1,0,4,3,46235,3
B10348,Pooja Patel,34,Nagpur,salaried,5.5,20411,5,0,167000,6,home-repair,0,2,0,4,27.7,1,14,21348,15370,17617,0.035,-0.0414,-0.021,285,1,0,2,2,2,2,2,63,0.34,0.063,0,1,0,18669,1,4.2,2.3,1,1,54,0,0,0,1,6,41382,4
B10349,Anita Mishra,19,Pune,salaried,3.3,21896,3,0,132000,18,personal,0,5,5,2,13.3,0,31,20720,14725,19268,0.035,-0.0436,0.0538,336,1,0,1,2,2,0,1,49,0.357,0.144,0,4,0,18502,2,4.3,2.6,0,1,26,0,1,0,5,6,24271,1
B10350,Ishaan Mishra,36,Bengaluru,salaried,4.1,28165,4,2,245000,18,personal,0,3,3,3,21.8,0,6,27407,19958,12524,0.057,0.0146,-0.1261,302,1,0,2,0,2,2,2,58,0.343,0.275,0,1,0,25858,3,3.9,6.1,0,1,43,2,0,0,3,6,35250,5
B10351,Kabir Khan,28,Mumbai,salaried,6.8,39811,5,1,116000,12,personal,0,6,6,2,29.1,0,27,41444,28208,12234,0.078,0.0544,-0.0027,352,0,0,2,2,2,2,2,58,0.254,0.044,0,4,1,35421,6,4.8,6.6,4,3,24,4,1,0,29,6,64339,1
B10352,Sanjay Reddy,39,Ahmedabad,self-employed,3.2,43061,5,2,291000,18,home-repair,0,4,3,4,29.5,0,9,41004,29703,41714,0.088,0.0074,0.0728,434,1,0,2,2,1,0,2,74,0.242,0.225,0,2,0,42518,1,4.2,8.0,2,1,112,1,0,0,7,4,11005,5
B10353,Rajesh Gupta,28,Ahmedabad,business,7.8,32689,1,3,123000,12,personal,0,4,4,1,22.1,0,7,32887,21252,9305,0.051,-0.0294,-0.0427,341,0,0,1,2,1,2,2,55,0.236,0.056,0,1,0,35897,5,4.0,8.3,4,0,52,4,1,0,35,5,3939,0
B10354,Aarav Singh,54,Chennai,salaried,2.0,43052,3,0,262000,3,business,0,6,4,2,17.2,2,16,41108,25046,30203,0.134,0.0949,0.1293,378,1,0,2,1,0,2,2,63,0.254,0.074,0,1,1,30892,2,4.3,9.8,3,0,94,0,1,0,9,1,57041,3
B10355,Geeta Mishra,52,Chennai,self-employed,10.6,115230,2,0,373000,6,personal,0,4,4,1,11.7,0,28,116332,70077,33937,0.082,-0.007,-0.06,242,0,0,2,2,1,2,2,72,0.398,0.114,0,3,0,111437,4,4.5,2.9,0,1,75,1,1,1,24,3,386768,1
B10356,Rahul Sharma,36,Hyderabad,self-employed,5.2,16552,4,0,50000,3,medical,0,5,5,2,13.8,0,40,15936,12062,10791,0.057,-0.0723,0.1002,335,2,1,2,1,2,2,0,42,0.378,0.139,0,1,0,13623,2,4.9,12.0,1,1,61,3,1,1,4,4,32534,4
B10357,Diya Verma,19,Mumbai,self-employed,2.4,49128,4,3,186000,12,business,0,5,5,2,17.0,0,29,44499,26081,16557,0.06,0.0357,-0.0692,384,0,0,2,2,2,2,2,70,0.253,0.029,0,1,0,44241,6,4.2,11.2,0,3,12,4,1,1,32,0,64510,1
B10358,Ira Yadav,37,Hyderabad,salaried,8.3,93712,4,3,209000,3,personal,0,5,5,1,22.2,0,40,83652,56108,29332,0.059,-0.0091,-0.05,317,0,0,2,2,2,2,2,98,0.444,0.096,0,1,0,85335,2,4.1,2.2,1,3,43,2,0,0,13,6,393655,2
B10359,Rahul Reddy,35,Ahmedabad,salaried,4.9,19241,3,4,50000,12,personal,0,3,3,1,23.9,0,49,19680,11459,4730,0.05,0.0464,0.1335,340,0,0,2,2,2,2,1,82,0.381,0.032,0,1,0,19566,3,4.5,8.6,4,0,106,0,0,0,25,6,31436,1
B10360,Arun Gupta,30,Jaipur,business,1.8,36332,3,3,212000,3,home-repair,0,1,1,0,4.6,0,0,34588,22289,32390,0.054,0.0118,-0.0089,287,1,0,2,2,2,2,2,56,0.434,0.052,0,4,0,31800,1,4.1,10.8,0,1,115,3,0,0,3,0,56820,5
B10361,Deepak Sharma,46,Hyderabad,business,8.7,45864,2,4,115000,24,personal,0,3,3,1,22.7,0,41,44477,24786,12781,0.023,0.0596,0.0375,316,0,0,2,2,2,2,2,96,0.411,0.096,1,1,0,43234,4,4.0,10.5,2,3,52,2,1,1,27,2,89655,0
B10362,Rajesh Verma,42,Kolkata,self-employed,10.0,98365,1,2,296000,18,business,0,4,4,1,14.1,0,55,105041,59470,33314,0.076,-0.0202,-0.0206,378,0,0,2,2,2,2,2,89,0.264,0.116,1,1,0,114756,3,3.9,8.0,2,3,38,3,0,0,34,1,372055,1
B10363,Sneha Khan,40,Pune,business,5.8,47323,4,2,167000,18,personal,0,2,2,0,2.8,0,0,44513,30048,15095,0.046,-0.0061,-0.0773,371,0,0,2,2,2,2,2,68,0.321,0.048,0,1,0,45512,5,3.5,8.3,3,1,37,4,1,1,23,4,44100,2
B10364,Deepak Pillai,37,Indore,salaried,5.3,39060,2,0,214000,18,education,0,2,2,1,10.3,0,56,37572,25954,14572,0.067,-0.0816,0.2196,368,0,0,2,1,1,2,2,49,0.293,0.122,0,2,1,34758,1,4.4,11.4,2,0,91,2,0,0,9,6,15784,5
B10365,Rahul Pillai,23,Mumbai,daily-wage,0.7,13963,6,2,59000,3,business,0,1,1,0,3.6,0,0,14383,8550,17265,0.031,0.0187,0.062,344,1,2,1,1,2,2,0,31,0.327,0.244,0,3,0,12544,3,3.5,7.1,4,0,115,0,0,0,7,5,20921,1
B10366,Vihaan Mehta,37,Kolkata,daily-wage,8.1,49989,3,2,104000,18,personal,0,5,5,0,0.9,0,0,47708,33176,12129,0.033,0.0064,-0.1228,354,0,0,2,2,2,2,1,99,0.18,0.029,0,1,0,51420,6,3.6,2.3,4,3,43,2,0,0,13,1,45521,0
B10367,Amit Rao,28,Hyderabad,business,7.1,75600,6,4,142000,12,education,0,8,8,1,15.8,0,46,68316,45946,20239,0.05,-0.0146,-0.0386,371,0,0,2,2,2,2,2,78,0.335,0.078,0,1,0,71413,6,4.1,3.7,1,2,35,0,1,1,32,3,353870,1
B10368,Anita Agarwal,27,Jaipur,self-employed,2.4,61763,1,0,150000,24,medical,0,3,3,2,25.8,0,12,65625,39280,15079,0.049,-0.0002,0.155,338,0,0,2,2,2,1,2,68,0.275,0.071,1,1,0,60049,4,3.9,1.9,3,1,70,2,0,0,32,0,76167,1
B10369,Rahul Sharma,28,Kolkata,business,7.1,63624,2,2,136000,12,home-repair,0,7,7,1,13.9,0,24,61821,38272,18237,0.066,-0.0398,-0.0939,324,0,0,2,2,2,2,2,70,0.312,0.114,0,1,0,66067,6,3.8,1.3,4,0,55,2,0,0,8,3,170491,2
B10370,Pooja Rao,53,Jaipur,salaried,6.0,22911,3,0,72000,6,personal,0,2,2,1,28.1,0,23,23121,13373,8886,0.025,0.0458,0.0383,422,0,0,2,2,1,2,2,97,0.201,0.025,0,1,2,24579,2,3.7,8.8,2,2,60,0,0,0,31,6,58458,2
B10371,Suresh Rao,38,Bengaluru,salaried,2.0,15407,1,1,82000,12,education,1,0,0,0,3.2,0,0,15237,11546,16811,0.044,0.0405,0.0646,364,1,1,0,0,2,0,2,60,0.207,0.264,0,3,1,15875,2,5.0,3.0,3,1,116,4,1,1,0,6,9476,3
B10372,Vikram Yadav,45,Kolkata,self-employed,0.1,44676,2,3,108000,12,education,0,2,0,3,16.6,2,58,40732,30387,36743,0.081,0.0781,-0.183,339,1,1,0,0,0,1,0,48,0.349,0.063,0,2,0,31418,3,4.8,11.3,1,1,49,3,2,2,8,2,50287,3
B10373,Aadhya Khan,25,Hyderabad,self-employed,5.3,44824,3,4,104000,3,business,0,1,1,0,1.0,0,0,42190,29069,16083,0.063,-0.0278,-0.0762,319,0,0,2,2,1,2,2,73,0.398,0.034,0,1,0,38064,3,4.3,4.9,3,1,95,4,0,0,10,1,0,1
B10374,Geeta Yadav,34,Mumbai,business,1.2,9404,6,4,35000,18,business,1,0,0,0,3.3,0,0,8511,5635,8560,0.063,0.054,-0.0976,349,2,0,2,2,1,2,2,52,0.322,0.11,0,1,0,7850,3,4.3,5.0,1,1,90,1,0,0,2,3,7499,4
B10375,Diya Joshi,42,Bengaluru,self-employed,11.1,95797,6,3,317000,3,personal,0,4,4,1,24.3,0,42,93866,54346,26538,0.057,-0.0568,0.1496,324,0,0,2,2,2,2,2,85,0.19,0.085,0,1,0,98060,3,3.5,2.6,0,0,83,3,0,0,26,1,375945,2
B10376,Meera Yadav,34,Pune,salaried,5.6,60373,1,4,105000,3,home-repair,0,2,2,1,21.4,0,5,60499,41001,17416,0.05,-0.0079,-0.0413,363,0,0,2,2,1,2,2,79,0.371,0.043,0,1,0,65950,4,3.7,11.4,0,2,54,2,0,0,19,6,182759,1
B10377,Sara Joshi,33,Bengaluru,self-employed,1.2,49816,2,4,360000,3,business,0,3,1,6,17.1,1,26,50935,36812,21578,0.057,-0.0785,-0.0906,306,1,0,0,2,2,0,0,77,0.305,0.249,0,1,0,62499,3,4.6,8.8,0,0,16,2,0,0,5,1,82711,1
B10378,Arjun Verma,35,Lucknow,salaried,3.7,45279,2,3,69000,24,personal,0,4,4,0,3.9,0,0,47515,32781,10734,0.091,-0.0456,-0.0065,407,0,0,2,0,1,1,1,92,0.272,0.112,0,1,0,40593,6,3.8,9.9,0,1,42,2,0,0,7,6,0,1
B10379,Anil Sharma,32,Pune,self-employed,4.0,50656,5,0,189000,24,education,0,1,1,0,3.5,0,0,50996,31837,18656,0.044,-0.0154,-0.0235,436,0,0,2,2,2,2,2,94,0.189,0.108,0,1,0,54130,5,4.8,1.5,2,2,15,1,0,0,10,0,58705,0
B10380,Kabir Bose,35,Jaipur,daily-wage,6.1,23227,4,3,37000,18,business,0,6,6,2,17.0,0,10,23004,13874,6688,0.068,-0.0449,-0.0555,363,0,0,2,2,2,2,2,87,0.273,0.03,0,4,0,20676,6,5.0,5.4,3,2,84,3,1,0,10,5,0,1
B10381,Ishaan Nair,37,Pune,business,3.5,30145,6,0,116000,18,home-repair,0,5,5,0,1.4,0,0,31101,18751,10184,0.042,0.017,0.1272,363,0,0,1,1,2,2,2,79,0.355,0.022,0,2,0,33577,3,3.9,2.4,0,0,77,1,1,1,32,1,52516,2
B10382,Divya Mishra,29,Delhi,daily-wage,4.5,24747,4,3,91000,3,business,0,4,4,2,23.8,0,13,23720,14164,8034,0.075,-0.0628,0.0057,410,0,0,2,2,2,2,2,67,0.177,0.067,0,1,0,20563,2,4.0,11.8,2,2,51,4,0,0,10,2,49506,1
B10383,Divya Verma,24,Bengaluru,self-employed,9.0,69004,6,1,185000,6,business,0,2,2,0,0.3,0,0,68589,39854,24879,0.078,0.0815,0.0172,265,0,0,2,2,2,2,2,82,0.333,0.095,0,1,0,71161,6,4.4,5.0,4,2,99,3,0,0,31,3,213186,2
B10384,Sneha Rao,38,Kochi,self-employed,3.5,45495,3,1,144000,6,home-repair,0,3,2,1,9.5,1,11,45440,29870,29579,0.074,-0.0014,-0.167,366,1,0,0,2,0,2,2,63,0.393,0.093,0,1,0,40143,0,0,11.0,2,1,73,0,1,1,6,3,0,0
B10385,Rajesh Agarwal,26,Delhi,daily-wage,9.7,102752,1,2,244000,6,medical,0,2,2,1,29.5,0,48,92382,57114,29454,0.054,0.0836,-0.0901,338,0,0,2,2,2,2,2,93,0.249,0.046,0,1,0,80587,6,3.5,7.0,4,2,31,3,0,0,12,4,479909,0
B10386,Rajesh Gupta,36,Bengaluru,daily-wage,6.7,83418,6,1,177000,12,personal,0,3,3,0,2.1,0,0,78528,51805,29889,0.044,0.0374,-0.0191,417,0,0,2,2,2,2,2,86,0.248,0.03,0,1,0,86071,5,4.4,2.7,3,3,12,0,1,1,26,0,329038,1
B10387,Sanjay Nair,29,Kolkata,daily-wage,6.0,57058,5,0,193000,6,home-repair,0,4,4,0,0.2,0,0,61502,41371,19691,0.043,-0.0546,0.0637,378,0,0,2,2,2,2,2,66,0.275,0.044,0,1,0,64188,4,4.5,9.2,4,3,46,1,1,1,32,1,35134,1
B10388,Rahul Chopra,29,Hyderabad,daily-wage,5.3,43400,4,3,130000,6,home-repair,0,2,2,2,19.8,0,18,47077,27326,8964,0.08,-0.0304,-0.0239,307,0,0,2,1,2,2,2,54,0.336,0.096,0,2,0,48356,2,3.5,7.9,3,0,64,4,0,0,9,2,9609,2
B10389,Pooja Yadav,38,Jaipur,self-employed,6.2,87464,5,2,190000,24,home-repair,0,3,3,1,15.6,0,41,88208,54915,17537,0.072,0.0481,0.0056,339,0,0,2,2,2,2,1,54,0.35,0.027,1,2,0,85766,4,3.7,1.3,3,2,16,0,1,0,28,5,254708,2
B10390,Sanjay Nair,41,Delhi,daily-wage,3.6,35628,1,1,131000,12,education,0,3,3,2,21.6,0,52,32065,20075,9754,0.034,-0.0098,-0.015,357,0,0,2,2,1,2,2,88,0.266,0.04,1,1,1,30479,3,4.0,11.6,2,2,116,1,0,0,23,4,25864,0
B10391,Neha Das,52,Chennai,salaried,9.7,113747,3,4,207000,3,home-repair,0,4,4,0,0.1,0,0,107667,67345,48034,0.079,-0.0369,-0.0663,368,0,0,2,1,2,2,2,96,0.308,0.057,0,1,0,114957,6,4.5,1.9,2,0,38,4,0,0,27,6,401740,2
B10392,Neha Sharma,33,Hyderabad,self-employed,4.4,60480,2,3,111000,6,education,0,7,7,1,23.2,0,33,57188,31583,22846,0.063,0.0597,-0.0051,308,0,0,2,2,2,2,2,80,0.228,0.077,0,1,0,60507,2,4.2,2.5,4,2,97,3,0,0,15,4,152408,0
B10393,Arjun Joshi,40,Surat,self-employed,5.9,19128,3,4,42000,6,personal,0,4,4,1,9.1,0,8,18058,12952,6084,0.09,0.0552,-0.0202,308,0,0,2,2,2,1,2,52,0.471,0.092,0,1,0,15771,5,4.8,9.6,4,1,105,3,0,0,25,0,11114,0
B10394,Manoj Bose,38,Delhi,salaried,1.4,26209,2,4,224000,12,education,1,0,0,0,3.5,0,0,24966,16376,19246,0.075,-0.0072,-0.0323,323,1,1,1,0,0,0,1,49,0.298,0.202,0,1,0,24928,3,4.7,4.3,4,0,45,4,1,0,3,6,39256,2
B10395,Divya Mishra,30,Bengaluru,salaried,1.2,29509,6,3,188000,18,home-repair,1,0,0,0,4.7,0,0,31020,22247,28176,0.056,-0.0104,0.0499,330,0,1,2,1,2,2,2,42,0.331,0.111,0,1,0,33450,2,4.7,6.1,3,0,17,2,1,0,8,6,12745,1
B10396,Sunita Sharma,57,Delhi,salaried,4.2,39691,6,1,138000,6,personal,0,3,3,1,13.2,0,53,37670,23271,12641,0.045,0.0092,0.1932,363,0,0,2,2,2,2,1,71,0.295,0.094,0,1,0,41160,6,3.6,3.9,3,2,74,3,1,0,16,6,565,0
B10397,Manoj Yadav,42,Bengaluru,daily-wage,12.9,84713,6,4,229000,12,medical,0,2,2,1,28.5,0,5,75059,45696,19705,0.062,-0.0292,-0.0113,367,0,0,2,2,2,2,2,99,0.298,0.021,0,1,0,69694,5,4.3,1.5,4,0,46,0,0,0,8,4,287084,0
B10398,Nikhil Khan,39,Delhi,self-employed,3.0,29959,5,1,88000,6,personal,0,6,6,1,11.1,0,20,29260,17199,7544,0.088,0.1266,-0.0752,290,0,0,2,2,2,2,1,94,0.386,0.032,0,1,0,31452,5,3.5,8.1,0,3,13,2,1,0,9,1,36960,1
B10399,Anil Sharma,23,Bengaluru,self-employed,8.4,47863,5,0,83000,24,business,0,6,6,1,13.7,0,24,47965,28311,14459,0.096,-0.0322,0.0584,327,0,0,2,2,2,2,2,71,0.369,0.085,0,1,0,45871,3,4.1,9.4,3,0,25,3,0,0,6,4,127237,0
B10400,Rajesh Yadav,32,Delhi,salaried,11.3,76162,5,1,179000,18,home-repair,0,7,7,0,2.6,0,0,78297,53405,19435,0.047,-0.0217,0.1039,395,0,0,2,2,2,2,2,98,0.304,0.095,0,2,0,74860,5,3.8,7.0,4,1,90,3,1,1,21,6,250048,1
B10401,Rajesh Mishra,31,Bengaluru,self-employed,4.0,46626,5,0,292000,3,education,0,1,1,2,24.1,0,51,44998,28033,34485,0.071,0.0178,-0.0884,261,1,0,2,2,2,2,2,61,0.326,0.043,0,1,0,44762,0,0,9.7,4,1,86,3,1,0,3,3,76930,5
B10402,Ishaan Patel,31,Delhi,daily-wage,3.9,65533,3,3,194000,18,education,0,7,7,1,16.9,0,6,68510,43113,18691,0.033,-0.0356,0.1675,350,1,0,2,1,2,2,2,63,0.298,0.081,0,1,0,68766,3,4.6,10.5,4,1,51,2,0,0,29,5,192441,0
B10403,Aarav Reddy,24,Lucknow,business,3.4,55503,5,2,125000,24,medical,0,6,6,0,1.9,0,0,57439,35142,13932,0.06,0.0065,0.1044,350,0,0,2,2,2,2,2,79,0.271,0.031,0,1,0,53003,6,4.0,3.8,0,2,41,1,0,0,19,2,66700,2
B10404,Rohan Rao,29,Hyderabad,self-employed,1.8,8000,6,0,19000,6,medical,0,6,2,4,16.3,3,14,7538,5172,6486,0.095,-0.0342,-0.0169,311,2,0,2,2,2,0,1,30,0.393,0.089,0,5,0,8291,0,0,11.0,2,1,86,4,0,0,1,1,13924,5
B10405,Sneha Khan,41,Bengaluru,business,5.0,39346,4,2,112000,24,personal,0,2,2,0,1.4,0,0,36936,24357,11071,0.058,-0.0695,0.1071,356,0,0,1,2,1,2,2,60,0.355,0.025,0,1,0,39178,4,4.8,1.2,4,3,116,1,1,1,30,1,106678,1
B10406,Sneha Joshi,26,Jaipur,business,5.8,28609,3,1,218000,6,home-repair,0,2,2,3,9.7,0,41,29912,25423,20975,0.063,-0.018,0.0006,368,1,1,1,2,1,2,2,43,0.181,0.075,0,1,0,32253,3,3.7,1.8,4,0,99,4,1,0,6,2,15830,4
B10407,Priya Iyer,43,Kolkata,business,10.3,44365,1,4,139000,6,personal,0,4,4,1,6.5,0,27,42448,25457,17382,0.074,0.0242,0.1081,370,0,0,2,2,2,2,2,70,0.318,0.108,0,1,1,44030,5,4.6,11.4,3,1,93,3,0,0,8,4,156588,0
B10408,Kabir Patel,34,Nagpur,daily-wage,1.3,14828,4,3,114000,12,home-repair,1,0,0,0,0.1,0,0,13360,7941,9887,0.06,0.0042,0.1436,299,2,0,2,2,2,2,0,59,0.264,0.076,0,1,2,12333,3,4.4,2.5,3,0,85,1,0,0,4,5,17821,3
B10409,Deepak Kulkarni,23,Pune,business,1.7,18153,4,3,96000,12,medical,0,1,1,0,2.5,0,0,16796,12472,10652,0.031,0.0061,0.1759,349,1,0,0,0,2,1,0,85,0.251,0.087,0,1,0,16953,2,4.7,7.6,1,0,60,4,1,1,0,3,54163,1
B10410,Rohan Pillai,40,Delhi,salaried,1.8,31678,4,3,140000,6,business,0,1,1,0,3.4,0,0,31590,24872,27593,0.061,-0.0106,0.1011,342,0,0,2,0,2,0,0,73,0.417,0.043,0,3,0,30080,3,3.7,4.2,3,0,87,4,1,1,0,6,34379,0
B10411,Ananya Gupta,38,Chennai,salaried,6.4,26815,1,0,96000,12,home-repair,0,4,4,0,0.7,0,0,26166,17553,7460,0.066,0.0054,-0.107,364,0,0,2,2,2,1,2,81,0.269,0.066,0,2,0,28151,5,4.7,6.2,0,2,34,1,1,0,32,6,35060,2
B10412,Vikram Verma,19,Mumbai,salaried,7.6,52913,4,4,132000,12,personal,0,5,5,0,1.2,0,0,51957,30300,18482,0.08,0.0608,-0.0699,319,0,0,2,2,2,2,2,95,0.304,0.038,0,1,0,56731,6,3.8,4.8,0,1,114,2,0,0,16,6,88105,1
B10413,Ira Chopra,24,Jaipur,daily-wage,0.7,32822,3,1,174000,12,medical,0,1,1,0,3.5,0,0,34863,26426,27184,0.018,0.0443,0.0465,302,2,1,2,2,2,2,1,81,0.4,0.06,0,1,0,36730,1,4.1,2.5,0,1,44,0,1,0,2,2,36004,0
B10414,Kabir Yadav,35,Mumbai,self-employed,1.1,37453,4,3,229000,6,education,0,6,4,3,6.4,2,51,37134,26343,30708,0.127,-0.0131,-0.2265,381,1,1,0,2,2,0,1,58,0.265,0.024,1,1,1,23126,1,4.3,7.6,0,1,95,2,2,2,3,4,60079,5
B10415,Geeta Verma,33,Ahmedabad,business,14.9,63044,4,1,115000,12,business,0,5,5,0,3.7,0,0,65051,37862,26738,0.09,0.0733,0.0366,311,0,0,2,2,2,2,2,97,0.266,0.115,0,2,0,58429,2,4.8,9.4,3,2,77,0,0,0,22,0,241461,0
B10416,Suresh Nair,45,Hyderabad,daily-wage,14.7,100074,6,2,399000,12,home-repair,0,4,4,0,1.2,0,0,90378,51348,28619,0.071,0.0265,-0.1435,387,0,0,2,1,2,2,2,82,0.315,0.064,0,1,0,95549,5,3.7,3.0,3,2,23,0,1,0,7,1,372419,2
B10417,Sai Mehta,26,Chennai,daily-wage,10.3,76451,6,1,290000,12,education,0,3,3,1,6.8,0,48,81244,54916,23452,0.043,-0.0571,-0.0591,399,0,0,2,2,2,2,1,99,0.286,0.064,0,1,0,69354,5,4.0,9.8,3,2,54,4,0,0,32,4,222427,0
B10418,Krishna Agarwal,43,Lucknow,daily-wage,2.0,27135,2,4,55000,12,medical,1,0,0,0,4.3,0,0,27391,18554,27411,0.061,-0.0388,0.1527,267,1,0,0,0,2,2,2,71,0.473,0.048,0,1,1,29710,0,0,11.9,2,0,90,3,1,1,1,4,41261,3
B10419,Meera Agarwal,53,Kolkata,daily-wage,1.7,12648,3,3,58000,12,education,0,1,1,0,1.3,0,0,11880,8766,10422,0.052,-0.0256,0.206,302,3,0,0,2,2,0,2,66,0.33,0.286,0,1,0,10426,2,4.1,7.5,1,0,108,3,1,1,4,3,0,3
B10420,Sanjay Reddy,26,Hyderabad,salaried,1.0,22970,5,3,68000,12,medical,0,1,1,0,4.2,0,0,23908,16787,15766,0.089,0.0745,0.0083,347,2,1,2,2,0,0,0,59,0.13,0.05,0,2,0,25682,0,0,5.4,2,1,49,3,1,1,1,6,70057,2
B10421,Kabir Sharma,19,Bengaluru,business,9.3,48351,2,4,188000,18,business,0,4,4,0,4.7,0,0,49390,31847,14265,0.046,-0.0314,-0.0466,358,0,0,2,2,2,2,2,76,0.362,0.117,0,1,0,43425,6,4.8,1.5,0,1,82,3,0,0,26,4,137823,1
B10422,Priya Reddy,50,Bengaluru,salaried,0.1,44755,4,3,184000,24,medical,0,3,0,4,24.7,3,14,41560,29597,31930,0.079,0.059,-0.175,331,1,2,2,2,2,1,0,38,0.301,0.094,1,5,0,21796,0,0,11.0,0,1,64,4,1,0,6,5,22242,5
B10423,Aarav Nair,30,Mumbai,salaried,3.8,55785,3,1,98000,12,personal,0,2,2,1,12.3,0,35,53691,34664,18499,0.063,-0.0117,-0.0795,411,0,0,2,1,2,2,0,66,0.304,0.056,0,3,1,54991,3,3.6,9.1,3,1,118,0,1,1,23,6,101080,0
B10424,Sara Kulkarni,35,Kolkata,self-employed,6.7,67357,1,4,127000,18,personal,0,5,5,0,1.3,0,0,64662,45240,21462,0.05,0.0325,-0.1096,309,0,0,2,2,2,2,1,66,0.472,0.102,0,2,0,66468,5,4.8,6.8,0,2,44,3,0,0,9,2,44659,1
B10425,Amit Mishra,39,Hyderabad,salaried,4.2,34636,4,3,71000,6,medical,0,1,1,2,28.0,0,55,32712,19290,8168,0.051,0.0208,-0.1524,283,0,0,1,2,2,2,2,99,0.434,0.114,0,3,0,33261,2,4.2,5.8,4,2,33,0,1,0,25,6,95743,2
B10426,Rahul Sharma,32,Surat,salaried,3.5,56243,2,4,180000,3,home-repair,0,5,5,0,2.2,0,0,54536,32332,17589,0.049,0.0369,-0.0465,353,0,0,1,0,2,2,2,81,0.315,0.059,0,4,1,56292,5,3.8,10.0,3,3,113,4,0,0,35,6,49332,2
B10427,Neha Gupta,27,Delhi,salaried,1.2,51036,2,2,190000,3,education,0,5,5,2,10.1,0,10,47124,30947,35920,0.053,-0.0642,-0.3334,428,0,2,2,2,2,2,2,66,0.114,0.117,1,2,0,42210,3,4.2,4.5,4,0,12,0,0,0,9,6,150515,3
B10428,Aadhya Kulkarni,38,Ahmedabad,salaried,2.7,13989,1,2,39000,12,personal,0,3,0,4,16.8,3,28,14536,9626,6176,0.136,0.007,0.1168,399,1,1,2,2,2,1,2,54,0.262,0.08,0,2,0,20429,0,0,5.4,4,0,24,3,3,3,7,4,33413,0
B10429,Nikhil Bose,29,Mumbai,salaried,1.2,24409,1,2,165000,24,medical,0,1,1,0,0.4,0,0,24601,15500,14481,0.039,-0.0344,0.1943,351,0,1,2,2,1,0,2,55,0.276,0.053,0,3,0,24384,2,3.7,9.3,0,0,39,3,0,0,5,6,0,0
B10430,Myra Reddy,49,Chennai,business,7.1,52058,1,4,138000,12,medical,0,4,4,0,3.6,0,0,56391,33511,15652,0.052,-0.0531,0.09,403,0,0,2,2,2,2,2,58,0.265,0.115,0,1,1,54744,3,4.3,3.8,2,1,44,4,0,0,19,1,167836,1
B10431,Kiran Khan,24,Hyderabad,business,2.8,32557,2,1,203000,24,business,0,5,4,4,15.9,0,14,31275,22976,22865,0.056,0.0039,0.0692,366,0,0,0,0,2,2,2,49,0.214,0.053,0,1,0,32679,1,3.9,8.6,2,0,117,3,0,0,1,4,50291,4
B10432,Rahul Agarwal,37,Kochi,self-employed,3.5,39292,3,1,69000,6,home-repair,0,3,3,1,28.3,0,9,40859,25379,9932,0.052,-0.0357,0.1198,489,0,0,1,2,2,2,2,76,0.029,0.106,0,1,1,40134,3,3.6,11.5,4,1,40,1,0,0,27,0,41780,0
B10433,Rahul Agarwal,30,Surat,self-employed,2.8,46505,1,3,285000,3,personal,0,6,4,5,15.1,1,45,46758,28260,35022,0.048,-0.0505,-0.0908,329,2,0,2,2,0,0,2,75,0.328,0.103,0,5,0,52234,3,4.4,10.0,3,1,29,0,0,0,0,2,92956,1
B10434,Sanjay Chopra,61,Hyderabad,salaried,2.1,41835,3,0,369000,12,education,0,3,0,6,26.5,3,20,41675,27925,36084,0.061,-0.034,0.0511,371,2,0,0,0,2,1,0,68,0.208,0.111,1,1,0,58626,2,3.7,2.8,1,1,45,2,0,0,8,1,27193,2
B10435,Anita Kulkarni,29,Mumbai,salaried,3.1,49988,1,1,177000,12,education,0,4,4,2,28.6,0,23,54362,37837,19458,0.047,0.068,0.0025,350,0,0,2,2,1,2,2,79,0.348,0.024,1,1,0,50820,4,4.4,1.9,1,2,27,4,1,1,32,6,0,0
B10436,Nikhil Verma,28,Bengaluru,business,6.4,36751,2,2,57000,18,business,0,1,1,1,5.5,0,24,33547,21844,12763,0.044,0.0295,0.0557,311,0,0,2,2,2,2,2,74,0.4,0.062,0,2,0,30530,5,4.7,6.0,3,2,94,3,1,1,16,2,39052,1
B10437,Deepak Rao,40,Bengaluru,business,2.2,38016,5,0,76000,6,business,0,1,1,0,1.9,0,0,35774,22045,9354,0.068,-0.0704,0.0825,318,0,0,2,2,1,2,2,76,0.39,0.053,0,1,0,34315,2,3.7,9.1,2,1,61,0,0,0,22,4,73118,1
B10438,Rajesh Joshi,49,Bengaluru,self-employed,6.4,53964,3,1,134000,24,medical,0,6,6,2,11.2,0,50,54944,36960,13183,0.069,0.0187,0.0135,318,0,0,2,2,2,1,2,66,0.346,0.062,0,1,0,56332,4,3.5,6.4,4,1,98,0,1,1,16,2,34632,0
B10439,Manoj Chopra,19,Bengaluru,salaried,0.7,23088,2,1,189000,12,home-repair,1,0,0,0,2.1,0,0,23010,16865,12708,0.031,-0.1069,-0.1237,315,2,1,0,2,0,2,0,54,0.359,0.105,0,2,0,22355,3,4.6,1.9,3,0,18,1,1,0,2,6,5964,1
B10440,Reyansh Iyer,38,Mumbai,salaried,5.3,73449,1,1,181000,24,home-repair,0,6,6,0,0.6,0,0,75860,45852,22733,0.08,-0.0067,-0.0046,309,1,0,1,0,2,2,2,68,0.419,0.028,0,1,0,80394,3,4.8,6.9,3,2,66,3,0,0,22,6,0,0
B10441,Krishna Mehta,59,Chennai,self-employed,0.8,25550,4,0,218000,6,business,0,1,1,0,3.3,0,0,25093,16797,22170,0.071,-0.04,-0.034,342,0,1,2,0,2,0,2,71,0.238,0.243,0,1,0,25235,1,4.3,10.9,0,0,47,2,1,1,4,2,71189,4
B10442,Suresh Rao,40,Mumbai,daily-wage,12.0,68737,1,0,199000,18,business,0,2,2,1,21.1,0,43,68652,46154,19686,0.053,0.0005,0.0743,386,0,0,2,2,2,2,2,86,0.23,0.076,0,1,0,64925,6,4.2,1.5,3,1,12,1,0,0,33,5,193187,0
B10443,Sai Verma,26,Nagpur,self-employed,5.7,41918,4,1,373000,6,education,0,2,1,4,24.1,0,32,39886,29780,30108,0.05,0.0447,0.284,346,1,0,2,2,0,2,2,78,0.308,0.212,0,1,0,42824,0,0,9.6,3,0,101,4,1,0,0,0,43208,4
B10444,Myra Sharma,36,Bengaluru,self-employed,3.1,36297,5,0,142000,12,medical,0,4,4,2,10.0,0,36,33646,21989,10445,0.056,-0.0068,-0.0738,255,0,0,2,2,2,1,2,56,0.309,0.072,0,3,1,35678,3,4.7,10.1,0,1,72,3,0,0,14,5,0,2
B10445,Pooja Pillai,29,Chennai,self-employed,3.2,32178,5,1,261000,12,medical,0,1,1,2,13.9,0,33,32061,20742,23996,0.1,0.077,0.1531,317,0,1,0,2,1,2,0,50,0.329,0.038,0,1,1,34308,3,4.9,8.7,0,1,46,3,1,0,3,5,59019,2
B10446,Lakshmi Agarwal,48,Mumbai,salaried,3.6,30821,5,3,254000,18,home-repair,0,1,0,1,12.2,1,28,29388,19359,21301,0.054,0.1008,-0.0708,368,0,0,2,2,2,0,2,43,0.315,0.057,0,1,1,31979,1,4.7,11.6,1,1,21,0,1,0,7,6,43967,5
B10447,Deepak Singh,50,Mumbai,self-employed,1.0,27749,2,4,190000,12,personal,0,3,0,5,23.7,3,46,29614,21949,18888,0.089,0.0265,0.0089,397,0,3,0,2,2,1,2,52,0.226,0.145,0,2,0,23938,3,3.7,10.1,4,1,82,0,1,0,7,2,69421,0
B10448,Aarav Pillai,38,Mumbai,self-employed,2.5,40489,3,4,183000,12,home-repair,0,5,4,3,4.5,1,14,40508,25645,35242,0.129,0.0835,0.0238,316,0,2,2,1,0,1,0,72,0.361,0.109,1,3,0,34951,2,4.2,11.1,3,0,29,4,2,0,7,0,39673,5
B10449,Aadhya Khan,37,Bengaluru,salaried,3.1,28852,1,1,160000,12,personal,0,1,1,1,19.9,0,23,29123,17190,26155,0.092,0.0468,0.1142,405,3,1,0,2,2,2,2,43,0.276,0.237,0,1,0,29538,2,4.0,9.1,0,0,72,4,0,0,7,6,90857,4
B10450,Rohan Rao,41,Jaipur,daily-wage,0.3,30659,2,1,178000,3,business,0,1,1,0,4.4,0,0,29732,21639,20512,0.047,0.0442,0.0922,296,1,0,0,0,0,2,2,70,0.282,0.047,0,1,1,27165,0,0,6.7,0,1,117,2,1,0,3,0,41979,2
B10451,Ravi Kulkarni,27,Delhi,self-employed,11.3,61390,2,2,164000,12,medical,0,6,6,0,3.5,0,0,55930,33886,18092,0.082,0.0885,-0.0443,296,0,0,2,2,2,2,2,71,0.356,0.117,0,1,0,52135,6,3.9,7.1,0,1,83,0,1,0,18,4,248590,0
B10452,Arjun Mishra,19,Mumbai,business,7.7,46966,6,1,143000,24,business,0,2,2,2,9.7,0,16,44320,28982,14333,0.052,0.0259,0.1118,316,0,0,2,2,2,2,2,71,0.376,0.111,0,3,0,42882,2,4.9,6.7,0,2,99,3,1,1,24,2,47376,0
B10453,Meera Joshi,40,Pune,daily-wage,3.9,20749,4,0,86000,3,personal,0,4,4,3,8.7,0,27,22512,16572,14252,0.025,-0.054,0.041,424,3,0,1,2,2,2,2,51,0.167,0.026,0,1,0,24599,2,3.9,8.8,0,1,92,0,0,0,7,2,49076,0
B10454,Divya Mishra,19,Mumbai,business,10.3,97118,4,2,323000,12,medical,0,3,3,1,17.6,0,13,95998,59913,32720,0.052,0.0953,0.0514,429,0,0,2,2,2,2,2,79,0.262,0.084,0,3,0,81647,4,3.6,11.2,2,3,115,0,0,0,9,0,428924,1
B10455,Vikram Mehta,22,Kolkata,salaried,0.9,16266,6,1,131000,18,business,0,1,1,0,0.0,0,0,15576,10163,12676,0.042,-0.0103,0.1422,380,1,1,2,0,0,2,0,54,0.255,0.216,0,1,0,14242,1,3.7,9.5,0,1,53,3,1,1,2,6,23227,0
B10456,Rahul Chopra,53,Delhi,salaried,11.4,37207,3,1,117000,6,personal,0,6,6,1,27.8,0,30,37252,24967,9960,0.073,0.0187,-0.0382,352,0,0,2,2,1,2,2,94,0.428,0.023,0,1,0,35677,4,3.6,9.8,4,3,87,2,0,0,20,6,91734,2
B10457,Neha Verma,48,Bengaluru,self-employed,5.8,28968,5,0,57000,6,personal,0,5,5,1,15.0,0,13,28840,17023,10258,0.061,0.0505,-0.1281,342,0,0,2,2,2,2,2,74,0.383,0.052,0,1,1,30654,4,4.8,11.0,4,0,71,2,0,0,12,5,35016,0
B10458,Ananya Chopra,33,Chennai,business,2.0,17376,3,1,129000,24,personal,0,5,3,6,20.5,1,57,16812,11916,10756,0.105,0.0866,0.2103,365,0,1,2,0,2,2,0,58,0.129,0.261,0,1,0,16660,2,4.8,4.3,4,1,43,0,3,2,3,4,3581,3
B10459,Kabir Chopra,67,Lucknow,daily-wage,9.6,73633,3,2,186000,18,home-repair,0,5,5,1,10.6,0,55,77880,44289,23247,0.035,-0.0006,-0.0058,358,0,0,2,2,2,2,2,75,0.157,0.054,0,4,1,80851,2,3.7,11.6,1,0,21,3,1,0,26,0,155261,1
B10460,Arun Agarwal,28,Delhi,salaried,2.1,31578,6,4,111000,24,personal,0,1,1,3,20.2,0,6,30355,18162,21447,0.088,-0.0208,-0.1857,353,0,0,2,2,2,0,2,50,0.379,0.121,0,1,2,29264,2,3.8,2.1,2,1,58,0,0,0,1,6,43947,1
B10461,Krishna Mishra,39,Ahmedabad,salaried,7.0,45353,5,1,125000,12,education,0,7,7,0,1.8,0,0,40873,26848,14745,0.06,0.0018,-0.0712,359,0,0,2,1,2,2,2,99,0.272,0.083,0,1,0,38137,5,4.4,2.5,1,3,107,2,1,1,26,6,235262,2
B10462,Arun Yadav,48,Mumbai,salaried,3.5,47341,5,0,201000,6,medical,0,4,3,4,14.3,0,22,49543,36141,46908,0.051,-0.0109,0.0118,351,1,1,2,0,2,1,2,59,0.206,0.145,0,1,0,46733,1,4.1,10.2,2,1,46,1,0,0,2,6,106841,5
B10463,Pooja Nair,47,Lucknow,salaried,12.5,59545,2,4,128000,6,education,0,2,2,0,2.4,0,0,59704,36576,19330,0.036,-0.0196,-0.0639,363,1,0,2,2,2,2,2,75,0.331,0.058,0,1,0,53486,3,4.5,8.4,1,0,95,3,0,0,16,6,51576,2
B10464,Vihaan Khan,41,Surat,salaried,1.1,26455,1,1,236000,6,personal,0,4,4,2,22.5,0,11,24918,16384,27892,0.055,-0.0146,0.0371,453,0,1,0,1,0,2,1,67,0.088,0.071,0,1,0,25565,1,4.4,3.4,0,0,117,3,0,0,8,6,21806,3
B10465,Neha Rao,31,Mumbai,self-employed,3.8,75013,1,0,233000,3,home-repair,0,4,4,0,3.5,0,0,71575,48622,24066,0.066,0.0632,0.0051,306,0,0,2,2,2,2,2,82,0.323,0.072,0,1,2,63539,6,4.9,9.0,0,0,112,3,1,1,28,2,299591,0
B10466,Manoj Singh,21,Pune,self-employed,2.4,21746,3,1,111000,18,home-repair,0,3,0,4,15.3,2,37,21371,14737,14477,0.164,0.0312,-0.0293,336,1,0,2,1,0,2,0,43,0.271,0.286,0,1,2,16449,3,3.5,6.9,2,0,77,0,3,2,4,5,39032,1
B10467,Neha Mehta,27,Kolkata,self-employed,3.8,48104,2,2,168000,12,medical,0,6,6,1,15.8,0,18,45245,30334,10940,0.068,0.0685,0.0774,419,0,0,2,2,2,2,2,62,0.17,0.077,0,1,1,42106,4,4.1,10.5,3,0,117,1,0,0,34,0,45440,1
B10468,Vikram Gupta,27,Hyderabad,self-employed,1.7,52074,5,4,251000,3,education,0,2,0,6,23.0,1,11,53534,37482,45565,0.087,0.0284,-0.0913,353,0,0,0,0,0,2,2,49,0.223,0.286,0,1,0,36509,2,3.9,3.6,2,1,84,2,3,3,1,3,76074,3
B10469,Anil Yadav,34,Lucknow,daily-wage,1.7,25192,2,1,223000,12,medical,0,1,1,0,3.4,0,0,23996,17128,22746,0.053,0.0806,-0.0146,274,0,0,2,0,1,2,2,65,0.217,0.139,0,1,2,25621,2,4.3,1.4,4,1,85,4,0,0,7,4,41559,0
B10470,Suresh Chopra,19,Pune,salaried,7.6,59441,2,1,224000,18,medical,0,5,5,1,15.7,0,18,56377,36477,20998,0.076,-0.0225,-0.0534,330,0,0,2,2,2,2,2,74,0.244,0.083,0,1,0,56873,2,4.6,5.8,2,0,16,2,1,1,7,6,48667,2
B10471,Anita Das,22,Kochi,self-employed,1.2,16798,4,4,72000,12,home-repair,0,1,1,0,3.1,0,0,17455,12824,6602,0.085,0.0728,0.2006,301,0,1,0,0,1,0,2,63,0.339,0.212,0,2,0,16153,3,3.8,6.5,0,0,107,3,0,0,8,1,32796,5
B10472,Kabir Sharma,29,Kochi,self-employed,4.8,85860,5,1,314000,6,personal,0,5,5,0,0.6,0,0,83300,49453,28035,0.078,-0.0851,0.0186,344,0,0,2,2,2,1,2,71,0.282,0.099,0,1,2,83292,4,3.6,8.4,4,0,102,3,0,0,23,3,257407,1
B10473,Neha Pillai,50,Bengaluru,salaried,3.4,28135,5,0,80000,12,medical,0,4,4,1,16.6,0,41,27339,18341,23489,0.055,0.0327,0.0956,320,1,2,2,2,2,2,1,61,0.402,0.239,0,1,0,23958,1,3.7,5.5,3,1,110,3,1,1,4,6,67325,4
B10474,Krishna Kulkarni,21,Ahmedabad,self-employed,2.5,51213,5,0,177000,6,education,0,5,5,1,11.0,0,38,51001,31786,16504,0.06,-0.0527,-0.0407,369,0,0,2,2,2,2,2,48,0.371,0.042,0,1,1,54461,4,4.9,1.8,2,2,95,1,1,0,16,1,37208,1
B10475,Divya Khan,42,Bengaluru,salaried,1.7,62388,4,0,219000,6,education,0,2,2,1,27.7,0,40,60879,39303,16889,0.071,0.0002,-0.1473,345,0,0,2,2,2,1,2,77,0.29,0.043,0,1,0,58482,5,3.6,4.1,1,0,33,0,0,0,33,6,119219,1
B10476,Kavya Chopra,46,Hyderabad,salaried,2.0,22510,6,4,72000,6,education,0,5,1,6,17.9,3,34,20703,13683,17946,0.061,0.0593,0.0289,344,1,0,2,0,2,1,2,80,0.3,0.088,0,1,1,17312,3,4.6,11.7,4,0,91,0,3,1,0,0,31559,1
B10477,Sunita Iyer,39,Pune,self-employed,1.6,34087,1,3,53000,18,business,0,1,1,0,1.6,0,0,33377,22312,10550,0.058,0.0682,0.0527,288,0,0,2,1,2,2,2,78,0.317,0.062,0,1,0,29683,5,3.9,3.0,0,1,82,0,0,0,30,4,0,1
B10478,Vihaan Agarwal,45,Pune,self-employed,1.4,33025,1,1,100000,12,home-repair,0,3,3,1,6.2,0,23,33948,25461,31400,0.048,-0.0169,-0.0337,382,0,0,1,1,2,0,2,44,0.356,0.284,0,1,0,31489,0,0,3.1,0,0,82,0,1,1,8,0,63522,3
B10479,Ira Iyer,24,Jaipur,self-employed,3.6,38666,4,2,204000,6,education,0,1,0,4,28.4,0,58,35256,26771,25241,0.069,0.0182,-0.0151,422,0,0,0,2,2,2,0,57,0.256,0.286,0,1,0,34538,2,4.4,3.6,3,1,46,0,1,1,4,2,59347,1
B10480,Sanjay Khan,27,Mumbai,self-employed,5.6,104909,5,0,325000,6,education,0,7,7,0,4.7,0,0,106700,69588,30775,0.076,-0.0173,0.1142,373,0,0,2,2,2,2,2,95,0.207,0.025,0,2,0,113705,2,3.6,9.2,4,2,79,4,1,1,25,5,213588,2
B10481,Ishaan Das,25,Hyderabad,self-employed,2.5,38923,6,1,130000,12,business,0,4,4,2,5.3,0,57,39363,23763,13941,0.061,-0.0165,0.04,379,0,0,2,2,1,2,2,72,0.192,0.089,0,3,0,37637,3,3.9,2.9,3,1,27,2,1,0,26,2,5543,0
B10482,Sunita Sharma,42,Bengaluru,self-employed,1.3,30287,5,2,130000,12,medical,0,5,5,3,5.3,0,52,32002,24902,23754,0.032,-0.0587,-0.2009,324,3,3,0,2,2,0,0,65,0.208,0.068,0,2,0,34217,1,4.9,7.1,1,1,107,3,0,0,2,0,0,1
B10483,Ira Yadav,39,Surat,self-employed,7.7,52497,1,2,163000,12,home-repair,0,5,5,0,0.7,0,0,52653,33540,13864,0.074,0.0561,-0.0159,325,0,0,1,1,2,2,2,54,0.401,0.076,0,1,0,55432,3,4.6,6.9,3,3,75,4,0,0,21,5,57529,1
B10484,Geeta Sharma,52,Bengaluru,self-employed,13.7,81430,2,2,140000,12,personal,0,2,2,1,9.5,0,54,84970,58165,20282,0.057,-0.0014,0.0256,394,0,0,2,2,2,2,2,91,0.237,0.078,0,1,1,89951,5,4.7,11.3,4,0,25,3,0,0,24,3,49372,2
B10485,Amit Rao,21,Nagpur,self-employed,13.3,55219,5,4,214000,12,home-repair,0,7,7,1,11.2,0,28,55915,37669,16928,0.056,0.0086,0.0411,384,0,0,2,2,1,2,2,91,0.311,0.049,1,2,0,48090,4,3.9,6.1,4,1,43,4,1,1,11,3,166268,0
B10486,Sneha Mishra,32,Delhi,salaried,4.6,47352,6,4,84000,12,personal,0,3,3,2,6.1,0,59,44360,27293,10084,0.073,0.0534,0.0661,395,0,0,2,2,1,2,2,67,0.228,0.081,0,1,0,44844,6,3.8,6.6,0,0,104,1,1,0,14,6,135246,2
B10487,Anil Gupta,52,Kochi,salaried,1.6,41022,6,4,170000,6,home-repair,0,5,3,4,27.1,1,36,40592,34170,22973,0.021,0.0138,0.0665,313,0,0,2,2,2,1,2,57,0.288,0.191,1,2,0,46998,0,0,6.8,2,1,93,3,2,2,1,5,86786,2
B10488,Nikhil Rao,46,Pune,self-employed,5.1,21192,1,1,111000,24,business,0,1,1,3,24.9,0,51,22320,15321,17574,0.08,-0.02,0.0974,392,0,1,0,0,1,2,0,43,0.237,0.237,0,1,0,22916,3,3.6,8.9,4,1,102,1,1,1,0,3,30272,3
B10489,Reyansh Iyer,25,Nagpur,business,3.4,29024,5,1,87000,6,personal,0,6,6,1,5.2,0,57,26814,15166,9987,0.043,-0.0088,-0.0546,316,0,0,1,2,2,2,2,76,0.244,0.082,0,1,0,28021,6,4.5,11.0,4,0,24,1,1,1,33,0,20964,0
B10490,Meera Khan,30,Nagpur,self-employed,1.7,53687,5,3,202000,24,medical,0,2,2,0,2.8,0,0,52144,33734,16032,0.049,0.0187,-0.1682,305,0,0,2,2,2,2,2,83,0.234,0.097,0,1,0,48301,6,4.6,9.4,3,1,91,4,1,0,30,4,4709,1
B10491,Amit Chopra,33,Kolkata,daily-wage,5.0,93718,2,3,206000,12,education,0,5,5,1,12.2,0,50,93962,55750,20334,0.054,-0.0238,0.2263,264,0,0,2,2,2,2,2,83,0.309,0.056,0,2,2,102210,2,3.8,2.1,3,1,60,1,1,0,8,0,264248,0
B10492,Diya Mishra,46,Indore,self-employed,2.3,51767,4,0,410000,12,education,0,1,0,4,17.6,0,23,52030,35684,47068,0.059,0.1273,0.0087,414,1,0,2,2,2,0,0,54,0.254,0.022,0,1,0,50367,2,4.6,5.3,2,1,93,3,1,1,8,5,87745,4
B10493,Krishna Kulkarni,38,Nagpur,salaried,0.2,23549,1,0,189000,6,education,0,1,1,0,3.4,0,0,21314,14124,15667,0.089,-0.0004,-0.0903,441,0,2,2,2,0,2,0,55,0.187,0.032,0,3,0,21598,2,4.4,2.7,1,1,54,0,0,0,2,6,20230,3
B10494,Reyansh Agarwal,42,Nagpur,business,3.7,28287,6,1,92000,6,medical,0,1,0,1,27.7,1,35,27150,17510,19851,0.038,-0.0528,-0.0696,359,0,1,1,1,2,1,2,78,0.291,0.045,0,1,0,26739,1,3.6,3.4,0,0,104,4,0,0,3,5,0,0
B10495,Geeta Mishra,37,Bengaluru,salaried,7.2,56442,1,3,138000,3,education,0,1,1,1,7.2,0,29,58005,32539,16859,0.069,-0.1117,-0.1097,256,0,0,1,2,0,2,2,67,0.326,0.116,0,2,0,53469,6,3.8,1.3,0,2,58,1,1,1,6,6,109913,2
B10496,Vihaan Sharma,38,Pune,self-employed,1.8,35599,4,2,76000,3,education,0,3,3,2,18.4,0,18,34594,22708,11470,0.052,0.0496,-0.0678,266,1,0,2,2,2,2,1,59,0.423,0.097,1,1,0,35985,6,4.6,2.3,4,2,21,0,1,0,30,0,29562,0
B10497,Arjun Reddy,23,Jaipur,salaried,12.3,85730,2,0,294000,12,home-repair,0,5,5,1,22.2,0,12,81155,45215,26334,0.066,-0.0576,0.2711,364,0,0,2,2,2,2,2,88,0.388,0.078,0,3,0,84282,3,4.7,11.2,0,3,78,4,1,1,29,6,175222,0
B10498,Lakshmi Pillai,31,Ahmedabad,salaried,1.1,12888,1,1,55000,12,business,1,0,0,0,3.8,0,0,12360,8061,7632,0.069,0.0127,-0.3089,338,1,2,1,2,1,0,2,72,0.183,0.243,0,1,0,12438,3,4.3,11.8,1,0,106,4,1,0,0,6,15771,3
B10499,Neha Kulkarni,39,Chennai,salaried,3.5,40254,4,4,118000,12,personal,0,1,0,4,6.0,0,29,40329,30479,23618,0.054,-0.0092,0.2906,370,0,1,2,2,0,2,2,51,0.289,0.169,0,1,0,40735,3,4.3,11.1,2,0,59,1,1,1,0,6,22554,0
B10500,Geeta Pillai,37,Jaipur,daily-wage,1.6,38830,4,1,241000,24,medical,0,4,4,3,7.6,0,31,38718,24634,36263,0.064,-0.0828,0.0127,361,0,0,2,2,0,2,0,43,0.262,0.207,0,4,0,33333,1,4.3,5.8,1,1,84,4,0,0,6,1,72466,4
B10501,Ishaan Singh,25,Pune,business,1.8,26376,4,2,119000,6,medical,1,0,0,0,0.3,0,0,24523,16547,13844,0.062,0.0345,-0.2598,331,3,2,0,0,0,2,0,47,0.453,0.213,0,1,0,25501,1,4.7,2.4,4,1,86,1,0,0,7,1,32917,1
B10502,Sneha Das,22,Chennai,self-employed,13.9,83200,6,2,144000,12,medical,0,8,8,0,4.1,0,0,77974,47877,24259,0.054,0.0402,-0.0992,306,0,0,2,2,2,2,2,76,0.297,0.099,0,2,1,69468,3,3.6,10.5,3,2,90,0,0,0,24,3,97399,1
B10503,Reyansh Mehta,19,Kochi,self-employed,4.7,31141,5,2,90000,12,education,0,1,0,3,27.3,1,56,31456,24697,19461,0.075,-0.0045,-0.2053,372,2,1,2,2,2,1,1,57,0.293,0.118,0,4,0,32074,1,3.9,11.1,2,0,89,3,0,0,4,5,14952,1
B10504,Arun Rao,19,Kochi,daily-wage,1.9,22795,6,1,65000,12,personal,0,6,4,5,29.9,1,45,22639,14313,16434,0.094,0.0261,0.1717,300,0,2,0,2,1,2,0,49,0.452,0.16,0,1,2,32252,1,4.4,7.8,1,1,73,0,2,1,2,0,8335,5
B10505,Kavitha Khan,40,Delhi,business,2.2,23592,6,3,99000,12,medical,0,1,0,2,24.9,2,24,26020,16800,21363,0.039,0.0122,0.0128,334,1,0,0,0,0,0,2,62,0.351,0.164,0,5,0,21482,1,3.6,8.7,2,0,107,3,1,0,7,3,36699,5
B10506,Sai Nair,30,Delhi,salaried,2.6,15798,2,2,104000,12,education,0,2,0,4,18.0,1,12,16288,11073,12390,0.099,-0.0292,0.0864,427,1,1,0,2,2,0,0,52,0.239,0.119,1,1,0,8453,3,4.1,11.0,4,1,99,3,3,0,9,5,22297,2
B10507,Ishaan Bose,28,Kolkata,self-employed,4.2,54501,5,2,107000,3,education,0,6,6,1,13.4,0,30,51825,34291,21760,0.07,0.0454,0.0706,329,1,1,2,0,2,2,2,77,0.303,0.063,0,1,0,54964,5,3.6,7.3,2,0,24,4,1,1,24,5,74563,0
B10508,Kiran Mehta,28,Pune,salaried,1.7,32565,4,4,183000,12,education,0,5,5,2,21.4,0,31,31828,22342,28446,0.041,0.015,-0.0829,344,0,1,2,2,2,2,0,58,0.33,0.2,0,2,0,34520,1,4.2,5.6,2,0,73,1,0,0,3,6,5859,4
B10509,Ira Verma,40,Kolkata,daily-wage,0.8,23455,2,0,195000,12,medical,1,0,0,0,0.1,0,0,22675,15764,16096,0.064,0.1275,-0.0419,358,0,2,2,2,1,2,2,68,0.377,0.028,0,2,0,22432,1,3.9,8.5,2,1,64,4,1,1,1,0,11148,0
B10510,Vikram Reddy,43,Hyderabad,self-employed,1.5,26053,6,1,167000,12,medical,0,1,1,0,3.1,0,0,23311,18948,23296,0.053,-0.0055,0.1811,348,0,0,2,0,2,1,0,52,0.273,0.079,0,3,2,25491,1,3.7,11.3,3,1,13,1,1,0,1,2,9127,1
B10511,Meera Chopra,19,Pune,self-employed,3.2,27496,5,4,126000,3,medical,0,4,4,2,16.8,0,53,26243,17951,23514,0.058,0.0326,0.0248,351,0,1,2,0,2,2,0,49,0.317,0.237,0,2,1,22467,2,4.9,5.9,2,1,103,4,1,0,7,0,10355,1
B10512,Kiran Khan,23,Kolkata,salaried,2.6,41087,3,0,129000,12,medical,0,2,2,2,24.4,0,17,43750,28073,10892,0.047,0.0276,0.0367,330,0,0,2,2,2,2,2,48,0.352,0.093,1,1,0,42834,4,4.6,9.7,0,0,38,1,0,0,17,6,124857,1
B10513,Ira Iyer,37,Hyderabad,self-employed,11.1,85646,1,1,330000,18,home-repair,0,8,8,0,3.4,0,0,84608,49374,29972,0.042,0.0251,-0.1965,339,0,0,2,2,2,2,2,76,0.213,0.053,0,1,0,92404,3,3.7,2.3,0,0,99,3,1,1,10,0,204655,2
B10514,Suresh Sharma,39,Kolkata,salaried,2.0,45190,4,1,152000,6,business,0,5,5,0,2.2,0,0,43978,27639,9248,0.097,0.0495,0.1265,305,0,0,2,2,1,2,2,95,0.395,0.082,0,2,1,40429,2,4.9,6.4,3,1,15,2,1,0,26,6,99736,2
B10515,Ishaan Pillai,43,Delhi,salaried,7.8,52879,1,4,129000,3,business,0,1,1,1,25.9,0,36,54394,32568,16768,0.061,-0.0733,-0.093,322,0,0,2,2,2,2,2,69,0.342,0.032,0,1,1,49514,2,3.8,3.8,2,2,67,2,1,1,25,6,8821,0
B10516,Vihaan Singh,29,Chennai,self-employed,10.2,86750,6,4,154000,12,medical,0,5,5,0,4.2,0,0,90324,59852,28508,0.064,-0.0044,0.0186,359,1,0,2,2,2,2,2,92,0.357,0.095,0,3,1,92823,4,4.0,1.7,2,2,74,2,0,0,7,5,124711,2
B10517,Sunita Agarwal,35,Kolkata,self-employed,0.6,49912,3,3,297000,24,medical,0,6,5,2,28.8,1,38,48514,33315,33112,0.097,0.0261,0.1331,299,1,1,2,2,0,1,1,54,0.191,0.289,0,2,1,61168,3,4.5,11.7,3,0,26,0,3,2,3,5,42843,3
B10518,Arjun Bose,43,Bengaluru,business,2.0,47760,3,3,170000,12,home-repair,0,3,3,0,4.0,0,0,46856,27402,14559,0.056,0.0202,-0.02,304,0,0,2,2,2,2,2,86,0.309,0.022,0,1,0,46004,5,4.4,8.7,0,0,91,2,0,0,32,4,77402,1
B10519,Reyansh Pillai,19,Mumbai,self-employed,1.0,9071,3,1,53000,6,personal,0,1,1,0,2.4,0,0,9182,6823,5726,0.087,-0.0136,-0.0001,349,2,0,2,0,1,1,0,68,0.156,0.044,0,2,0,9460,2,3.8,3.6,1,1,39,1,1,0,5,0,12652,1
B10520,Myra Patel,35,Mumbai,salaried,2.0,17557,3,4,145000,3,business,0,1,1,0,1.9,0,0,16962,12034,16372,0.072,-0.092,-0.1209,417,1,1,2,0,0,0,1,43,0.212,0.099,0,2,0,17263,1,4.1,6.1,2,1,15,4,1,0,7,6,915,3
B10521,Geeta Rao,50,Hyderabad,salaried,11.9,58777,3,4,88000,18,home-repair,0,2,2,1,12.8,0,40,56608,35608,14086,0.068,0.0189,-0.0012,362,0,0,2,2,2,2,2,99,0.257,0.089,0,1,0,53971,2,3.9,2.0,3,0,30,4,0,0,24,6,173867,0
B10522,Reyansh Singh,40,Chennai,self-employed,0.8,8000,5,4,59000,12,business,0,5,3,4,19.4,1,18,8256,6659,4875,0.076,0.0131,-0.1381,286,2,1,2,2,0,1,0,53,0.365,0.245,1,2,2,11779,0,0,8.7,1,1,81,1,3,0,4,3,10973,2
B10523,Arun Yadav,19,Bengaluru,business,5.5,37892,1,3,265000,18,medical,0,5,5,3,12.9,0,29,38068,26704,25784,0.067,-0.0105,-0.1239,288,0,2,2,2,2,2,1,77,0.447,0.08,0,1,0,32652,0,0,6.6,3,1,46,0,0,0,7,0,42726,4
B10524,Kiran Sharma,32,Chennai,salaried,1.4,16727,3,1,54000,24,personal,0,1,1,0,2.9,0,0,16083,9475,13320,0.062,0.0034,0.0678,359,0,1,2,2,2,1,0,62,0.445,0.233,0,2,1,14527,3,4.0,4.7,2,1,54,0,1,0,2,6,23893,1
B10525,Sunita Agarwal,30,Indore,business,0.8,33604,4,4,251000,24,personal,1,0,0,0,2.7,0,0,34955,23803,33536,0.067,0.0569,0.0885,347,1,0,2,2,0,0,2,61,0.141,0.284,0,2,2,35310,3,4.5,8.1,2,0,116,0,1,0,2,3,35972,3
B10526,Priya Bose,49,Bengaluru,salaried,1.4,49956,1,2,141000,3,home-repair,0,4,3,4,24.3,0,37,47247,31682,36921,0.061,0.07,-0.1356,410,0,1,2,2,2,2,2,64,0.126,0.062,0,1,0,44218,2,4.2,8.1,4,1,41,0,1,1,9,6,92076,4
B10527,Neha Das,59,Mumbai,salaried,4.9,41707,1,1,64000,12,medical,0,5,5,2,21.9,0,42,40852,30472,14055,0.069,0.0342,0.1522,356,0,0,2,0,2,2,2,65,0.381,0.023,0,1,1,39028,4,4.4,6.0,2,1,54,2,0,0,34,6,0,2
B10528,Pooja Patel,48,Jaipur,business,13.4,60304,6,3,228000,6,personal,0,6,6,0,4.5,0,0,59416,35559,15051,0.032,-0.037,0.1071,393,0,0,2,2,2,2,1,68,0.291,0.075,0,1,0,50800,5,3.6,10.6,1,2,17,3,1,0,6,0,94139,2
B10529,Kabir Verma,40,Surat,salaried,7.3,52125,4,4,184000,18,business,0,3,3,1,15.2,0,8,52568,32762,21588,0.061,0.0489,0.0344,369,0,0,2,1,1,2,2,74,0.251,0.029,0,1,0,48274,6,4.8,2.5,2,0,93,2,1,1,27,6,5100,0
B10530,Sanjay Yadav,23,Bengaluru,self-employed,5.6,52882,5,3,183000,6,medical,0,5,5,0,1.6,0,0,51884,30251,17424,0.065,0.0311,0.0008,352,0,0,2,1,2,2,2,71,0.382,0.1,0,1,0,48920,3,4.4,7.6,2,1,19,4,1,0,35,4,156380,2
B10531,Divya Mishra,25,Kolkata,business,2.2,30385,2,4,180000,18,home-repair,0,4,4,2,26.2,0,35,31490,25704,20880,0.067,0.0224,-0.0161,346,2,1,2,0,0,2,0,60,0.317,0.196,0,3,0,27940,3,3.9,2.1,3,0,110,4,0,0,0,0,53588,1
B10532,Arjun Iyer,20,Lucknow,salaried,4.2,18266,6,0,40000,12,business,0,4,3,4,11.1,0,8,17724,13905,10923,0.054,0.0678,-0.2491,332,2,0,2,1,0,2,2,69,0.359,0.289,0,3,0,16971,1,3.6,2.3,0,0,18,1,0,0,4,6,27371,4
B10533,Sai Nair,26,Kolkata,self-employed,3.9,31246,5,0,109000,6,education,0,3,3,1,19.4,0,53,30570,19312,8950,0.059,-0.0026,-0.1057,328,0,1,2,2,2,2,2,82,0.299,0.054,0,2,0,30027,3,3.6,10.3,2,1,21,1,1,0,26,0,54980,2
B10534,Vihaan Bose,37,Bengaluru,business,5.8,53940,3,0,205000,3,personal,0,5,5,1,21.7,0,47,51160,33221,19528,0.067,-0.0409,-0.0407,350,0,0,2,2,2,2,2,71,0.44,0.101,0,2,0,52662,5,4.4,5.2,1,1,117,1,1,0,8,5,126609,2
B10535,Amit Mishra,37,Indore,business,4.2,21155,3,1,115000,6,home-repair,0,2,2,2,20.9,0,31,21680,16701,16748,0.058,-0.0259,0.0866,440,1,0,2,2,2,2,0,41,0.159,0.29,0,1,0,23410,2,3.6,5.7,3,0,22,4,1,1,2,4,25611,3
B10536,Priya Iyer,34,Mumbai,business,5.6,30531,2,3,88000,12,home-repair,0,5,5,1,6.7,0,41,28712,18421,9039,0.064,-0.0189,0.0378,343,0,0,2,2,2,2,2,88,0.347,0.083,0,3,0,26753,4,4.6,11.5,3,3,57,4,1,1,9,4,44441,2
B10537,Rahul Iyer,34,Kochi,business,7.5,52285,5,4,203000,18,home-repair,0,3,3,0,1.4,0,0,55040,36666,16607,0.055,-0.0185,-0.0335,382,1,0,1,2,2,2,1,53,0.201,0.065,0,1,1,48107,2,4.9,1.0,1,0,97,4,0,0,22,0,3802,1
B10538,Pooja Chopra,33,Pune,salaried,12.9,62313,2,3,175000,24,business,0,7,7,1,18.4,0,58,59087,40802,18816,0.063,0.0054,0.2269,322,0,0,2,2,2,2,2,99,0.406,0.118,0,1,0,60517,3,4.2,2.5,1,2,103,1,1,0,15,6,238103,0
B10539,Sanjay Rao,21,Chennai,self-employed,0.2,22928,1,3,165000,24,medical,1,0,0,0,3.9,0,0,22102,17949,13946,0.047,-0.0051,0.2831,345,0,1,1,0,2,0,0,62,0.302,0.288,0,1,0,24050,2,4.3,6.3,4,1,16,0,0,0,1,4,31796,3
B10540,Arjun Reddy,46,Mumbai,self-employed,3.5,36557,2,1,230000,6,medical,0,2,2,3,21.8,0,41,35318,24624,16948,0.09,0.0663,-0.1508,419,2,0,2,2,0,0,0,47,0.252,0.17,1,1,1,31186,0,0,1.4,3,0,40,3,1,0,5,2,37410,1
B10541,Amit Patel,54,Surat,business,6.4,42759,5,4,102000,6,business,0,5,5,1,13.8,0,57,41450,23535,11450,0.05,-0.0545,0.05,316,0,0,2,2,2,2,2,77,0.45,0.032,0,1,1,39314,6,4.0,7.2,1,1,74,0,0,0,32,5,59365,0
B10542,Krishna Mehta,47,Pune,business,6.5,92369,1,3,330000,12,personal,0,8,8,0,1.9,0,0,90980,61234,27259,0.077,0.0489,-0.1844,406,0,0,2,2,2,2,1,98,0.292,0.05,0,1,0,96573,4,4.9,7.8,4,3,57,2,1,0,25,3,287164,2
B10543,Kabir Gupta,33,Hyderabad,self-employed,0.3,16400,6,3,146000,6,business,1,0,0,0,3.8,0,0,17027,11805,14234,0.066,0.0061,-0.0865,340,2,1,1,0,0,0,2,56,0.403,0.133,0,2,0,14788,3,3.6,2.9,1,0,50,0,1,0,9,0,3365,3
B10544,Neha Singh,38,Bengaluru,self-employed,4.2,26684,6,3,84000,3,medical,0,2,2,2,21.0,0,13,27801,21290,14335,0.097,0.0571,0.0505,262,1,0,2,2,2,2,1,64,0.395,0.167,0,4,2,25038,3,4.4,1.0,2,0,44,3,1,0,1,2,83475,0
B10545,Manoj Iyer,35,Bengaluru,daily-wage,5.3,20599,6,3,77000,3,education,0,4,4,2,8.4,0,14,18736,10491,17979,0.075,0.0055,-0.0632,378,2,1,2,2,1,2,2,68,0.276,0.172,0,1,0,18753,0,0,8.0,3,0,89,1,1,0,7,4,43014,2
B10546,Sneha Das,34,Bengaluru,self-employed,3.9,30524,1,1,91000,12,home-repair,0,1,1,2,23.6,0,54,27249,15663,8636,0.056,0.0076,-0.0417,353,0,0,2,2,0,1,1,78,0.407,0.07,0,1,0,23725,4,4.4,1.3,1,3,85,4,1,0,32,5,82682,0
B10547,Kabir Reddy,28,Mumbai,self-employed,5.7,54478,4,0,176000,6,medical,0,2,2,2,22.4,0,54,52228,31374,15996,0.065,-0.0742,0.0397,387,0,0,2,2,2,1,2,63,0.272,0.059,0,1,0,55176,4,3.8,7.8,2,1,91,3,1,0,22,3,37436,2
B10548,Amit Yadav,25,Lucknow,salaried,0.2,12592,5,3,102000,6,education,1,0,0,0,4.5,0,0,12079,7072,7911,0.04,0.029,-0.0766,324,2,1,2,0,0,2,2,49,0.26,0.135,0,3,0,12814,2,3.9,11.6,0,0,29,2,0,0,2,6,7930,3
B10549,Vihaan Chopra,30,Pune,self-employed,5.3,40519,3,0,103000,3,personal,0,1,0,4,23.2,1,30,36151,25592,24951,0.057,-0.0478,0.1399,329,1,2,2,0,2,1,2,63,0.33,0.164,0,1,0,37307,3,4.2,9.9,0,1,24,4,0,0,9,2,49643,3
B10550,Kabir Khan,51,Hyderabad,salaried,5.8,41898,5,4,296000,18,medical,0,1,1,1,22.4,0,14,40647,23866,22420,0.055,0.0732,-0.1345,419,0,0,2,2,0,1,2,58,0.219,0.295,0,2,0,43405,0,0,1.3,4,0,29,4,1,0,9,6,66699,4
B10551,Vihaan Rao,41,Mumbai,salaried,4.2,29173,3,0,190000,12,home-repair,0,3,2,3,7.9,1,28,27453,17103,13368,0.073,0.0236,-0.0113,371,1,1,2,2,2,2,2,74,0.264,0.025,0,4,0,27748,2,4.6,8.5,3,1,18,4,1,1,7,6,58114,0
B10552,Meera Nair,22,Pune,daily-wage,5.6,38987,5,0,99000,18,business,0,5,5,0,3.9,0,0,39128,23900,9229,0.058,0.0152,0.1597,303,0,0,2,2,2,2,2,99,0.358,0.032,0,1,1,34161,4,4.4,6.9,3,3,68,4,0,0,10,0,108747,1
B10553,Rahul Das,19,Surat,business,3.3,67877,3,4,250000,6,education,0,4,4,1,20.7,0,15,73170,45971,23882,0.046,-0.0767,0.0606,383,0,0,2,2,2,2,2,77,0.364,0.101,0,1,0,78779,6,4.2,6.4,4,2,24,3,1,0,22,3,122479,1
B10554,Diya Gupta,22,Mumbai,salaried,3.3,40799,3,3,266000,18,personal,0,4,4,2,4.5,0,19,39368,26871,40710,0.058,0.0036,0.0806,429,0,0,2,1,2,0,2,52,0.174,0.151,0,1,0,41119,1,4.5,3.0,4,0,13,2,0,0,5,6,81598,2
B10555,Reyansh Khan,40,Kolkata,business,14.2,55736,5,4,136000,18,medical,0,5,5,0,0.4,0,0,57849,33586,13906,0.034,0.0429,0.026,389,0,0,2,2,2,2,2,92,0.288,0.08,0,1,0,55915,6,4.5,6.7,0,0,50,4,0,0,33,2,227943,1
B10556,Krishna Mishra,29,Pune,business,0.6,21733,6,2,151000,3,medical,0,1,1,0,3.8,0,0,21823,16059,13772,0.049,-0.0054,0.2839,434,0,1,2,2,2,2,0,63,0.169,0.094,0,1,0,23791,3,4.3,8.6,2,1,63,0,1,0,2,3,0,0
B10557,Ravi Agarwal,35,Kolkata,salaried,7.9,68666,6,4,219000,24,education,0,6,6,0,4.5,0,0,67600,45063,21673,0.086,0.0554,0.1261,291,0,0,2,1,2,2,2,82,0.293,0.114,0,1,0,62503,5,3.6,3.8,2,3,105,2,0,0,8,6,266909,2
B10558,Rohan Agarwal,27,Kolkata,daily-wage,1.0,21484,4,3,96000,12,business,1,0,0,0,4.3,0,0,22380,15892,16677,0.052,0.0019,0.1445,372,0,0,2,1,2,0,1,51,0.176,0.133,0,1,0,23716,3,4.8,3.6,4,1,33,2,0,0,9,4,44211,5
B10559,Vikram Mehta,31,Kolkata,self-employed,5.3,34266,5,1,66000,12,home-repair,0,6,6,1,16.5,0,55,31730,20293,9288,0.06,-0.0847,-0.0321,346,0,0,2,2,1,2,2,73,0.222,0.077,0,1,0,27869,2,4.2,1.3,3,3,82,4,0,0,12,3,52620,1
B10560,Krishna Bose,51,Delhi,self-employed,2.2,8000,2,2,34000,6,education,0,6,3,3,6.3,3,10,8023,6131,7579,0.047,0.0282,0.0648,280,0,0,2,0,0,0,1,77,0.217,0.261,0,2,0,10301,3,4.7,9.6,2,0,105,4,2,0,6,1,5845,0
B10561,Reyansh Mishra,26,Lucknow,salaried,9.9,62626,6,3,115000,3,home-repair,0,3,3,1,7.5,0,11,64476,37278,21002,0.072,-0.0556,-0.0792,343,0,0,2,2,2,2,2,99,0.326,0.119,0,1,0,56734,6,3.7,1.9,3,0,76,4,0,0,13,6,265578,1
B10562,Aarav Mehta,48,Bengaluru,self-employed,2.4,8000,5,4,39000,12,personal,0,1,0,6,27.1,1,59,8125,5321,6709,0.129,0.0961,-0.1503,328,0,1,0,0,1,0,2,65,0.236,0.297,0,2,0,6957,2,3.5,4.7,3,1,22,4,1,1,1,0,4809,5
B10563,Amit Kulkarni,25,Bengaluru,salaried,3.5,24388,2,2,218000,12,business,0,3,2,4,22.6,0,19,22648,15947,15108,0.047,-0.0785,-0.0895,418,1,0,2,2,2,2,1,56,0.239,0.021,0,1,0,24225,0,0,9.0,1,0,83,4,0,0,8,6,19948,4
B10564,Aarav Bose,41,Delhi,salaried,4.9,58972,6,2,97000,6,business,0,7,7,1,5.6,0,55,55532,33584,19005,0.073,-0.0196,-0.0109,280,1,0,2,2,2,2,1,93,0.353,0.044,0,3,0,48582,6,3.5,6.4,4,0,45,1,0,0,27,6,242278,1
B10565,Sara Patel,36,Indore,self-employed,2.1,51853,3,3,201000,3,personal,0,6,6,2,16.8,0,30,49210,31278,13166,0.065,-0.0312,-0.131,365,0,0,2,2,2,2,2,51,0.159,0.044,0,3,1,53978,3,4.6,3.5,1,0,107,2,0,0,6,0,67323,0
B10566,Reyansh Singh,28,Lucknow,salaried,7.0,33955,4,4,62000,12,education,0,3,3,2,27.6,0,12,34608,22858,9533,0.084,-0.0554,-0.0014,356,0,0,2,2,2,2,1,84,0.289,0.034,0,1,0,35753,3,3.9,8.9,1,1,94,0,1,0,12,6,0,1
B10567,Ravi Das,40,Chennai,self-employed,4.6,36216,5,3,301000,3,home-repair,0,3,3,1,7.1,0,32,32763,23233,23879,0.04,-0.0114,-0.0897,322,1,1,2,2,2,0,2,63,0.247,0.035,0,2,0,31352,3,3.7,6.9,0,1,19,1,1,1,6,2,10603,3
B10568,Kavitha Agarwal,38,Chennai,self-employed,5.7,80424,1,3,220000,18,personal,0,5,5,0,1.6,0,0,80546,52530,22941,0.075,0.0102,-0.1784,291,0,0,2,1,2,2,2,65,0.248,0.051,0,2,0,81555,5,4.0,6.6,1,1,14,1,0,0,8,3,116167,1
B10569,Ravi Khan,25,Chennai,self-employed,2.2,34113,2,1,300000,12,medical,0,2,2,3,18.9,0,59,36269,22473,21074,0.052,-0.0816,0.0572,379,2,1,1,2,2,2,1,67,0.322,0.141,0,3,0,33887,1,3.9,3.0,0,1,101,2,0,0,7,0,18776,3
B10570,Arjun Nair,47,Kolkata,self-employed,0.6,16598,2,3,89000,6,education,0,1,1,0,0.2,0,0,15846,11798,9572,0.054,-0.036,-0.0267,302,1,0,2,1,2,1,2,74,0.227,0.127,0,1,0,14649,0,0,4.4,3,0,17,4,1,1,2,0,45569,4
B10571,Lakshmi Gupta,42,Delhi,self-employed,6.9,37583,6,1,133000,24,medical,0,2,2,0,4.7,0,0,34811,24172,13251,0.052,-0.0993,0.0567,307,0,0,2,1,2,1,2,57,0.238,0.087,0,3,1,30997,6,5.0,10.6,3,3,13,4,0,0,35,2,76910,0
B10572,Ira Agarwal,31,Bengaluru,self-employed,4.0,39300,6,1,61000,12,education,0,5,5,0,2.7,0,0,35977,23097,9834,0.058,-0.0035,-0.0324,279,0,0,2,2,2,1,2,72,0.424,0.1,0,2,0,34820,4,4.4,2.2,3,0,83,0,0,0,13,4,37497,0
B10573,Kavya Joshi,31,Bengaluru,salaried,4.6,85772,5,4,150000,6,medical,0,7,7,1,8.7,0,54,84656,55733,31471,0.073,-0.0086,-0.0503,342,0,0,2,2,2,2,2,93,0.269,0.029,0,1,1,84295,2,4.7,11.3,3,2,119,0,1,1,32,6,362239,1
B10574,Rahul Yadav,26,Mumbai,salaried,0.6,34784,6,0,154000,3,medical,0,3,0,4,22.4,3,48,34217,22268,26402,0.047,0.0942,-0.0063,350,0,0,1,2,0,0,1,68,0.346,0.11,0,1,0,42293,1,5.0,8.8,1,0,87,0,0,0,2,1,46352,2
B10575,Meera Reddy,19,Delhi,salaried,1.5,8000,5,3,24000,6,home-repair,0,4,0,6,29.1,3,42,7920,6103,7305,0.041,-0.0248,0.0004,399,1,1,2,2,0,1,0,54,0.188,0.056,0,2,0,7679,2,4.9,9.9,1,0,60,4,2,0,6,3,4073,4
B10576,Divya Chopra,23,Mumbai,business,4.3,85553,2,1,225000,12,home-repair,0,5,5,1,18.4,0,53,86457,51229,24915,0.031,0.0245,-0.1069,280,0,0,2,2,2,2,2,90,0.35,0.082,0,1,0,78030,4,3.8,4.9,2,0,106,3,1,1,13,2,295738,2
B10577,Aarav Chopra,39,Pune,salaried,3.3,44616,1,3,275000,6,business,0,1,0,4,9.5,0,40,45871,32810,34623,0.04,-0.0364,-0.0612,395,3,1,0,2,2,2,1,67,0.083,0.213,0,2,0,44551,2,4.9,5.7,1,0,116,3,1,1,0,6,109362,5
B10578,Rahul Chopra,42,Ahmedabad,self-employed,1.9,22705,1,1,160000,6,personal,0,1,1,0,0.5,0,0,21684,13789,17799,0.036,0.001,0.0219,413,1,0,0,0,0,1,0,75,0.298,0.18,1,2,0,20289,0,0,7.2,2,0,34,0,1,0,4,2,0,5
B10579,Sanjay Bose,29,Chennai,salaried,0.9,10048,1,2,69000,24,education,0,6,3,3,20.4,3,57,9786,7192,6285,0.065,-0.0176,0.101,364,0,0,2,2,0,2,0,53,0.277,0.146,1,1,0,13798,3,3.7,9.9,1,0,66,2,1,0,2,3,3599,5
B10580,Sai Mehta,42,Chennai,business,1.7,35961,6,3,268000,18,personal,0,4,4,2,10.1,0,57,36686,25178,32924,0.042,-0.0683,-0.2292,417,0,0,2,2,1,2,0,26,0.236,0.068,0,1,0,37407,0,0,2.5,2,0,74,0,0,0,0,2,63556,0
B10581,Aarav Kulkarni,20,Pune,daily-wage,7.3,32507,1,4,86000,12,education,0,1,1,0,2.2,0,0,31342,18900,8332,0.03,-0.0078,0.12,329,0,0,2,1,2,2,2,57,0.288,0.102,0,1,0,32204,6,4.0,5.7,2,3,59,4,1,1,26,3,51343,2
B10582,Geeta Mehta,21,Bengaluru,salaried,3.7,32930,6,4,100000,18,medical,0,1,1,1,19.2,0,5,32474,18021,8922,0.052,-0.0053,-0.0251,392,0,0,2,2,2,0,1,81,0.304,0.092,0,1,0,30235,6,4.8,7.9,2,0,26,4,1,1,17,6,20332,2
B10583,Kavya Das,41,Chennai,business,5.9,37445,1,2,88000,18,home-repair,0,1,1,1,19.4,0,17,34397,21833,11412,0.046,0.0298,0.002,272,0,0,2,2,2,2,2,64,0.322,0.092,0,1,1,30003,2,4.8,3.1,3,2,41,0,1,1,11,2,27310,0
B10584,Sunita Pillai,19,Ahmedabad,daily-wage,5.9,39950,4,0,192000,24,education,0,4,3,4,4.8,0,52,39725,29693,31153,0.03,-0.048,0.1277,355,1,2,2,0,1,2,0,54,0.124,0.286,0,2,0,34856,1,4.3,11.2,3,0,34,2,1,0,2,4,9961,5
B10585,Sara Nair,39,Kolkata,salaried,11.7,48112,1,1,184000,6,personal,0,3,3,1,19.9,0,53,45231,28012,14887,0.055,-0.0156,0.1285,311,0,0,2,2,2,2,2,99,0.259,0.098,0,1,0,38614,4,4.6,6.5,0,1,103,0,0,0,20,6,140952,1
B10586,Sai Das,32,Pune,salaried,14.1,50224,4,2,138000,18,personal,0,6,6,0,1.2,0,0,50410,33056,16011,0.078,-0.0391,-0.0197,325,0,0,2,1,2,2,2,98,0.352,0.073,0,1,0,53458,4,3.9,11.0,4,2,91,3,0,0,14,6,198520,0
B10587,Sai Singh,24,Hyderabad,daily-wage,1.6,27455,2,1,109000,6,education,0,1,1,0,0.5,0,0,26920,18562,19758,0.073,0.0694,0.0161,313,0,0,2,2,2,2,2,59,0.286,0.259,0,1,0,27705,2,4.2,3.0,3,0,16,2,0,0,3,3,0,0
B10588,Myra Mehta,20,Indore,salaried,5.8,19545,2,2,64000,12,medical,0,2,1,1,17.8,1,55,20318,15371,14450,0.061,0.0323,-0.1413,328,2,0,2,0,2,2,1,53,0.426,0.195,0,2,1,19530,1,3.8,2.6,1,0,105,4,0,0,2,6,0,3
B10589,Krishna Rao,27,Delhi,salaried,3.5,20356,3,2,170000,6,education,0,5,4,1,7.1,1,12,20622,13925,16606,0.052,-0.0215,-0.2902,312,0,2,2,2,2,2,2,63,0.372,0.123,1,1,0,21878,3,4.6,4.8,2,0,75,3,0,0,8,6,30785,3
B10590,Diya Reddy,40,Hyderabad,salaried,0.3,20289,3,1,161000,24,medical,0,1,1,0,1.0,0,0,19200,14527,10672,0.069,0.0738,0.2819,397,1,1,0,0,0,2,0,24,0.209,0.139,0,2,0,17547,3,4.9,6.3,0,1,44,3,0,0,8,6,46253,2
B10591,Divya Pillai,45,Chennai,self-employed,3.9,44106,3,4,171000,24,personal,0,2,2,1,6.2,0,51,41836,22799,15814,0.069,-0.0581,0.0886,340,0,0,2,0,2,2,2,61,0.286,0.077,0,2,0,41971,4,4.6,11.1,4,0,90,2,0,0,21,3,36781,1
B10592,Kavitha Mehta,44,Lucknow,daily-wage,1.8,16390,2,4,120000,6,home-repair,0,1,1,0,4.6,0,0,16461,12057,7646,0.08,0.0048,-0.1983,319,1,0,0,2,0,2,2,55,0.392,0.134,0,1,2,15275,1,4.6,10.1,2,0,83,1,1,1,3,0,15252,3
B10593,Aarav Agarwal,39,Delhi,salaried,6.0,78930,4,3,222000,12,education,0,7,7,1,4.7,0,30,76624,42482,21373,0.061,-0.0336,-0.0235,329,1,1,2,2,2,2,2,86,0.465,0.103,0,3,0,72712,2,4.8,1.4,0,0,91,4,0,0,27,6,189316,0
B10594,Kabir Sharma,44,Bengaluru,salaried,12.6,73232,2,0,137000,6,personal,0,8,8,1,10.0,0,14,69948,45127,21634,0.06,0.0207,-0.1346,276,0,1,2,1,2,2,2,95,0.246,0.066,0,1,0,61473,2,4.8,11.6,1,0,28,3,0,0,24,6,209607,2
B10595,Amit Singh,38,Bengaluru,daily-wage,0.4,13314,6,2,73000,6,personal,0,1,1,0,2.8,0,0,13662,9146,12938,0.027,-0.0041,0.255,343,0,0,1,0,2,2,2,38,0.362,0.256,0,2,0,12336,1,4.9,9.5,3,1,58,2,1,1,1,2,20707,4
B10596,Meera Joshi,42,Kolkata,salaried,1.5,50002,1,2,437000,6,business,0,3,3,2,12.5,0,51,51562,36940,41066,0.029,0.0603,0.0647,361,1,2,2,2,0,2,1,67,0.224,0.039,0,1,0,45810,0,0,4.9,3,1,48,4,0,0,2,6,90703,4
B10597,Suresh Chopra,34,Indore,business,0.2,23627,3,3,188000,6,personal,1,0,0,0,3.2,0,0,22658,15333,16084,0.063,-0.0708,-0.1882,338,0,1,2,0,2,2,2,71,0.222,0.273,0,2,0,20402,2,4.6,2.5,4,1,110,0,1,1,6,2,18101,1
B10598,Suresh Gupta,42,Bengaluru,self-employed,7.4,29402,4,1,102000,6,medical,0,5,5,2,18.1,0,15,29861,18692,7222,0.019,0.0428,0.198,289,1,0,2,1,2,2,2,79,0.299,0.038,0,1,0,27011,5,4.7,2.4,0,0,18,2,0,0,13,1,0,1
B10599,Krishna Kulkarni,45,Bengaluru,salaried,8.9,84854,4,4,176000,24,home-repair,0,6,6,1,5.8,0,56,88184,55218,20240,0.064,-0.0547,0.1438,342,0,0,2,1,1,2,2,83,0.36,0.033,0,1,1,95530,5,4.3,7.2,2,2,20,2,0,0,8,6,228106,0
B10600,Anil Verma,38,Mumbai,business,5.8,40420,4,4,85000,6,medical,0,1,1,2,10.4,0,58,39247,23636,15228,0.028,0.0421,0.0241,296,0,0,2,2,2,2,2,90,0.315,0.063,1,1,0,35736,6,4.7,5.4,0,3,119,1,1,0,19,3,0,1
B10601,Diya Pillai,33,Indore,self-employed,1.8,15707,1,3,138000,12,personal,0,3,0,4,9.4,3,26,14847,10101,13057,0.129,0.0775,0.0682,329,0,1,2,2,1,0,0,38,0.409,0.029,0,3,0,8946,2,4.6,2.4,1,1,76,0,2,0,6,4,25836,1
B10602,Sara Patel,38,Jaipur,business,1.4,35770,3,0,250000,18,education,0,3,1,6,7.0,1,22,34499,21287,17496,0.101,-0.0587,-0.0749,336,0,1,2,2,0,1,2,54,0.297,0.257,0,2,0,21213,1,3.7,2.4,2,1,67,3,3,2,8,2,0,0
B10603,Krishna Sharma,22,Chennai,daily-wage,4.4,42760,4,3,108000,6,business,0,2,1,4,11.6,0,53,42082,35488,33657,0.051,-0.0084,0.0682,434,0,1,2,0,1,1,2,62,0.132,0.208,0,1,0,35899,2,4.6,6.6,3,0,111,3,0,0,8,0,50071,1
B10604,Kavitha Singh,55,Indore,self-employed,5.0,48769,6,0,388000,12,education,0,4,3,4,17.3,0,21,51193,41294,33554,0.039,0.0686,0.0242,390,0,1,2,2,1,2,2,67,0.291,0.046,0,1,0,45304,3,4.1,2.0,1,0,48,4,1,1,4,0,71602,1
B10605,Nikhil Khan,44,Pune,salaried,2.6,48684,1,0,353000,12,education,0,5,4,4,14.4,0,12,46242,32202,30786,0.044,0.0245,0.0477,404,1,2,2,0,1,1,2,64,0.235,0.038,0,1,1,41030,3,4.8,5.3,0,1,96,3,1,0,9,6,144546,5
B10606,Geeta Rao,30,Kolkata,daily-wage,1.8,20883,4,4,148000,12,home-repair,0,1,1,0,4.9,0,0,19387,14134,12002,0.058,-0.0127,-0.0459,433,0,1,1,1,2,2,0,81,0.135,0.198,1,1,0,21232,3,4.7,9.1,2,1,31,4,1,0,0,0,25331,1
B10607,Ananya Pillai,46,Indore,business,0.9,25410,1,3,147000,12,medical,0,5,2,2,23.8,3,34,25522,18308,13472,0.099,0.0407,0.1385,322,2,0,2,2,2,2,0,67,0.333,0.124,0,2,0,35882,2,4.7,2.7,3,1,31,2,3,3,4,1,30884,4
B10608,Meera Agarwal,19,Hyderabad,business,3.3,41283,4,3,124000,6,education,0,6,6,1,21.0,0,18,42480,27746,11956,0.024,0.016,0.1483,337,0,0,2,2,2,2,2,86,0.32,0.04,0,1,0,36431,6,4.6,1.6,3,3,28,1,1,1,11,0,23836,0
B10609,Sneha Bose,32,Chennai,salaried,3.0,20399,1,2,170000,12,home-repair,0,5,3,2,21.0,2,29,19229,12186,10930,0.165,0.0452,-0.0161,301,0,0,2,1,1,2,2,60,0.352,0.167,0,1,0,22970,3,4.2,8.6,4,0,96,2,2,2,0,2,53652,0
B10610,Aadhya Gupta,28,Jaipur,daily-wage,2.6,35613,2,1,192000,12,home-repair,0,4,4,3,14.2,0,44,35358,25534,24221,0.079,0.0877,0.1347,353,1,0,2,1,0,2,0,69,0.421,0.273,0,3,0,37645,2,4.9,3.4,4,0,105,2,1,1,3,3,54907,2
B10611,Vikram Nair,29,Delhi,business,1.7,47078,5,4,162000,3,home-repair,0,3,1,2,14.5,2,37,43915,33472,50536,0.05,-0.0563,0.1079,363,2,0,2,0,0,0,0,54,0.151,0.161,1,1,0,28304,1,4.6,7.3,1,1,17,4,2,2,9,4,51297,3
B10612,Ravi Singh,19,Pune,daily-wage,0.9,16857,3,3,109000,24,medical,1,0,0,0,4.5,0,0,15927,10990,13857,0.05,0.0446,-0.0017,378,1,0,2,0,2,0,1,73,0.279,0.106,0,1,1,17228,0,0,8.8,2,0,20,4,1,0,5,0,15684,1
B10613,Sanjay Iyer,32,Mumbai,business,5.3,39043,3,2,71000,12,business,0,2,2,1,20.8,0,46,41331,23804,11251,0.104,0.0342,-0.0702,440,0,0,2,2,2,2,2,92,0.22,0.047,0,4,0,43947,4,4.2,2.2,0,3,61,2,0,0,32,4,0,0
B10614,Nikhil Singh,33,Lucknow,self-employed,3.9,45917,5,1,110000,18,medical,0,2,2,1,14.2,0,34,44012,28183,12301,0.047,0.0178,0.012,370,0,0,2,2,2,0,2,76,0.335,0.02,0,1,0,42299,4,4.2,10.1,1,3,30,1,0,0,20,3,69571,0
B10615,Myra Mishra,64,Indore,salaried,2.8,33200,4,4,106000,12,personal,0,2,2,2,22.3,0,22,30787,18720,9621,0.024,-0.0582,0.0355,374,0,0,2,2,2,1,2,51,0.257,0.116,0,1,1,29958,5,4.4,4.0,0,3,85,2,0,0,32,6,152786,0
B10616,Rahul Gupta,46,Mumbai,self-employed,8.8,84114,2,3,327000,24,personal,0,6,6,1,16.5,0,10,80216,55532,30527,0.055,-0.0267,0.0458,324,0,1,2,2,2,2,2,85,0.159,0.071,0,1,0,69861,5,3.9,11.9,3,1,29,3,0,0,24,2,235574,0
B10617,Sunita Nair,36,Jaipur,salaried,6.4,53215,4,2,208000,18,medical,0,6,6,1,10.8,0,16,52916,32110,11927,0.045,-0.0179,-0.1926,387,0,0,2,1,2,2,2,72,0.21,0.039,0,1,0,47401,6,3.8,8.1,2,2,51,4,0,0,15,6,0,2
B10618,Kiran Iyer,30,Mumbai,self-employed,6.6,54039,1,4,215000,6,business,0,5,5,2,27.1,0,41,50802,33530,13072,0.043,0.0524,0.0617,346,0,0,1,0,2,1,2,82,0.296,0.088,0,1,1,49408,2,4.9,5.8,4,1,116,2,1,0,34,3,53703,1
B10619,Manoj Sharma,48,Delhi,salaried,7.4,56822,2,1,144000,12,business,0,3,3,0,4.3,0,0,58131,32726,15982,0.046,0.0581,-0.002,381,0,0,2,2,2,2,2,80,0.302,0.108,0,1,0,49922,3,3.8,7.0,2,2,48,1,1,1,19,6,156393,0
B10620,Kavya Das,34,Chennai,self-employed,1.3,26973,6,1,185000,12,home-repair,0,5,2,2,22.8,3,5,26678,17371,28065,0.145,0.0496,-0.0086,269,0,1,2,1,0,1,0,62,0.324,0.128,0,1,0,15196,3,4.0,10.3,0,1,87,2,3,1,7,3,13892,5
B10621,Aarav Das,42,Mumbai,self-employed,4.7,78414,2,2,224000,12,medical,0,4,4,1,5.1,0,55,79004,49977,21074,0.053,-0.0298,-0.0286,354,0,0,2,2,2,2,2,96,0.225,0.042,0,1,0,75084,5,4.0,2.5,2,1,87,1,1,1,12,5,325590,1
B10622,Myra Mehta,31,Hyderabad,business,6.3,51536,1,0,101000,18,education,0,4,4,2,20.9,0,46,48218,30890,15964,0.039,0.0192,0.0488,305,0,0,2,1,2,2,1,64,0.388,0.067,0,1,0,45418,3,3.9,1.3,1,1,48,3,1,1,19,2,51741,0
B10623,Neha Sharma,52,Kolkata,salaried,3.1,33632,1,3,206000,18,personal,0,4,4,2,11.9,0,16,33951,22322,15777,0.072,0.0148,-0.1255,315,0,0,2,0,2,2,1,24,0.351,0.022,0,1,0,32148,0,0,4.6,0,0,45,3,0,0,8,6,42595,3
B10624,Lakshmi Khan,38,Mumbai,salaried,3.2,88244,2,4,265000,6,education,0,4,4,0,1.9,0,0,86392,52720,26368,0.05,-0.0054,0.1236,375,0,1,2,2,2,2,2,86,0.214,0.032,0,1,2,85097,5,4.6,9.8,4,2,74,2,0,0,6,6,303100,1
B10625,Divya Sharma,38,Hyderabad,self-employed,3.8,45371,6,4,89000,12,education,0,4,4,0,3.1,0,0,41492,26158,15423,0.071,0.0756,-0.0446,396,0,0,2,2,2,2,2,85,0.262,0.116,0,4,0,42516,5,4.9,3.7,3,1,59,3,1,1,34,1,120949,0
B10626,Deepak Pillai,42,Jaipur,self-employed,0.6,9464,3,0,43000,12,business,0,1,1,0,4.0,0,0,9498,7112,5625,0.075,0.0207,0.2101,330,1,2,1,2,0,2,0,60,0.249,0.067,0,1,0,10069,2,5.0,8.1,0,1,21,3,0,0,8,2,15109,0
B10627,Ira Patel,36,Pune,daily-wage,6.3,50607,4,3,106000,12,business,0,4,4,2,21.3,0,9,54114,32884,16514,0.044,-0.0145,0.0507,236,0,0,2,2,1,2,2,71,0.26,0.095,0,1,0,48585,5,4.3,6.6,0,0,96,0,0,0,26,2,75819,1
B10628,Sunita Sharma,46,Delhi,self-employed,10.6,87991,4,0,282000,12,personal,0,6,6,1,26.6,0,33,93616,70678,21922,0.056,0.0217,-0.0387,314,0,0,2,2,2,2,2,99,0.274,0.093,0,1,0,91883,4,3.7,5.0,0,1,79,1,0,0,29,3,316385,0
B10629,Sneha Iyer,30,Mumbai,self-employed,1.7,28280,6,3,96000,24,personal,0,5,5,2,16.7,0,34,27994,16472,8777,0.059,-0.0183,0.0895,272,0,0,2,1,2,2,2,75,0.367,0.071,0,2,0,29689,2,4.7,4.4,0,2,86,0,0,0,15,2,0,1
B10630,Vihaan Iyer,39,Nagpur,business,2.4,16437,3,0,52000,3,medical,0,4,4,0,0.5,0,0,16662,10254,5413,0.049,-0.0165,-0.0515,377,0,0,2,2,2,2,1,71,0.27,0.042,0,1,0,17128,6,3.5,1.1,1,3,112,3,1,1,31,5,18470,2
B10631,Kavya Sharma,28,Mumbai,business,12.6,93194,1,1,353000,12,home-repair,0,2,2,1,19.9,0,12,90189,64760,28303,0.094,-0.0206,-0.0109,324,0,0,2,2,2,2,2,86,0.206,0.095,0,1,0,94584,5,4.0,4.7,2,3,29,2,0,0,19,4,455517,2
B10632,Kavya Iyer,56,Jaipur,salaried,7.2,55304,1,0,198000,18,home-repair,0,1,1,0,1.2,0,0,52501,32857,14878,0.076,-0.0526,-0.0214,303,0,0,2,2,2,2,2,79,0.359,0.113,0,1,1,50824,6,4.4,11.2,4,2,54,3,0,0,6,6,155681,2
B10633,Amit Reddy,34,Mumbai,daily-wage,5.6,38994,4,4,92000,18,home-repair,0,1,1,0,2.6,0,0,37879,21502,14387,0.118,0.0097,-0.0536,359,0,0,2,1,2,0,2,73,0.256,0.112,0,1,0,36605,4,4.9,5.3,4,2,34,1,1,0,35,2,19155,2
B10634,Sara Nair,44,Pune,self-employed,2.4,27992,4,2,216000,6,home-repair,0,3,3,3,15.4,0,25,26020,16035,25090,0.044,-0.0253,-0.0502,293,1,2,2,2,2,2,2,45,0.398,0.208,0,2,0,27285,1,4.9,4.6,0,1,62,2,1,0,1,0,52300,3
B10635,Suresh Khan,41,Mumbai,daily-wage,6.1,52397,2,4,142000,3,education,0,2,2,2,20.0,0,40,51440,35544,14854,0.051,-0.0239,0.1996,280,0,0,1,2,2,2,2,73,0.373,0.034,0,1,0,44369,6,3.9,11.7,2,2,50,3,0,0,26,1,83836,0
B10636,Neha Iyer,34,Ahmedabad,self-employed,1.2,23723,2,4,132000,3,medical,0,5,1,4,17.5,3,24,23494,17305,22027,0.049,0.0307,0.1051,317,1,0,1,0,2,1,0,62,0.372,0.212,0,3,0,28847,1,4.2,7.4,4,0,75,0,0,0,1,1,26619,0
B10637,Neha Yadav,34,Bengaluru,salaried,15.0,83333,1,3,236000,24,education,0,5,5,0,0.0,0,0,73911,46658,21709,0.033,0.0917,0.1621,469,0,0,2,2,2,2,2,95,0.162,0.108,0,3,0,75396,6,4.3,6.7,4,1,86,0,1,0,14,6,426566,0
B10638,Rohan Chopra,31,Kolkata,daily-wage,0.4,9594,4,2,67000,6,education,0,1,1,0,1.3,0,0,9518,6855,8363,0.05,-0.013,-0.1111,299,0,1,1,1,2,2,0,65,0.345,0.065,0,3,0,9135,3,3.9,11.7,2,1,16,4,1,0,7,5,22242,5
B10639,Vikram Singh,39,Mumbai,salaried,2.0,55019,3,3,214000,3,business,0,1,1,2,16.3,0,42,57809,36842,14621,0.041,0.0629,0.094,372,0,0,2,0,2,2,2,75,0.284,0.11,0,1,2,59091,3,3.7,6.1,0,2,28,2,0,0,24,6,64577,1
B10640,Sanjay Joshi,26,Kolkata,self-employed,7.1,31740,6,4,48000,3,personal,0,1,1,1,8.3,0,32,29990,20768,9319,0.066,0.0204,0.0668,287,0,0,1,2,1,2,1,82,0.264,0.095,0,1,0,29237,4,4.3,7.4,2,0,25,4,1,0,8,2,82019,2
B10641,Krishna Rao,31,Indore,salaried,4.8,54097,2,4,107000,3,home-repair,0,2,2,2,22.8,0,12,53618,32560,12257,0.051,0.0518,0.0346,458,0,0,2,2,2,2,2,62,0.081,0.08,0,2,0,57964,2,4.0,6.6,4,3,13,2,1,1,31,6,161884,0
B10642,Myra Reddy,31,Delhi,self-employed,0.7,39747,5,0,184000,3,medical,0,5,2,5,9.8,2,15,41131,28695,27917,0.109,0.068,0.0361,319,1,0,2,2,2,2,2,35,0.241,0.176,0,5,1,32504,1,4.2,11.9,3,1,66,1,2,0,4,5,39194,5
B10643,Arun Iyer,46,Mumbai,salaried,6.4,71814,3,4,195000,6,personal,0,3,3,0,4.8,0,0,66036,41348,20872,0.049,0.028,0.0774,413,0,0,2,2,2,2,2,99,0.214,0.076,0,1,0,61252,6,4.6,3.2,3,2,79,3,1,1,32,6,143701,2
B10644,Aarav Joshi,34,Hyderabad,salaried,5.7,33902,2,0,218000,18,education,0,2,1,4,7.2,0,30,32292,24069,28726,0.042,0.033,0.0239,307,0,1,2,2,2,2,2,62,0.439,0.151,0,1,0,29376,1,4.2,7.2,3,1,60,3,0,0,2,6,20125,3
B10645,Krishna Mehta,44,Ahmedabad,self-employed,5.3,45205,2,0,86000,12,business,0,6,6,2,17.7,0,5,46594,26018,15093,0.058,-0.0131,-0.0729,317,0,0,2,2,2,2,2,75,0.284,0.092,1,1,0,48779,3,4.4,9.6,3,3,31,0,1,0,22,3,96003,0
B10646,Ravi Sharma,38,Pune,self-employed,3.1,69631,4,3,208000,12,personal,0,8,8,1,22.6,0,36,64576,39527,21006,0.054,0.0424,0.047,405,0,0,2,2,2,2,2,89,0.22,0.06,1,1,0,59858,3,4.0,10.9,2,0,18,4,0,0,16,3,280236,1
B10647,Ishaan Reddy,51,Delhi,salaried,3.7,58535,5,1,200000,3,medical,0,3,3,1,18.2,0,28,61137,37183,9551,0.049,-0.0815,-0.06,405,0,0,2,2,0,1,2,59,0.243,0.102,0,1,0,62036,3,3.7,7.1,2,3,92,0,0,0,27,6,0,2
B10648,Diya Singh,36,Delhi,daily-wage,1.3,18093,2,3,50000,12,personal,1,0,0,0,1.3,0,0,17162,12168,12986,0.064,0.0349,0.0825,387,0,1,1,1,1,2,1,64,0.32,0.248,0,1,0,16936,3,3.5,6.8,2,1,106,1,0,0,9,1,32434,2
B10649,Priya Sharma,44,Mumbai,salaried,2.4,50189,3,3,135000,12,medical,0,5,5,1,28.5,0,34,46867,29841,12163,0.04,0.0502,-0.0015,306,0,0,2,1,2,2,1,75,0.369,0.065,0,1,1,47563,6,4.9,2.8,4,2,75,1,1,0,16,6,99418,2
B10650,Sai Rao,33,Pune,business,0.0,21909,3,0,49000,18,medical,1,0,0,0,0.9,0,0,20177,16408,14966,0.066,0.0071,-0.0149,255,0,0,2,0,2,1,0,41,0.252,0.155,0,1,0,17213,0,0,10.9,4,1,28,3,0,0,8,1,32602,5
B10651,Aadhya Gupta,19,Nagpur,salaried,3.9,33569,3,0,92000,18,personal,0,5,3,4,11.5,1,20,33323,22729,29688,0.049,-0.0078,-0.0722,337,0,0,1,2,2,1,2,49,0.2,0.151,0,2,0,28754,0,0,3.6,1,0,55,1,1,0,1,6,0,3
B10652,Kavya Bose,58,Chennai,self-employed,3.1,38487,6,2,109000,3,personal,0,1,1,2,20.9,0,41,36824,24956,11777,0.076,-0.1061,0.0727,417,1,1,2,2,2,1,2,71,0.156,0.083,0,1,0,36031,4,4.8,1.7,3,0,49,1,1,0,32,1,30516,1
B10653,Ravi Verma,34,Hyderabad,self-employed,0.2,37365,6,1,99000,12,business,0,1,0,5,12.5,3,38,38781,25393,19367,0.053,0.0072,-0.0104,373,2,0,1,0,2,1,0,40,0.242,0.268,0,1,0,32276,0,0,9.7,3,0,12,4,3,1,1,0,69083,4
B10654,Ananya Nair,53,Delhi,salaried,3.7,53702,6,2,151000,12,education,0,1,1,1,22.6,0,39,57506,42850,31274,0.049,0.0218,0.0897,338,1,2,0,0,2,0,2,65,0.215,0.279,0,1,0,58213,3,4.7,11.5,1,0,61,3,1,1,4,6,20176,5
B10655,Kavya Mehta,37,Hyderabad,salaried,1.8,12888,2,0,31000,24,medical,0,1,1,0,3.9,0,0,12008,8146,9314,0.043,-0.0029,0.0322,295,0,0,2,0,0,0,2,64,0.491,0.196,0,1,1,10605,1,3.6,10.1,3,1,91,0,1,0,5,6,36720,5
B10656,Rohan Reddy,39,Delhi,daily-wage,4.7,54136,1,1,314000,24,business,0,4,4,3,6.8,0,32,49966,34373,53376,0.072,0.0215,-0.0353,361,0,1,2,0,2,2,1,39,0.253,0.105,0,2,0,49877,3,4.8,9.1,4,1,28,1,1,1,8,0,81441,3
B10657,Geeta Joshi,56,Pune,self-employed,5.9,54360,2,3,179000,24,business,0,5,5,2,4.2,0,56,54686,38715,35500,0.061,0.0082,-0.0526,412,2,0,2,0,2,2,2,80,0.289,0.13,1,1,0,56955,0,0,4.4,2,1,109,4,1,1,0,1,154827,4
B10658,Krishna Nair,37,Hyderabad,salaried,1.2,16309,2,3,57000,6,home-repair,1,0,0,0,1.7,0,0,16294,10947,13177,0.049,-0.0355,0.0183,446,0,0,1,0,0,2,0,52,0.172,0.119,0,2,0,15087,2,4.0,4.6,2,0,24,2,1,0,6,6,7549,4
B10659,Kiran Khan,29,Kochi,salaried,7.8,68175,1,3,138000,12,medical,0,4,4,1,7.0,0,47,69828,44015,21357,0.072,-0.0953,-0.11,428,0,0,2,2,2,2,2,96,0.057,0.073,0,1,0,68088,5,4.3,4.8,0,2,56,3,1,1,29,6,208657,2
B10660,Sanjay Chopra,43,Indore,salaried,7.2,24502,1,0,53000,12,medical,0,4,4,1,6.2,0,51,22560,12344,7432,0.042,-0.032,-0.0315,352,0,0,2,2,1,1,2,77,0.299,0.075,0,1,0,22263,2,4.5,7.6,3,3,35,2,1,0,16,6,17482,2
B10661,Myra Verma,37,Bengaluru,salaried,8.0,50579,3,1,104000,3,education,0,4,4,2,10.7,0,28,51000,32530,19338,0.066,0.0887,0.0584,379,1,0,2,2,2,2,2,78,0.283,0.073,0,2,0,52642,5,4.3,6.8,0,0,55,2,0,0,14,6,52115,1
B10662,Priya Mehta,37,Ahmedabad,daily-wage,1.3,13528,1,4,42000,24,business,1,0,0,0,2.3,0,0,13053,9430,12766,0.08,-0.0579,-0.0996,293,0,1,0,2,0,0,0,74,0.419,0.185,0,1,1,12402,1,4.2,9.4,0,0,54,4,1,0,3,3,26033,3
B10663,Sunita Chopra,28,Kochi,daily-wage,1.6,18117,4,0,149000,6,education,1,0,0,0,3.8,0,0,19257,13640,10847,0.068,0.0222,-0.1272,360,1,1,2,2,2,0,0,39,0.207,0.18,0,1,0,20147,0,0,9.2,0,0,81,2,1,1,7,0,17651,2
B10664,Meera Pillai,29,Mumbai,salaried,12.6,74952,2,3,258000,12,home-repair,0,6,6,0,1.3,0,0,77016,48897,20060,0.109,0.117,-0.0873,367,0,0,2,1,2,2,2,77,0.196,0.075,0,1,0,82588,6,4.6,4.5,4,0,115,4,1,1,6,6,251139,0
B10665,Pooja Singh,31,Chennai,salaried,5.9,49560,4,0,180000,12,home-repair,0,5,5,1,15.8,0,9,51363,31881,32826,0.07,0.0039,-0.0105,354,2,0,2,2,2,2,2,59,0.317,0.08,0,1,0,44402,2,4.3,8.4,1,0,86,1,0,0,5,6,10399,5
B10666,Lakshmi Gupta,31,Pune,salaried,14.2,74582,4,4,195000,18,medical,0,2,2,0,3.2,0,0,73624,46776,19309,0.084,0.0213,0.0377,285,0,0,2,2,2,2,2,79,0.282,0.086,0,1,0,70582,6,4.3,11.0,0,2,62,1,0,0,15,6,239405,0
B10667,Sunita Iyer,49,Nagpur,business,1.3,34333,3,2,297000,6,home-repair,0,4,4,3,15.9,0,46,34694,23161,31155,0.08,-0.1232,-0.0523,352,1,0,1,2,2,1,0,53,0.303,0.271,0,1,0,33755,1,5.0,11.8,4,0,35,0,0,0,2,0,3330,4
B10668,Meera Khan,54,Pune,daily-wage,1.0,41461,3,2,296000,3,home-repair,0,3,3,3,25.5,0,18,43078,31792,38462,0.05,0.0394,0.0137,320,1,0,2,0,2,0,1,44,0.264,0.126,0,1,0,41653,2,3.9,4.0,0,0,70,0,0,0,3,5,36437,1
B10669,Aarav Rao,52,Hyderabad,salaried,3.5,34155,1,0,290000,24,business,0,2,2,2,8.2,0,45,34764,22685,23390,0.036,-0.0091,-0.046,371,0,0,2,0,2,2,2,42,0.351,0.046,0,2,0,33929,1,4.4,7.2,3,1,93,3,0,0,2,6,59545,4
B10670,Krishna Khan,28,Lucknow,daily-wage,1.0,23068,4,1,78000,12,personal,1,0,0,0,3.7,0,0,22898,13732,17461,0.049,0.0457,0.135,320,1,0,2,0,0,2,2,28,0.284,0.074,0,2,0,24436,1,4.9,7.0,4,1,72,4,0,0,5,0,54498,1
B10671,Krishna Chopra,33,Nagpur,self-employed,2.6,45427,3,0,104000,3,home-repair,0,3,3,2,6.7,0,15,43060,24369,12922,0.061,0.0502,0.0022,391,0,0,1,2,2,2,2,61,0.303,0.069,0,4,0,44527,4,4.7,1.8,1,0,66,2,1,1,13,4,0,1
B10672,Sanjay Das,52,Kolkata,salaried,5.4,24956,3,0,192000,12,education,0,1,0,4,8.5,0,29,26315,17266,18698,0.073,-0.0667,0.0561,353,0,1,2,2,2,2,2,59,0.215,0.254,0,1,0,26937,1,3.8,11.6,0,1,54,4,0,0,3,6,28046,2
B10673,Suresh Pillai,28,Bengaluru,self-employed,5.1,60401,5,3,109000,6,medical,0,1,1,2,11.1,0,14,56529,37468,17742,0.097,-0.0061,0.0834,368,0,0,2,2,0,2,2,64,0.238,0.081,0,1,1,58104,3,4.8,7.5,3,0,57,3,0,0,15,0,135972,2
B10674,Lakshmi Kulkarni,19,Ahmedabad,salaried,8.5,30447,5,1,104000,18,medical,0,5,5,1,4.6,0,7,30798,19858,10471,0.056,0.0188,-0.0002,365,0,0,2,1,1,2,1,79,0.313,0.106,0,1,0,32176,6,3.8,6.7,1,1,82,2,0,0,16,6,106485,1
B10675,Suresh Agarwal,39,Bengaluru,salaried,1.8,16085,3,4,127000,24,personal,0,6,5,2,18.8,1,6,14794,10679,11197,0.039,-0.0079,-0.0279,329,1,1,1,0,0,2,2,54,0.28,0.08,1,3,0,19033,3,4.8,1.5,3,1,93,2,2,1,0,1,40613,2
B10676,Aarav Reddy,37,Mumbai,salaried,2.8,18147,1,1,54000,6,personal,0,1,1,1,26.2,0,17,17472,10991,6240,0.064,-0.0327,-0.0439,339,0,0,2,0,2,2,2,81,0.171,0.044,1,2,0,17371,4,4.4,6.4,2,2,116,2,0,0,15,6,58170,0
B10677,Divya Reddy,53,Chennai,salaried,2.4,43419,4,1,88000,6,home-repair,0,2,2,1,27.9,0,49,42074,29716,27578,0.054,0.0845,0.1091,366,1,1,2,1,0,0,1,63,0.314,0.207,0,1,0,45286,2,4.5,1.6,3,1,14,2,0,0,6,6,103669,3
B10678,Amit Das,20,Delhi,salaried,6.0,49822,2,4,116000,12,business,0,4,4,0,4.3,0,0,44578,27250,15532,0.022,0.0132,-0.0974,398,1,0,2,2,1,2,2,58,0.339,0.07,0,1,0,48554,4,3.7,4.9,3,3,54,2,1,1,16,6,49442,1
B10679,Ishaan Nair,31,Bengaluru,business,12.9,68892,6,2,249000,3,education,0,4,4,1,7.6,0,15,69940,42539,19153,0.079,-0.0308,-0.137,305,0,0,2,2,2,2,2,98,0.42,0.099,0,3,0,73622,2,4.0,8.0,4,3,35,0,0,0,28,2,203486,2
B10680,Meera Joshi,39,Bengaluru,daily-wage,0.9,31366,5,1,79000,24,medical,1,0,0,0,1.6,0,0,30306,15879,22949,0.023,0.0178,-0.1214,337,1,2,2,2,2,2,2,45,0.358,0.283,0,2,0,26710,3,3.6,9.1,1,0,30,0,0,0,7,1,59878,2
B10681,Kabir Sharma,38,Delhi,daily-wage,1.5,16954,4,4,118000,24,business,1,0,0,0,1.6,0,0,17352,14332,10469,0.071,0.0655,0.0492,301,2,0,0,0,2,2,0,40,0.411,0.202,0,1,0,16844,2,3.8,7.0,0,0,21,2,0,0,5,0,35231,3
B10682,Rajesh Iyer,32,Mumbai,self-employed,4.6,44109,2,3,174000,12,education,0,4,4,2,4.2,0,10,41460,26100,13962,0.088,0.02,-0.0246,392,0,0,2,0,0,2,2,41,0.304,0.114,0,1,0,41979,3,4.0,3.0,1,3,112,2,1,0,11,4,46053,1
B10683,Neha Nair,32,Mumbai,salaried,0.2,9447,6,0,78000,3,medical,1,0,0,0,4.9,0,0,9028,6308,6658,0.046,0.0048,-0.2934,368,0,0,2,2,2,0,1,50,0.308,0.183,0,1,0,9600,3,3.7,11.5,3,0,38,2,0,0,6,6,11413,0
B10684,Diya Bose,34,Bengaluru,daily-wage,4.3,35237,1,4,78000,18,medical,0,1,0,1,28.2,1,19,35777,24082,17089,0.031,0.0899,-0.1335,356,1,1,2,2,2,2,2,62,0.301,0.047,0,2,1,33080,1,4.3,2.6,1,0,99,4,0,0,9,2,101842,5
B10685,Arjun Sharma,31,Pune,salaried,5.1,23864,3,4,48000,3,personal,0,4,2,4,27.8,1,15,22838,17180,24936,0.086,-0.0027,-0.0074,375,0,0,2,2,0,0,2,47,0.286,0.178,0,1,0,23991,0,0,1.5,1,1,60,2,0,0,5,6,68974,0
B10686,Nikhil Pillai,50,Mumbai,daily-wage,0.5,32942,3,3,158000,18,personal,0,1,1,0,4.5,0,0,30607,20168,18816,0.083,-0.0036,0.1022,353,1,1,1,2,1,1,0,69,0.301,0.083,0,1,2,29565,1,4.1,2.2,4,1,18,2,1,0,8,3,48169,1
B10687,Manoj Gupta,53,Hyderabad,salaried,2.3,50977,4,1,201000,18,medical,0,4,4,2,19.9,0,33,47488,29987,14588,0.05,-0.0159,0.0818,411,0,0,2,2,2,2,2,57,0.231,0.108,1,1,0,44187,2,4.5,1.4,3,2,44,3,1,1,17,6,74309,2
B10688,Suresh Gupta,33,Delhi,daily-wage,13.9,66646,2,3,138000,12,home-repair,0,8,8,0,0.5,0,0,62073,41064,18923,0.059,0.0413,0.0913,358,0,1,2,2,2,2,1,99,0.363,0.04,0,1,0,61120,6,3.9,10.2,3,1,21,4,0,0,27,1,189682,0
B10689,Ananya Gupta,35,Pune,self-employed,10.3,68653,5,1,157000,3,personal,0,4,4,1,6.3,0,41,65002,47376,19580,0.047,0.0351,0.0114,338,0,0,2,2,2,2,2,99,0.348,0.096,0,1,0,58558,4,3.7,7.6,2,0,99,4,1,1,20,3,212098,0
B10690,Vihaan Verma,45,Mumbai,daily-wage,3.1,82772,3,4,216000,12,business,0,7,7,0,3.7,0,0,81222,50289,23519,0.093,0.1273,0.0504,364,0,0,2,2,2,1,2,90,0.334,0.035,0,1,0,83810,5,4.0,2.3,3,1,103,2,0,0,32,4,254162,2
B10691,Vikram Yadav,27,Mumbai,salaried,5.7,40465,6,2,136000,3,medical,0,6,6,1,21.1,0,9,36218,19581,10028,0.048,-0.0273,0.0385,349,0,0,1,1,1,1,2,91,0.376,0.046,0,1,0,38508,4,3.8,8.8,4,0,89,4,0,0,30,6,163528,2
B10692,Ira Nair,38,Delhi,salaried,5.5,41825,1,0,277000,24,business,0,1,1,3,6.1,0,11,43395,35612,33895,0.039,0.007,0.095,338,1,0,2,0,2,2,2,76,0.294,0.131,0,1,0,44947,0,0,3.8,0,0,16,2,0,0,5,6,0,4
B10693,Aadhya Mishra,51,Hyderabad,business,2.9,52198,6,4,157000,12,business,0,1,1,1,24.9,0,21,51306,35342,14584,0.055,-0.0029,-0.0628,415,0,0,1,2,2,2,2,85,0.303,0.091,0,1,0,52250,4,4.4,10.6,4,2,19,1,1,1,20,5,95308,2
B10694,Rajesh Mehta,45,Ahmedabad,business,4.5,24922,2,3,83000,3,business,0,3,3,1,26.6,0,15,22807,14646,6320,0.063,-0.0321,-0.1966,294,1,0,1,2,2,2,2,98,0.336,0.022,0,3,0,24475,6,4.5,7.1,3,0,37,3,0,0,26,4,0,0
B10695,Sunita Verma,25,Hyderabad,self-employed,6.4,42279,2,2,110000,3,business,0,6,6,2,27.6,0,50,38334,22344,10916,0.038,-0.0169,0.0717,272,0,0,2,2,0,2,1,55,0.365,0.092,0,1,0,40909,5,3.7,1.8,2,3,22,1,1,1,19,5,0,0
B10696,Amit Bose,40,Lucknow,salaried,7.9,41561,2,3,68000,12,medical,0,6,6,0,5.0,0,0,39383,24072,13992,0.052,-0.0044,-0.1236,343,0,0,2,2,2,2,2,86,0.218,0.046,0,3,1,41409,5,3.8,3.6,0,1,55,2,1,1,20,6,45866,2
B10697,Kavitha Singh,37,Delhi,salaried,2.7,29264,6,0,185000,18,home-repair,0,5,2,6,24.9,2,47,31789,23605,16169,0.026,-0.0384,-0.1142,359,1,0,0,0,0,0,1,57,0.15,0.083,1,5,0,24798,3,4.4,11.4,4,0,87,1,3,3,1,2,28671,1
B10698,Sunita Mehta,19,Delhi,business,1.9,12439,4,0,67000,6,medical,0,6,2,6,26.8,3,31,12320,9205,9060,0.161,0.1207,-0.0302,311,0,0,2,1,2,2,0,72,0.294,0.266,0,2,1,13224,1,4.5,10.7,3,1,101,1,3,3,2,2,9648,1
B10699,Meera Gupta,31,Kolkata,daily-wage,3.0,37162,3,4,85000,3,home-repair,0,5,5,2,5.3,0,8,35360,22824,10220,0.042,-0.0349,0.0043,363,0,0,1,1,2,2,1,78,0.322,0.119,0,1,0,31608,6,4.6,3.1,3,0,61,2,1,1,19,2,103930,0
B10700,Nikhil Rao,27,Mumbai,business,2.6,16406,2,3,130000,6,medical,0,4,4,2,20.1,0,28,15954,9818,13458,0.063,-0.0462,-0.2245,460,0,0,2,2,2,2,1,63,0.092,0.248,0,1,0,14589,1,4.4,5.4,2,1,29,2,0,0,7,2,13526,3
B10701,Ira Pillai,38,Kochi,business,2.9,40061,1,0,279000,3,business,0,4,4,2,23.0,0,44,39557,28680,17356,0.065,-0.0603,-0.1876,320,0,1,1,0,2,1,2,72,0.386,0.041,0,1,0,38564,1,4.6,3.8,1,1,81,0,0,0,7,3,36131,1
B10702,Manoj Gupta,48,Kolkata,self-employed,4.1,26030,6,0,76000,6,business,0,3,3,3,4.2,0,19,23996,15217,18745,0.049,-0.0655,-0.1508,386,1,0,2,1,2,2,2,60,0.253,0.03,0,3,0,21622,2,3.7,5.9,3,0,41,3,1,1,2,1,67935,1
B10703,Sneha Patel,22,Hyderabad,salaried,1.5,22542,1,1,77000,12,medical,0,1,0,6,7.8,1,47,23216,17321,12280,0.137,0.0932,-0.0823,383,1,0,0,2,0,2,0,38,0.293,0.24,1,1,0,33196,2,3.8,5.4,0,1,53,3,3,2,6,0,0,1
B10704,Pooja Iyer,34,Delhi,salaried,4.1,34838,6,1,273000,6,medical,0,3,3,2,20.1,0,22,35774,26346,32870,0.04,-0.0261,-0.025,376,2,1,2,2,1,2,2,33,0.246,0.112,1,4,0,38269,1,4.9,9.8,3,1,18,1,1,0,3,6,26484,4
B10705,Diya Bose,40,Delhi,daily-wage,1.0,26426,1,2,197000,12,medical,0,1,1,0,3.9,0,0,24385,15003,13971,0.029,-0.0179,-0.1686,422,0,1,0,2,2,2,2,53,0.177,0.279,0,1,0,22457,3,4.9,11.9,1,1,33,0,1,1,3,0,11891,0
B10706,Reyansh Pillai,19,Pune,self-employed,4.0,54692,4,4,187000,6,business,0,4,4,2,29.1,0,49,57467,32709,15470,0.065,0.0589,-0.2134,382,0,0,2,2,2,2,2,83,0.29,0.087,0,1,1,62848,3,4.2,3.8,4,1,77,0,0,0,10,0,0,1
B10707,Reyansh Khan,38,Pune,daily-wage,1.7,38699,5,3,122000,6,personal,0,3,3,2,22.3,0,38,40010,22606,8010,0.05,0.034,0.0319,258,0,0,1,1,2,2,2,57,0.36,0.068,0,2,0,38632,5,4.2,6.3,1,2,95,1,1,0,20,2,52193,2
B10708,Arun Kulkarni,35,Nagpur,salaried,13.0,64977,4,1,234000,12,home-repair,0,6,6,1,15.7,0,36,62675,39713,18697,0.081,-0.0079,0.0202,325,0,0,2,2,2,2,2,82,0.452,0.058,0,1,0,68094,3,3.8,2.4,0,3,52,1,0,0,30,6,198240,2
B10709,Ira Agarwal,41,Surat,salaried,5.0,42001,4,2,151000,24,business,0,5,5,1,9.7,0,35,42814,25996,8553,0.031,0.026,-0.0086,329,0,0,1,2,2,2,2,55,0.299,0.029,0,1,2,43476,4,5.0,8.4,4,1,116,0,0,0,13,6,74983,0
B10710,Sneha Iyer,35,Delhi,salaried,7.6,48859,3,2,114000,6,personal,0,4,4,2,23.4,0,19,46269,32306,12586,0.048,-0.0076,0.1079,300,0,0,2,1,2,2,2,73,0.378,0.057,0,1,1,42708,6,4.3,3.1,4,3,72,2,0,0,26,6,36917,2
B10711,Priya Gupta,42,Ahmedabad,salaried,2.6,10252,2,1,91000,12,home-repair,0,3,0,5,15.8,3,56,10440,7755,6427,0.052,0.0287,0.0977,475,0,0,0,0,2,2,2,79,0.118,0.098,0,1,0,8176,0,0,10.8,1,1,78,4,3,3,1,3,6489,4
B10712,Manoj Rao,25,Bengaluru,self-employed,9.0,86276,4,1,139000,12,home-repair,0,2,2,0,4.4,0,0,81630,54726,21875,0.059,0.017,-0.1795,281,0,0,2,2,2,2,1,99,0.485,0.092,0,1,0,85597,2,3.9,2.5,0,0,66,0,0,0,34,0,268657,2
B10713,Geeta Agarwal,50,Mumbai,self-employed,6.2,44388,2,0,109000,3,education,0,6,6,2,7.1,0,31,41209,27744,14360,0.059,0.0188,0.0392,363,0,0,2,2,2,2,2,73,0.222,0.046,0,1,0,40782,6,4.5,4.3,1,2,45,0,1,1,17,3,0,0
B10714,Divya Singh,47,Jaipur,self-employed,4.0,56869,1,2,99000,6,home-repair,0,1,1,0,0.7,0,0,61251,37430,18486,0.079,0.0036,-0.0893,290,0,0,2,2,2,1,2,62,0.47,0.032,0,1,0,59970,6,5.0,7.9,1,1,31,4,0,0,13,2,0,0
B10715,Anil Patel,20,Kolkata,salaried,9.5,56767,4,3,164000,6,medical,0,2,2,0,3.7,0,0,51245,33201,19196,0.063,0.032,-0.0456,304,0,0,2,2,2,2,2,73,0.363,0.095,0,1,0,52633,2,4.8,10.8,0,3,27,0,0,0,7,6,117939,2
B10716,Rohan Yadav,41,Delhi,salaried,0.3,23476,6,2,134000,3,business,1,0,0,0,0.5,0,0,21905,16048,13663,0.038,-0.0884,0.1547,405,1,1,0,2,0,2,1,45,0.214,0.149,0,1,1,19481,2,3.7,3.7,4,0,32,4,1,1,9,6,34497,1
B10717,Amit Bose,45,Delhi,daily-wage,1.3,29307,1,4,67000,6,home-repair,1,0,0,0,1.3,0,0,30245,24071,20152,0.069,-0.0401,0.2379,398,0,0,2,1,0,0,2,82,0.237,0.062,0,1,1,31705,3,3.9,12.0,3,0,21,4,0,0,6,0,2277,3
B10718,Rohan Pillai,43,Hyderabad,salaried,5.2,29809,5,4,73000,18,home-repair,0,2,2,2,13.9,0,57,29292,19801,27218,0.053,-0.0413,-0.0425,383,0,0,0,0,1,2,2,63,0.31,0.081,0,1,0,27940,1,4.5,6.5,3,1,98,0,1,0,9,6,49876,3
B10719,Priya Joshi,34,Bengaluru,daily-wage,2.8,24608,1,1,95000,12,home-repair,0,2,2,2,4.5,0,16,25455,20548,15068,0.039,-0.011,0.0053,308,2,1,2,2,2,0,2,67,0.369,0.287,0,1,2,27025,3,4.4,11.4,0,1,92,0,1,0,2,3,0,3
B10720,Ravi Iyer,27,Bengaluru,salaried,7.9,47487,4,3,97000,24,education,0,3,3,1,14.6,0,55,49522,32637,16745,0.04,-0.0495,-0.123,253,0,0,1,2,2,2,2,70,0.242,0.103,0,1,0,51981,5,4.8,11.6,3,1,38,0,0,0,27,6,124992,1
B10721,Rahul Agarwal,36,Mumbai,salaried,4.5,100919,5,2,154000,3,personal,0,6,6,0,3.0,0,0,96324,66878,30654,0.069,0.0293,0.1044,307,0,0,2,2,1,2,2,76,0.23,0.03,0,1,0,90870,4,4.4,11.1,0,0,45,4,1,1,19,6,396727,2
B10722,Priya Rao,35,Jaipur,daily-wage,1.1,8000,4,1,71000,18,medical,0,4,3,2,10.4,1,5,7902,5074,5894,0.06,0.0226,0.0812,317,2,1,2,1,2,1,0,51,0.427,0.211,0,1,0,10801,1,4.7,4.6,4,1,24,2,0,0,2,0,6598,2
B10723,Kavitha Pillai,23,Bengaluru,salaried,2.6,26780,1,2,193000,18,personal,0,6,4,2,11.8,2,13,26479,16767,20612,0.089,0.0947,0.014,348,0,2,2,0,2,1,2,54,0.389,0.07,0,1,0,37382,1,4.1,3.7,4,0,44,1,0,0,0,2,32669,2
B10724,Kavya Das,31,Mumbai,self-employed,13.4,97225,2,4,356000,6,medical,0,3,3,1,19.7,0,27,99956,71384,30218,0.055,0.0392,0.1038,328,0,0,2,1,2,2,2,60,0.292,0.114,0,1,0,105525,3,4.8,1.7,1,3,27,2,0,0,31,2,281711,0
B10725,Sara Patel,28,Lucknow,salaried,3.6,46214,4,3,129000,3,medical,0,2,2,1,8.6,0,25,44584,26754,10992,0.076,0.0159,0.0948,341,0,0,2,2,2,2,2,88,0.345,0.107,0,1,0,39888,4,4.5,6.2,4,2,113,2,0,0,10,6,71807,1
B10726,Sanjay Sharma,19,Bengaluru,self-employed,1.8,30830,5,3,117000,18,home-repair,0,1,1,0,1.0,0,0,28029,20576,19079,0.08,-0.0011,-0.0149,298,0,1,2,0,1,1,0,68,0.385,0.04,0,4,0,24600,0,0,8.0,3,0,86,1,1,1,0,2,53922,5
B10727,Krishna Nair,28,Kochi,salaried,0.8,29245,2,1,70000,12,business,0,2,0,6,13.4,3,13,31254,20092,12117,0.047,0.0295,-0.1128,316,0,0,0,2,0,1,0,56,0.408,0.133,0,1,1,18126,0,0,11.9,1,0,42,0,3,1,0,0,39502,2
B10728,Neha Chopra,22,Ahmedabad,daily-wage,1.6,8000,6,0,34000,24,home-repair,0,4,4,2,9.0,0,8,7859,6641,4661,0.046,0.0075,-0.1569,381,1,0,0,2,2,1,2,72,0.285,0.165,0,1,0,8107,2,4.7,1.2,3,1,86,4,0,0,5,4,10236,3
B10729,Nikhil Agarwal,19,Chennai,self-employed,3.6,35073,5,4,237000,12,education,0,1,1,3,10.8,0,37,36763,27106,20872,0.056,0.0391,0.0284,385,2,1,2,2,2,2,1,64,0.33,0.262,0,1,0,39478,3,4.4,4.2,1,0,22,1,1,0,6,4,59995,1
B10730,Rajesh Reddy,34,Mumbai,self-employed,2.5,36677,5,2,89000,6,education,0,1,1,2,11.0,0,39,35603,23595,30015,0.067,0.0684,-0.0476,227,1,1,2,0,2,0,2,54,0.405,0.125,0,1,0,37163,1,3.5,5.4,1,1,67,3,0,0,9,5,68429,3
B10731,Anita Agarwal,60,Pune,self-employed,6.6,35069,5,2,132000,3,business,0,1,1,0,1.3,0,0,35366,22832,8191,0.045,-0.046,-0.2594,314,0,0,2,2,2,2,2,63,0.446,0.023,0,1,0,32524,6,4.5,10.7,2,2,49,4,0,0,25,5,34859,2
B10732,Manoj Das,21,Delhi,self-employed,3.2,39054,2,4,135000,6,medical,0,2,2,0,0.9,0,0,37024,21335,12285,0.07,-0.0921,-0.0972,372,0,0,1,2,2,2,2,52,0.337,0.058,0,1,1,32918,6,3.7,3.8,1,2,92,2,0,0,29,4,59127,2
B10733,Kavya Singh,40,Kochi,salaried,1.0,8949,3,3,71000,12,personal,1,0,0,0,0.3,0,0,8174,5138,3934,0.049,0.0267,0.1899,283,1,0,2,0,2,1,2,63,0.33,0.248,0,2,0,7857,0,0,4.1,4,1,100,2,0,0,2,6,3947,2
B10734,Sara Nair,19,Mumbai,daily-wage,7.6,74867,1,0,231000,12,education,0,3,3,1,28.3,0,32,75353,43892,16795,0.057,-0.0077,-0.0166,334,0,0,2,2,2,2,2,90,0.332,0.057,0,1,0,67665,6,4.5,6.9,1,3,56,1,1,0,7,3,37815,2
B10735,Rohan Iyer,49,Mumbai,daily-wage,2.9,41851,4,1,84000,12,medical,0,3,3,1,27.5,0,25,42895,28178,14408,0.068,0.0336,-0.1284,333,0,1,2,2,2,2,2,64,0.334,0.082,0,1,0,43918,5,4.0,4.4,4,0,106,0,1,1,22,1,161053,1
B10736,Rahul Pillai,40,Lucknow,salaried,13.4,107913,6,1,411000,6,business,0,4,4,1,20.3,0,37,99760,64038,27070,0.071,-0.0277,-0.1183,477,0,0,2,2,2,2,2,82,0.115,0.115,0,1,1,102103,4,3.7,1.3,0,3,83,3,1,0,16,6,378082,1
B10737,Kabir Mehta,47,Bengaluru,self-employed,10.3,136478,3,0,274000,12,home-repair,0,4,4,0,2.4,0,0,141283,90482,40380,0.086,-0.0995,-0.0985,312,0,0,2,2,2,2,2,88,0.299,0.076,0,1,0,121990,2,4.1,7.0,1,1,48,4,0,0,14,5,388217,1
B10738,Rohan Mishra,40,Jaipur,business,4.0,28069,6,1,80000,3,home-repair,0,4,4,2,7.8,0,28,26586,17974,9262,0.045,-0.0018,0.0967,292,0,0,1,2,2,2,1,73,0.248,0.067,0,1,0,27113,4,4.8,1.5,0,2,60,0,0,0,8,4,57031,1
B10739,Diya Khan,41,Pune,salaried,5.0,31890,5,1,103000,12,home-repair,0,1,1,3,19.9,0,10,28876,20923,28343,0.05,-0.0648,-0.0344,335,2,0,2,2,0,2,2,68,0.311,0.141,0,1,0,29469,0,0,5.0,4,1,30,2,0,0,7,6,0,2
B10740,Suresh Singh,23,Delhi,self-employed,6.8,51607,3,4,118000,12,home-repair,0,4,4,1,7.5,0,51,49202,29771,17736,0.055,0.0017,-0.0901,389,0,0,2,2,2,2,2,89,0.292,0.041,0,3,0,49730,2,3.7,7.9,3,0,85,2,1,0,16,0,139577,2
B10741,Sara Mishra,34,Pune,daily-wage,1.9,32023,4,3,117000,24,home-repair,0,2,2,1,6.3,0,46,30576,19283,11508,0.059,-0.0079,0.0995,304,0,0,2,2,2,1,1,97,0.402,0.039,0,1,0,30534,2,4.0,2.4,1,2,47,0,1,0,26,3,27539,0
B10742,Arun Singh,34,Mumbai,self-employed,1.8,22753,3,4,102000,3,business,0,1,1,0,1.4,0,0,22136,15905,13847,0.03,-0.0115,0.1086,320,2,0,2,1,0,0,0,46,0.397,0.028,0,4,2,20607,2,4.0,5.5,2,1,17,4,0,0,6,3,41673,4
B10743,Kabir Agarwal,47,Ahmedabad,daily-wage,1.2,8000,3,4,54000,6,education,1,0,0,0,2.3,0,0,7660,5600,6312,0.064,0.0108,0.2489,454,3,1,2,0,2,0,2,63,0.179,0.209,0,1,0,8410,0,0,7.2,2,0,115,0,0,0,3,5,5076,5
B10744,Ishaan Verma,30,Pune,self-employed,7.1,52942,4,3,147000,12,education,0,1,1,0,2.7,0,0,50782,32667,18342,0.057,0.0209,0.1289,346,0,1,2,2,1,2,2,81,0.352,0.055,0,1,0,51984,2,4.2,11.2,3,3,26,4,1,0,9,4,46447,0
B10745,Sara Das,45,Chennai,self-employed,3.0,18675,6,4,156000,12,education,0,1,0,4,13.6,1,43,18090,13251,17770,0.077,-0.0428,-0.0056,330,0,0,2,0,0,1,0,46,0.347,0.282,0,2,1,19435,1,3.6,1.8,1,0,91,2,2,0,0,4,35084,2
B10746,Manoj Joshi,33,Delhi,daily-wage,2.5,45125,1,3,298000,12,education,0,3,3,1,9.6,0,28,43898,27435,36316,0.072,0.1249,0.1251,346,2,0,2,1,0,2,2,41,0.342,0.281,0,1,1,47382,3,5.0,2.0,2,0,16,2,1,1,5,5,8912,2
B10747,Rohan Das,38,Chennai,daily-wage,0.4,31446,3,0,209000,12,business,0,1,0,5,17.3,1,30,32598,19911,21355,0.16,0.0798,0.1071,280,0,1,1,0,2,0,2,53,0.397,0.03,0,5,0,43660,2,4.6,10.4,3,0,69,1,1,1,3,3,43744,3
B10748,Nikhil Nair,19,Nagpur,business,2.5,27604,2,1,87000,12,education,0,2,1,4,8.6,0,8,28370,21519,17237,0.067,-0.075,-0.0047,368,0,0,2,2,2,1,2,57,0.326,0.093,0,1,2,27628,0,0,11.3,4,1,91,2,0,0,8,2,36178,2
B10749,Kiran Khan,36,Mumbai,daily-wage,1.1,8937,5,1,32000,12,business,0,1,1,0,4.3,0,0,8992,6774,6172,0.064,-0.0798,0.0254,287,1,0,0,1,1,1,0,66,0.464,0.025,0,3,0,7691,3,4.5,8.3,4,0,70,2,0,0,7,5,0,4
B10750,Meera Verma,48,Ahmedabad,self-employed,14.4,72067,5,0,208000,12,business,0,6,6,1,17.0,0,30,71124,49069,28141,0.035,-0.0476,-0.0076,327,0,0,2,2,2,2,2,97,0.316,0.103,0,1,0,74328,4,4.0,5.6,4,1,82,1,1,0,12,2,197526,2
B10751,Myra Das,49,Bengaluru,self-employed,3.9,54717,1,4,176000,18,medical,0,6,6,1,28.3,0,8,49797,31971,11487,0.057,0.0337,-0.1318,373,0,0,2,2,2,2,2,64,0.333,0.078,0,3,0,53672,2,3.8,4.9,4,0,62,2,1,1,30,2,0,0
B10752,Deepak Khan,37,Nagpur,business,2.8,39378,6,4,155000,12,business,0,3,3,0,3.7,0,0,38148,27280,12640,0.072,0.0526,-0.1066,266,0,0,1,2,2,2,2,84,0.503,0.077,0,1,0,33302,6,4.9,10.0,1,3,20,2,0,0,28,4,69782,1
B10753,Aarav Patel,33,Delhi,salaried,3.2,52672,6,4,208000,24,education,0,1,0,4,23.7,0,22,50189,35656,41729,0.052,-0.0218,-0.0694,336,1,1,2,2,2,2,0,69,0.263,0.162,0,2,1,44261,2,3.6,1.2,1,0,98,4,1,1,4,6,52722,5
B10754,Meera Iyer,41,Delhi,daily-wage,4.4,23399,3,1,186000,12,home-repair,0,2,1,4,4.8,0,47,23511,18232,18440,0.024,-0.0821,-0.1697,457,0,0,2,2,2,2,2,40,0.08,0.176,0,1,1,22928,2,4.4,3.9,2,0,12,1,0,0,3,1,23634,5
B10755,Aarav Pillai,40,Kochi,self-employed,5.6,36888,3,2,275000,18,education,0,3,3,2,26.5,0,50,34223,24407,34264,0.043,-0.0308,0.0156,342,1,0,1,2,0,2,2,52,0.276,0.263,1,1,0,35763,1,4.5,9.8,2,1,85,4,0,0,0,3,27146,0
B10756,Ishaan Bose,38,Ahmedabad,daily-wage,6.3,87779,6,0,158000,3,business,0,2,2,1,25.8,0,58,82310,51648,29729,0.065,0.0341,-0.0413,306,0,0,2,2,2,2,2,98,0.318,0.074,0,3,1,89033,4,4.8,8.8,4,2,86,0,1,0,20,1,421208,0
B10757,Sai Reddy,37,Pune,self-employed,0.1,25805,6,1,218000,24,medical,0,1,1,0,0.5,0,0,26173,18948,13534,0.06,0.0404,-0.0668,345,0,1,0,2,2,2,2,48,0.361,0.243,0,2,0,23102,3,4.7,6.0,1,0,54,3,1,1,8,4,58562,1
B10758,Rahul Mehta,46,Pune,self-employed,7.9,60523,5,2,139000,12,business,0,6,6,1,12.3,0,8,59745,36639,17356,0.053,-0.0155,-0.1574,370,0,0,2,2,1,1,2,70,0.138,0.046,0,1,0,56208,4,3.6,6.9,2,3,50,4,1,0,23,3,55988,2
B10759,Ira Sharma,46,Kolkata,business,5.0,23407,1,2,61000,18,business,0,1,1,3,13.5,0,56,22126,16200,27768,0.042,-0.0521,0.0054,344,1,1,1,2,0,2,1,46,0.343,0.117,0,1,1,23005,2,4.1,3.7,0,0,58,3,1,1,3,5,66230,3
B10760,Rohan Verma,38,Bengaluru,salaried,3.3,32086,4,4,123000,6,education,0,3,3,3,18.7,0,51,32046,21631,23785,0.041,0.0514,0.1238,341,1,0,0,2,2,2,0,47,0.197,0.072,0,4,0,30000,2,4.2,7.9,0,1,91,1,0,0,7,6,37933,0
B10761,Diya Agarwal,28,Mumbai,salaried,5.1,86605,1,1,290000,12,medical,0,6,6,0,2.1,0,0,89426,54192,25936,0.061,-0.0362,0.0284,351,0,0,1,2,1,2,2,64,0.217,0.096,0,1,0,91228,5,4.1,11.4,3,3,56,3,0,0,13,6,107576,0
B10762,Myra Sharma,30,Delhi,self-employed,2.0,29389,4,1,169000,24,education,0,1,1,0,2.2,0,0,29942,22264,25804,0.083,0.0909,-0.086,370,1,0,2,2,2,0,0,37,0.296,0.08,0,2,1,29402,0,0,9.9,2,0,112,0,1,1,6,5,3710,0
B10763,Sanjay Agarwal,51,Ahmedabad,daily-wage,0.9,39483,5,1,312000,12,medical,0,5,2,2,18.6,3,5,39189,29820,23998,0.141,0.0716,0.2278,338,1,1,2,0,0,0,2,56,0.262,0.08,0,1,1,28542,3,3.8,5.8,4,1,36,0,3,1,1,1,7568,4
B10764,Krishna Sharma,51,Lucknow,business,3.6,49779,6,0,198000,12,home-repair,0,1,1,2,10.3,0,16,49883,31905,11062,0.046,0.003,0.0055,364,0,0,1,2,2,2,2,70,0.387,0.101,0,1,2,46427,5,4.9,5.5,0,2,106,3,0,0,17,3,131042,2
B10765,Rahul Khan,56,Pune,self-employed,6.4,80106,5,1,202000,24,business,0,3,3,0,2.7,0,0,78251,52740,21778,0.05,-0.0201,0.0819,329,0,0,2,1,2,2,2,99,0.359,0.049,0,4,0,82066,4,3.5,6.7,1,2,84,0,1,1,32,2,122672,1
B10766,Kavya Pillai,46,Delhi,self-employed,3.8,54104,2,2,161000,12,home-repair,0,3,3,2,24.4,0,51,54581,34107,17835,0.02,0.074,-0.1127,356,0,0,2,2,0,1,2,83,0.341,0.099,0,3,0,49830,5,4.3,3.8,3,0,49,2,1,1,29,4,41168,0
B10767,Kiran Reddy,35,Mumbai,self-employed,2.0,48004,5,4,230000,12,medical,0,1,1,3,16.5,0,47,44439,27258,38911,0.084,-0.0489,0.0331,404,0,0,2,2,2,2,1,55,0.222,0.266,0,1,0,38685,2,4.8,8.6,0,1,19,4,1,0,6,3,118359,5
B10768,Vikram Rao,49,Mumbai,salaried,3.0,47776,3,1,190000,6,education,0,5,5,2,4.5,0,29,44545,28901,18932,0.07,-0.0442,-0.0628,358,0,0,2,2,2,2,2,69,0.271,0.063,0,1,0,47188,3,4.0,7.1,4,3,42,1,1,1,7,6,20623,2
B10769,Nikhil Reddy,41,Pune,daily-wage,4.3,32097,6,0,190000,3,medical,0,4,3,4,23.5,0,27,30149,21434,27343,0.056,0.0079,0.0016,306,2,0,0,2,2,1,2,51,0.387,0.054,1,1,0,25833,2,3.7,11.9,1,0,50,1,1,1,2,3,4332,1
B10770,Deepak Kulkarni,53,Kochi,self-employed,4.7,32694,5,0,54000,3,medical,0,2,2,1,29.3,0,29,33649,21404,8524,0.078,-0.0327,-0.0604,372,0,0,2,2,2,2,2,82,0.241,0.106,0,2,0,29266,2,4.9,10.1,2,3,88,0,1,0,19,2,52063,1
B10771,Geeta Pillai,65,Lucknow,daily-wage,0.6,11595,4,4,27000,18,education,1,0,0,0,2.9,0,0,10910,8358,7472,0.044,-0.0359,0.2105,353,2,1,0,2,1,2,1,52,0.435,0.185,0,1,0,9798,3,3.9,11.0,2,1,68,4,0,0,3,4,500,0
B10772,Priya Singh,37,Ahmedabad,self-employed,1.8,29489,5,1,78000,6,home-repair,0,2,2,2,25.9,0,22,28339,22171,24739,0.066,-0.0211,0.2815,333,0,1,2,2,2,2,2,51,0.359,0.275,0,1,0,26897,2,4.0,7.3,3,0,29,1,1,1,9,2,40374,5
B10773,Rahul Sharma,41,Ahmedabad,salaried,13.4,88027,5,4,238000,3,home-repair,0,7,7,0,0.7,0,0,86566,49394,23150,0.04,-0.0088,-0.0669,419,0,0,2,2,2,2,1,86,0.179,0.022,0,1,0,81918,2,4.2,2.2,4,2,38,1,0,0,20,6,267184,2
B10774,Lakshmi Sharma,31,Ahmedabad,business,2.8,40223,2,3,140000,6,home-repair,0,3,2,3,23.4,1,28,39026,26288,46229,0.052,-0.0622,-0.0222,411,0,0,2,1,2,0,2,47,0.238,0.202,0,1,0,33382,3,4.7,7.5,2,0,90,0,0,0,5,1,70591,5
B10775,Neha Verma,40,Lucknow,salaried,8.2,78870,1,0,205000,6,business,0,7,7,0,3.5,0,0,75688,49012,24878,0.043,0.0025,0.0131,342,0,0,2,2,2,2,2,99,0.375,0.081,0,1,0,65848,6,4.7,7.9,0,0,102,2,0,0,9,6,274517,0
B10776,Krishna Mishra,26,Ahmedabad,salaried,3.7,72591,1,3,188000,12,medical,0,5,5,0,2.8,0,0,69541,43763,19688,0.058,-0.0704,-0.0763,305,0,0,2,2,2,2,2,80,0.395,0.039,0,3,0,71822,2,5.0,11.3,2,2,66,0,0,0,16,6,222539,1
B10777,Geeta Singh,31,Kochi,salaried,2.6,30592,1,3,227000,3,personal,0,6,4,5,28.6,1,20,31003,22450,30463,0.067,0.0622,0.0087,293,0,0,2,0,1,2,2,64,0.218,0.216,0,1,0,24160,2,4.9,7.3,4,0,61,3,3,0,1,4,21466,4
B10778,Rohan Chopra,37,Kochi,self-employed,8.9,122196,2,2,348000,12,education,0,5,5,0,4.0,0,0,118952,74410,50679,0.066,0.0165,-0.0486,307,0,0,2,2,2,2,2,99,0.425,0.061,0,3,0,125557,3,3.8,6.5,3,1,15,0,1,0,30,1,449934,0
B10779,Ira Kulkarni,19,Bengaluru,salaried,4.0,69779,4,0,232000,12,education,0,8,8,1,29.2,0,46,68288,42068,18440,0.068,0.0522,-0.0689,318,0,0,2,2,2,2,2,76,0.311,0.092,0,1,0,65698,3,3.7,4.8,0,0,106,4,0,0,21,6,312026,0
B10780,Kavitha Yadav,22,Pune,self-employed,3.5,43552,4,0,160000,12,education,0,5,5,1,17.3,0,48,42112,31520,23401,0.067,0.0268,-0.0152,388,1,0,2,0,0,2,2,58,0.267,0.151,0,1,0,36437,2,4.8,3.6,0,0,25,3,0,0,6,1,23080,2
B10781,Aadhya Khan,29,Mumbai,salaried,6.1,35767,1,3,60000,3,medical,0,5,5,1,7.4,0,24,33898,22647,9666,0.047,-0.0148,0.0487,313,0,0,2,1,2,2,2,99,0.308,0.082,0,4,0,34708,3,4.7,10.6,0,1,97,4,0,0,18,6,17289,2
B10782,Myra Reddy,50,Delhi,self-employed,1.6,30978,5,4,183000,12,education,0,5,1,4,11.5,3,12,29667,20728,22511,0.048,0.0879,-0.0226,358,0,2,0,0,0,2,2,87,0.396,0.03,1,5,0,19735,0,0,6.9,3,0,41,1,3,3,3,3,26545,2
B10783,Priya Pillai,33,Hyderabad,salaried,3.6,26299,6,0,178000,18,personal,0,1,1,3,11.2,0,50,25840,15681,18124,0.064,-0.0127,0.0185,243,0,1,2,2,2,2,2,52,0.364,0.288,0,1,1,22569,2,3.9,11.6,4,1,76,1,0,0,5,6,35586,1
B10784,Rajesh Joshi,34,Ahmedabad,salaried,6.4,42008,2,1,139000,6,business,0,4,4,0,2.7,0,0,41856,26495,12786,0.088,-0.072,0.0269,279,0,0,2,2,2,2,1,65,0.268,0.028,0,2,1,40972,4,4.6,10.5,1,2,23,1,1,0,16,6,0,2
B10785,Suresh Das,26,Ahmedabad,self-employed,3.4,58621,1,0,147000,12,medical,0,2,2,0,3.1,0,0,55482,35200,20466,0.072,0.0571,-0.0016,368,0,0,2,2,2,2,1,89,0.225,0.102,0,1,0,53785,6,3.8,3.5,1,1,51,1,1,1,6,1,162627,1
B10786,Myra Gupta,36,Chennai,salaried,10.9,86705,2,1,148000,24,business,0,7,7,0,0.7,0,0,88415,55802,26825,0.108,0.0968,0.0302,447,0,0,2,2,2,2,2,95,0.211,0.082,0,1,0,79361,5,3.8,8.6,1,0,87,0,0,0,31,6,334761,1
B10787,Arjun Iyer,30,Bengaluru,daily-wage,0.2,15390,3,0,137000,6,medical,1,0,0,0,1.7,0,0,15715,11279,7672,0.076,0.1108,-0.2055,357,2,0,2,0,0,2,0,61,0.309,0.141,0,1,2,15011,3,3.7,11.9,4,0,88,1,0,0,8,5,8151,0
B10788,Sunita Joshi,21,Bengaluru,self-employed,0.1,13495,5,2,81000,12,education,1,0,0,0,3.5,0,0,12979,9472,9670,0.074,-0.042,0.0937,349,2,0,2,1,0,0,1,54,0.339,0.298,1,4,0,13792,3,4.6,6.2,3,0,91,3,0,0,1,5,33530,2
B10789,Anil Singh,38,Delhi,self-employed,9.7,67534,1,1,155000,12,home-repair,0,2,2,0,0.7,0,0,68125,46506,18746,0.073,-0.1346,-0.1137,323,0,0,2,1,2,2,2,97,0.338,0.091,0,1,0,58361,6,3.5,11.5,3,3,43,4,1,0,24,0,365772,1
B10790,Kabir Patel,27,Bengaluru,self-employed,0.3,18000,3,1,121000,12,personal,0,1,1,0,1.8,0,0,18724,14014,14522,0.076,-0.0481,-0.1271,293,1,1,2,2,2,0,2,47,0.269,0.074,1,2,0,18595,0,0,3.1,2,0,33,3,1,0,7,5,36196,0
B10791,Kabir Verma,28,Mumbai,daily-wage,1.7,17022,6,3,48000,6,personal,0,1,1,0,0.6,0,0,16470,10849,10563,0.048,-0.0262,-0.1338,292,2,1,2,2,2,1,0,49,0.329,0.164,0,1,1,16751,2,4.9,11.4,1,1,17,3,0,0,2,3,8253,0
B10792,Rahul Nair,44,Hyderabad,salaried,4.3,37670,3,2,123000,3,education,0,5,5,2,15.5,0,5,35411,22216,10341,0.062,0.018,0.0544,292,0,0,2,2,2,2,1,82,0.348,0.045,0,1,0,32032,4,4.0,9.8,4,0,41,1,0,0,28,6,63629,1
B10793,Vihaan Khan,32,Ahmedabad,daily-wage,4.2,56733,4,0,277000,6,personal,0,4,4,1,28.3,0,11,60485,47484,26503,0.045,0.0125,-0.0836,338,0,0,2,0,1,2,2,68,0.261,0.206,0,1,0,59831,2,4.2,2.5,3,1,18,2,0,0,7,1,70230,4
B10794,Arun Yadav,48,Pune,self-employed,1.0,16395,6,0,56000,24,personal,0,1,1,0,4.4,0,0,17616,12709,14866,0.06,-0.0326,0.0213,307,1,0,2,2,2,0,2,44,0.302,0.288,0,1,0,15537,1,3.7,7.8,0,0,45,1,0,0,0,2,49312,3
B10795,Sai Kulkarni,65,Mumbai,daily-wage,5.7,23719,4,2,104000,18,business,0,1,0,4,12.2,0,17,22317,15569,12684,0.038,-0.0568,-0.2379,392,1,1,2,2,2,2,1,54,0.316,0.088,0,1,1,23888,3,4.8,7.9,0,1,65,0,0,0,4,2,26875,5
B10796,Ira Mishra,38,Mumbai,self-employed,1.5,26307,2,3,111000,12,home-repair,0,4,2,2,7.5,2,30,24256,14064,19686,0.163,0.0695,-0.0638,414,1,2,2,0,0,0,1,54,0.187,0.272,0,1,0,20837,2,4.2,7.2,1,1,19,1,3,2,0,3,6297,3
B10797,Kiran Patel,34,Ahmedabad,self-employed,2.0,39278,3,2,154000,3,home-repair,0,1,1,0,3.0,0,0,38406,26765,10781,0.075,0.0148,0.0959,379,0,0,2,2,2,2,2,94,0.368,0.113,0,1,0,35949,6,4.7,8.8,3,3,106,4,0,0,29,4,0,0
B10798,Rohan Yadav,55,Indore,daily-wage,1.7,28830,4,2,246000,12,education,0,1,1,0,1.5,0,0,27955,21966,24577,0.082,0.121,-0.0707,338,0,1,1,0,2,2,0,51,0.299,0.292,0,4,0,26837,1,4.8,8.4,4,1,24,1,0,0,8,2,25405,0
B10799,Kavya Agarwal,42,Delhi,salaried,1.5,32016,1,1,217000,6,medical,0,1,0,4,25.8,1,29,29130,23345,28965,0.033,0.0007,0.1505,365,1,0,2,2,1,2,0,52,0.259,0.08,0,1,0,25382,3,4.2,4.5,2,1,119,0,0,0,9,6,42107,0
B10800,Divya Yadav,51,Chennai,salaried,0.6,20231,1,4,113000,6,education,0,1,1,0,0.0,0,0,18548,14369,14652,0.111,0.0696,-0.1324,376,1,0,0,0,2,2,1,77,0.311,0.183,0,1,1,19180,0,0,9.8,0,0,14,1,1,1,0,6,46237,4
B10801,Lakshmi Mehta,41,Bengaluru,salaried,3.3,48034,2,4,115000,12,personal,0,4,4,2,8.5,0,41,48142,31996,15627,0.072,-0.0817,-0.0105,306,1,0,2,2,2,2,2,69,0.326,0.104,0,1,0,51169,4,4.3,10.4,4,1,94,3,0,0,26,6,123781,2
B10802,Rohan Gupta,32,Pune,daily-wage,0.5,17214,6,2,44000,12,education,1,0,0,0,1.6,0,0,16050,11981,11558,0.053,-0.0304,-0.1208,330,2,2,0,2,0,2,2,34,0.381,0.142,0,1,2,14877,0,0,3.5,0,1,55,0,0,0,1,2,14551,2
B10803,Ishaan Das,42,Hyderabad,self-employed,1.4,38577,5,0,77000,6,education,0,4,3,3,25.7,1,25,39272,29124,31512,0.095,0.0704,0.1629,348,2,1,2,0,2,2,2,55,0.364,0.197,0,1,0,40504,2,5.0,1.2,2,1,116,2,1,1,6,4,64894,1
B10804,Vikram Mishra,43,Delhi,salaried,4.7,38083,1,2,246000,12,business,0,1,1,1,26.0,0,7,40723,30824,28604,0.059,0.0283,0.1131,337,3,0,2,0,1,2,2,53,0.261,0.245,0,1,0,44051,1,4.8,1.6,0,0,66,3,0,0,3,6,18677,5
B10805,Suresh Iyer,39,Delhi,business,4.8,78772,1,1,241000,12,medical,0,8,8,1,10.0,0,23,81533,52532,28507,0.055,-0.0433,-0.069,211,0,0,2,2,2,2,2,90,0.496,0.082,0,1,0,88641,4,3.7,1.3,0,2,101,3,1,0,32,3,230404,0
B10806,Nikhil Patel,45,Pune,salaried,3.6,40837,6,2,118000,18,home-repair,0,3,3,2,12.9,0,59,43411,28912,11502,0.028,-0.0391,0.0266,390,0,1,1,2,2,2,2,57,0.308,0.059,1,2,0,42462,4,4.2,2.0,2,2,53,1,1,1,18,6,76366,1
B10807,Arun Nair,25,Kolkata,self-employed,1.6,8000,2,3,19000,6,business,0,5,5,1,19.5,0,47,7629,5665,7080,0.061,0.104,0.0227,328,3,0,1,2,2,2,2,65,0.183,0.099,0,1,1,6872,0,0,1.6,2,1,116,0,1,0,6,5,10803,2
B10808,Kavya Joshi,27,Hyderabad,daily-wage,6.0,41088,1,1,157000,12,business,0,2,2,2,14.4,0,16,42845,25254,11232,0.073,-0.1069,0.0226,311,0,0,2,2,2,2,2,62,0.285,0.027,0,1,0,38098,6,4.9,2.7,3,1,57,4,1,0,20,4,52828,2
B10809,Ira Singh,26,Hyderabad,daily-wage,3.1,30588,5,3,162000,6,education,0,3,3,3,9.9,0,41,28362,19914,18569,0.079,-0.0075,0.0579,294,3,3,2,1,2,2,1,35,0.41,0.199,0,1,0,31083,1,4.6,9.1,3,1,99,2,0,0,7,4,41499,4
B10810,Neha Gupta,50,Hyderabad,salaried,12.5,66584,6,4,109000,6,business,0,5,5,1,10.7,0,7,68587,43488,17634,0.034,0.0565,-0.1028,363,0,0,2,2,2,2,2,91,0.285,0.055,0,4,0,73616,6,4.3,11.0,1,2,62,2,1,1,29,6,361373,2
B10811,Aarav Joshi,42,Mumbai,daily-wage,0.2,8055,3,4,63000,12,education,1,0,0,0,0.5,0,0,7500,5440,5347,0.058,0.0069,-0.0369,379,1,1,2,0,2,0,1,69,0.255,0.265,0,3,2,6649,3,3.9,5.7,2,1,73,2,1,1,6,4,7317,1
B10812,Sunita Pillai,40,Pune,salaried,5.2,69053,2,1,258000,6,home-repair,0,7,7,0,4.3,0,0,64758,35789,20134,0.078,-0.0331,-0.073,325,0,0,2,1,2,2,2,93,0.411,0.114,0,1,0,68270,5,4.2,2.3,4,2,85,2,0,0,11,6,139239,1
B10813,Sara Verma,27,Mumbai,self-employed,0.9,19383,2,4,70000,6,personal,0,4,2,3,7.7,2,25,20649,13829,17422,0.038,0.0037,0.0473,298,0,0,2,2,0,0,1,65,0.305,0.153,0,3,0,30305,3,3.6,3.2,1,0,107,0,2,2,7,5,0,3
B10814,Sara Rao,38,Mumbai,self-employed,1.9,44675,6,1,303000,3,education,0,5,4,3,14.2,1,45,44004,34761,30855,0.128,0.0413,-0.0175,317,0,1,1,0,0,1,2,78,0.283,0.175,1,5,0,61249,1,4.2,4.2,0,1,115,0,2,1,8,1,0,1
B10815,Aarav Das,19,Chennai,self-employed,13.4,86973,1,1,208000,3,personal,0,7,7,1,7.1,0,38,84076,49949,25760,0.045,0.0118,0.1323,254,0,0,2,2,2,2,2,85,0.281,0.074,0,1,0,75651,4,4.1,10.8,0,0,43,0,0,0,16,0,270886,2
B10816,Geeta Rao,51,Indore,self-employed,3.1,58357,5,2,184000,18,business,0,2,2,1,28.4,0,19,53330,33195,16773,0.027,0.0039,0.0131,224,0,1,2,2,2,2,0,67,0.295,0.066,0,1,0,48629,5,4.4,6.7,1,1,79,1,0,0,35,3,125917,0
B10817,Rahul Agarwal,49,Bengaluru,self-employed,2.1,60150,5,3,228000,24,business,0,2,2,0,1.9,0,0,58514,34052,15140,0.039,0.0374,-0.2187,429,0,0,2,2,0,2,2,73,0.124,0.023,0,1,1,54300,2,4.2,2.2,2,3,43,4,1,1,13,1,129092,2
B10818,Amit Reddy,27,Hyderabad,salaried,2.9,20934,6,1,129000,12,personal,0,6,4,3,9.3,2,15,20826,13910,19377,0.142,0.1768,0.0539,326,2,0,0,0,2,0,0,60,0.438,0.24,0,2,0,29388,2,4.1,11.7,4,1,88,2,3,0,0,2,52140,5
B10819,Sanjay Singh,34,Pune,daily-wage,2.4,16683,3,2,81000,12,home-repair,0,2,1,2,22.7,1,43,17466,11839,13286,0.128,0.0759,0.11,367,0,0,2,0,0,2,1,49,0.396,0.085,1,5,0,16274,2,4.5,5.0,3,1,112,3,0,0,1,0,33801,0
B10820,Priya Das,35,Kolkata,salaried,5.4,46471,3,0,247000,24,home-repair,0,2,1,4,21.2,0,52,43748,29892,33954,0.081,-0.0297,0.0127,309,0,1,2,2,2,0,2,82,0.339,0.265,0,2,0,45229,3,3.8,3.6,1,1,23,2,0,0,9,6,59598,1
B10821,Sara Iyer,28,Delhi,self-employed,3.6,32962,1,4,274000,6,home-repair,0,2,2,2,17.6,0,22,32837,20953,13750,0.077,-0.0223,-0.1399,337,1,0,2,2,0,2,0,61,0.476,0.255,0,1,1,28843,2,4.4,7.4,0,1,76,3,0,0,4,5,0,3
B10822,Kabir Kulkarni,46,Kochi,salaried,1.6,48771,6,4,122000,6,home-repair,0,1,0,6,10.5,1,12,51143,33982,42942,0.074,0.1398,-0.0525,362,0,0,2,0,2,0,0,39,0.334,0.119,0,5,0,37453,0,0,10.2,1,1,61,2,2,0,7,4,15573,3
B10823,Diya Gupta,43,Kochi,self-employed,0.6,12266,2,0,65000,18,business,1,0,0,0,2.3,0,0,13133,10015,5229,0.074,0.0366,-0.1805,269,0,2,2,1,1,2,2,54,0.221,0.194,0,1,0,13497,2,4.0,1.4,2,0,13,0,0,0,5,3,20867,2
B10824,Anil Das,32,Mumbai,salaried,14.3,113067,6,0,283000,3,medical,0,4,4,1,5.3,0,9,109336,66503,30920,0.061,-0.0127,0.0775,269,0,0,2,2,2,2,2,81,0.221,0.021,0,1,0,106679,4,3.9,10.3,0,1,81,3,0,0,19,6,342178,1
B10825,Sunita Nair,42,Mumbai,daily-wage,10.8,77007,3,1,200000,6,home-repair,0,2,2,1,23.0,0,41,81158,44597,22317,0.063,0.0449,0.0177,281,0,0,2,2,2,2,2,85,0.392,0.084,0,3,1,72453,4,4.0,9.7,4,1,51,3,1,1,8,4,280488,0
B10826,Sunita Das,35,Lucknow,daily-wage,5.7,34324,3,2,70000,6,business,0,1,1,2,23.4,0,54,36253,25654,17124,0.049,0.0142,0.4454,329,0,0,2,1,0,1,2,53,0.288,0.29,0,2,0,31629,0,0,9.3,4,1,77,0,0,0,5,4,8684,0
B10827,Priya Iyer,34,Mumbai,daily-wage,5.6,35036,5,2,162000,24,personal,0,2,2,2,14.1,0,13,34738,25601,19324,0.05,-0.0804,-0.1967,334,1,1,2,2,2,0,2,64,0.365,0.06,0,1,0,31113,3,3.7,1.3,2,1,55,0,1,0,3,3,7938,4
B10828,Divya Yadav,22,Pune,salaried,1.8,8000,3,4,43000,6,medical,0,4,1,3,10.9,3,42,7188,5214,5828,0.045,-0.0743,-0.1177,334,0,0,0,0,2,0,1,48,0.223,0.068,0,1,0,9678,2,4.8,8.5,1,0,28,3,3,2,9,4,13659,3
B10829,Myra Bose,32,Jaipur,daily-wage,0.8,13634,4,4,94000,12,education,1,0,0,0,1.2,0,0,13768,10602,11653,0.044,0.0301,0.0309,412,1,0,1,2,0,2,2,37,0.269,0.183,0,1,0,13617,3,4.3,11.6,1,1,33,0,1,0,2,5,0,0
B10830,Nikhil Bose,44,Mumbai,daily-wage,0.0,35777,6,1,129000,12,medical,0,1,1,0,4.7,0,0,34632,23424,22678,0.069,-0.0162,0.0794,324,0,1,1,2,2,0,2,44,0.381,0.089,0,1,0,35024,2,3.6,6.3,2,1,100,4,0,0,4,1,50435,0
B10831,Rohan Bose,49,Pune,business,7.1,75146,3,0,114000,12,home-repair,0,7,7,1,17.0,0,44,75665,45414,18990,0.056,0.0866,-0.131,342,0,0,2,2,2,2,2,80,0.417,0.093,0,1,0,67494,5,4.6,10.8,2,1,69,1,0,0,17,5,226697,1
B10832,Aarav Bose,30,Hyderabad,self-employed,5.1,41262,1,3,120000,18,education,0,3,3,1,17.3,0,44,42243,31180,12404,0.043,0.0226,0.1019,371,0,1,1,2,2,2,0,58,0.232,0.09,0,1,1,41432,5,3.9,11.1,4,1,59,0,1,1,7,1,0,1
B10833,Krishna Khan,56,Hyderabad,daily-wage,1.8,44509,2,4,267000,6,business,0,3,0,5,5.6,3,25,45052,31313,28435,0.038,-0.0491,-0.1377,302,1,0,2,0,2,2,1,57,0.43,0.264,0,5,0,49241,1,4.4,10.6,3,1,26,3,3,1,2,5,112086,4
B10834,Lakshmi Das,33,Ahmedabad,daily-wage,1.5,19897,6,4,151000,24,business,0,1,1,0,0.1,0,0,18333,13226,11854,0.051,-0.0369,-0.0541,313,2,2,2,2,0,2,0,43,0.323,0.258,0,3,0,17091,1,4.5,9.9,3,1,16,4,0,0,1,4,5099,0
B10835,Divya Yadav,25,Mumbai,daily-wage,5.9,65932,3,3,227000,12,business,0,1,1,1,16.1,0,55,65080,41066,20461,0.062,-0.0057,0.0589,354,0,0,2,2,1,2,1,76,0.292,0.115,0,1,2,63427,4,3.7,8.0,0,2,56,4,0,0,12,2,44370,0
B10836,Anil Mehta,44,Hyderabad,salaried,0.7,13324,6,2,109000,12,personal,0,1,0,3,7.1,2,49,12347,8004,13200,0.163,0.1552,-0.1255,336,1,1,0,0,0,1,2,49,0.358,0.125,1,3,0,14585,0,0,9.7,1,1,84,4,3,2,1,3,10957,1
B10837,Aarav Das,20,Hyderabad,daily-wage,0.2,21837,5,2,177000,3,business,1,0,0,0,5.0,0,0,20483,13182,13738,0.026,0.0253,-0.0595,283,3,1,0,1,2,0,2,75,0.397,0.278,0,2,0,21793,2,4.1,2.0,4,1,44,2,1,0,6,0,0,3
B10838,Myra Mehta,31,Surat,salaried,5.3,39946,3,2,314000,12,education,0,5,5,2,25.5,0,13,40135,32282,37160,0.11,0.0091,-0.0986,337,1,0,2,2,2,0,1,52,0.371,0.208,0,1,0,38888,2,4.2,8.7,2,0,93,1,0,0,3,6,127176,4
B10839,Nikhil Agarwal,31,Hyderabad,self-employed,4.4,44922,1,2,142000,3,home-repair,0,3,3,1,18.6,0,47,42382,27302,16565,0.065,0.0541,0.0701,337,0,0,2,2,2,2,2,83,0.257,0.063,1,1,1,44678,5,3.7,11.5,4,3,65,0,1,1,15,2,8041,2
B10840,Suresh Rao,31,Lucknow,daily-wage,6.0,74564,2,3,179000,24,business,0,2,2,1,26.1,0,18,70141,42846,20772,0.094,-0.008,-0.0386,316,1,0,2,2,2,2,2,82,0.275,0.094,0,1,0,73936,4,3.6,7.4,3,1,93,1,1,0,33,1,243157,2
B10841,Reyansh Mishra,25,Kochi,salaried,6.0,42003,1,0,333000,12,personal,0,1,0,4,23.1,0,34,43530,33070,27184,0.098,0.0541,-0.2012,308,2,0,2,2,2,2,2,33,0.109,0.216,1,1,0,40683,1,3.8,8.0,2,1,101,4,0,0,1,6,19214,4
B10842,Pooja Agarwal,35,Delhi,self-employed,8.5,87431,1,1,227000,12,medical,0,7,7,0,1.1,0,0,92720,59054,23375,0.039,0.0181,-0.0934,306,0,0,2,2,2,2,2,96,0.283,0.026,0,1,0,86072,5,4.3,8.4,2,3,96,3,0,0,28,0,401174,1
B10843,Sunita Khan,50,Chennai,salaried,11.0,74631,6,4,234000,18,home-repair,0,4,4,0,4.2,0,0,73660,46999,18206,0.077,-0.0373,-0.1653,359,0,0,2,2,2,2,2,94,0.27,0.049,1,1,0,77967,5,4.0,6.6,2,2,79,4,1,0,8,6,330160,2
B10844,Ravi Kulkarni,34,Ahmedabad,self-employed,9.5,60531,2,1,112000,6,personal,0,4,4,1,5.9,0,29,58248,36331,17181,0.04,-0.0123,0.1596,424,0,0,2,2,2,2,2,81,0.136,0.066,0,1,1,61762,6,3.8,1.7,3,0,106,0,1,1,7,5,145256,2
B10845,Aarav Patel,19,Jaipur,salaried,5.3,45872,2,2,76000,6,education,0,2,2,0,3.5,0,0,47197,28958,9270,0.067,0.0205,-0.0759,398,0,0,2,2,2,1,2,62,0.21,0.046,0,1,0,45073,6,4.5,3.4,1,1,27,0,0,0,24,6,50787,2
B10846,Meera Bose,46,Kochi,self-employed,3.7,36870,2,1,91000,12,personal,0,5,5,1,13.7,0,29,36240,23325,7536,0.06,0.0837,-0.0219,375,0,0,2,2,2,2,2,60,0.367,0.12,0,1,0,34757,6,3.6,11.6,3,2,118,2,0,0,19,4,83107,1
B10847,Divya Joshi,29,Bengaluru,business,5.6,52927,1,0,208000,24,personal,0,2,2,0,2.4,0,0,50353,28979,16517,0.057,0.0628,-0.1216,365,0,0,2,2,2,0,2,77,0.374,0.081,0,1,0,54948,6,4.1,5.5,2,0,52,0,0,0,18,2,44092,2
B10848,Arun Sharma,51,Chennai,self-employed,6.0,59095,1,2,151000,12,education,0,1,1,1,14.4,0,6,62333,41262,19787,0.058,0.0004,0.0239,303,0,1,2,2,2,2,2,54,0.393,0.041,0,2,0,53301,2,4.8,1.1,2,2,113,2,0,0,28,3,86361,2
B10849,Sai Mehta,42,Delhi,business,10.8,87172,2,2,176000,12,personal,0,4,4,0,3.4,0,0,88774,48585,22976,0.093,0.0991,0.06,395,0,0,2,1,2,2,2,75,0.158,0.042,1,1,0,86828,2,3.8,9.2,3,0,34,1,1,1,6,0,383192,1
B10850,Amit Khan,42,Lucknow,self-employed,3.3,30091,5,2,110000,6,business,0,2,0,4,8.4,1,53,28872,20493,14007,0.053,0.0521,0.2006,383,0,0,2,2,0,2,0,64,0.343,0.24,0,1,0,28823,1,4.3,9.1,1,0,22,1,0,0,8,5,40293,0
B10851,Aadhya Rao,45,Pune,self-employed,3.3,75179,3,0,270000,6,medical,0,2,2,1,13.2,0,7,70621,42593,25751,0.039,-0.0182,0.1152,360,0,0,2,2,2,2,2,90,0.397,0.023,0,1,0,74787,6,4.0,11.6,2,1,88,1,1,0,21,4,171025,1
B10852,Ravi Verma,30,Delhi,self-employed,3.7,32456,3,4,52000,6,personal,0,1,1,0,3.8,0,0,33136,19913,10248,0.057,-0.0543,-0.0684,361,1,0,2,2,2,2,2,82,0.278,0.056,0,1,1,31575,3,4.0,4.8,0,3,26,2,1,1,33,5,31027,0
B10853,Kiran Mishra,31,Bengaluru,self-employed,7.6,56147,3,3,181000,6,home-repair,0,4,4,2,21.7,0,28,55909,33245,17801,0.082,0.0162,0.0111,358,0,0,1,2,0,2,2,90,0.303,0.093,0,1,0,50055,4,4.7,8.6,4,3,58,4,0,0,29,5,116182,2
B10854,Rohan Nair,43,Pune,self-employed,5.7,37251,2,2,142000,18,personal,0,5,5,1,12.7,0,44,35826,22131,13970,0.017,0.0628,-0.0252,356,0,0,2,1,2,2,2,68,0.357,0.034,0,3,0,38705,3,3.9,10.0,2,0,41,0,1,0,16,2,97144,1
B10855,Myra Patel,32,Chennai,business,2.3,16225,3,1,52000,3,home-repair,0,1,1,1,5.8,0,15,16977,11724,4654,0.054,-0.0181,0.0869,363,0,0,2,0,2,2,2,66,0.326,0.082,0,2,1,16100,5,3.8,1.4,4,2,109,1,1,0,25,4,50723,1
B10856,Aarav Khan,25,Delhi,daily-wage,7.8,43211,5,3,90000,12,education,0,6,6,0,1.8,0,0,44745,29294,11168,0.056,0.0591,0.0941,377,0,0,2,1,2,2,1,73,0.362,0.095,0,1,1,46997,5,4.4,2.0,1,0,90,1,1,0,18,4,23485,1
B10857,Suresh Reddy,35,Hyderabad,daily-wage,1.4,37483,1,0,186000,12,personal,0,1,1,0,2.4,0,0,34244,21367,22529,0.058,0.0157,0.0704,278,0,0,0,1,2,2,2,66,0.279,0.226,0,1,0,34211,0,0,3.8,2,1,66,0,1,0,4,1,65390,1
B10858,Kabir Bose,42,Kolkata,self-employed,4.4,84106,3,3,316000,24,home-repair,0,5,5,1,26.9,0,36,84877,56194,22996,0.072,-0.0636,0.0245,333,0,0,2,2,2,2,2,74,0.295,0.109,0,2,0,87586,3,4.8,6.6,2,1,77,1,0,0,17,3,254575,0
B10859,Aarav Patel,19,Ahmedabad,daily-wage,4.1,44820,5,1,74000,12,education,0,6,6,0,2.2,0,0,38706,21357,12889,0.063,0.071,-0.099,313,0,0,2,2,2,2,2,67,0.446,0.095,0,1,0,39638,5,4.6,7.5,3,0,40,1,1,0,13,5,0,2
B10860,Vikram Gupta,50,Kolkata,salaried,1.9,42947,5,2,281000,6,medical,0,3,3,3,12.1,0,17,39300,24893,38567,0.052,0.0152,-0.0411,311,1,1,2,2,2,0,1,64,0.341,0.19,0,1,0,41721,2,4.0,2.5,3,0,94,2,0,0,7,6,34398,1
B10861,Anita Agarwal,30,Mumbai,salaried,0.9,23038,3,4,178000,12,business,0,1,1,0,3.1,0,0,22395,16235,12151,0.046,0.0572,0.0066,307,2,1,2,0,2,0,2,59,0.317,0.242,0,1,0,20451,3,4.3,5.0,0,1,112,4,0,0,4,6,62521,4
B10862,Meera Sharma,27,Mumbai,business,3.0,11727,1,3,102000,6,personal,0,3,3,1,23.9,0,16,11111,7579,8224,0.047,-0.0234,-0.0057,452,0,1,2,2,0,1,2,40,0.108,0.126,0,1,0,10814,1,5.0,9.0,1,1,76,1,0,0,5,4,21779,4
B10863,Deepak Singh,19,Mumbai,self-employed,3.1,62462,2,0,175000,6,medical,0,1,1,2,21.4,0,38,64115,44797,15983,0.06,-0.0236,-0.0542,275,0,0,2,2,2,2,1,67,0.306,0.041,0,1,1,63405,5,4.9,10.5,1,1,52,0,0,0,22,0,182929,0
B10864,Rohan Singh,32,Lucknow,daily-wage,1.2,27406,2,2,171000,6,education,0,1,1,0,4.1,0,0,28771,17448,15554,0.033,0.0882,0.0366,312,0,1,0,2,1,0,0,65,0.225,0.233,0,1,0,28864,0,0,2.7,0,0,24,2,1,1,4,2,8509,1
B10865,Meera Gupta,30,Bengaluru,daily-wage,4.4,76193,1,0,211000,3,medical,0,3,3,1,15.9,0,59,76299,48214,12857,0.072,-0.0463,-0.085,293,0,0,2,2,2,2,2,64,0.241,0.085,0,1,0,71156,3,5.0,3.7,1,3,91,2,1,0,27,0,56064,2
B10866,Neha Bose,30,Delhi,daily-wage,0.7,24592,5,1,212000,18,education,1,0,0,0,2.0,0,0,24388,17957,22233,0.065,-0.0146,0.0791,322,2,1,0,2,0,2,1,46,0.233,0.177,0,1,0,26549,3,4.2,9.1,2,1,45,2,1,1,4,1,46324,3
B10867,Sara Patel,51,Mumbai,daily-wage,12.4,60657,6,1,132000,12,business,0,3,3,1,13.1,0,20,56382,38823,16438,0.059,-0.0195,0.0108,309,0,0,2,2,2,2,2,90,0.384,0.115,0,1,0,54128,3,4.0,1.9,4,3,86,1,0,0,9,2,213149,2
B10868,Krishna Singh,44,Lucknow,self-employed,7.1,46635,6,1,113000,6,education,0,6,6,2,6.4,0,50,49743,27840,13875,0.046,0.0158,-0.1253,337,0,0,2,2,2,2,2,90,0.279,0.086,0,1,0,48455,6,3.6,2.5,3,0,25,3,0,0,29,0,65376,2
B10869,Manoj Pillai,57,Jaipur,self-employed,2.2,35939,6,4,131000,24,personal,0,4,4,2,27.8,0,28,35190,22698,11967,0.04,0.0153,0.0421,358,0,0,2,1,0,1,2,89,0.237,0.075,0,1,2,38291,3,3.9,11.6,4,2,57,4,1,1,7,2,115267,1
B10870,Rohan Kulkarni,31,Lucknow,self-employed,3.1,83886,3,2,169000,6,business,0,2,2,1,7.5,0,9,84002,48280,23481,0.032,-0.0093,0.1092,368,0,0,2,2,2,2,2,93,0.264,0.045,0,1,1,82250,3,5.0,8.2,2,3,18,2,0,0,28,4,313745,2
B10871,Vikram Reddy,30,Kochi,salaried,1.3,32697,1,0,246000,6,home-repair,0,1,1,0,0.9,0,0,32516,20792,24300,0.054,-0.025,-0.077,425,0,1,0,2,2,0,1,47,0.142,0.122,0,1,1,29838,0,0,8.6,0,0,91,0,0,0,2,6,48503,4
B10872,Ananya Kulkarni,32,Delhi,self-employed,4.8,44716,3,4,373000,3,education,0,4,4,3,29.4,0,54,42891,30811,35234,0.06,0.005,0.1858,305,0,1,1,2,2,0,2,56,0.257,0.098,1,2,0,39994,2,3.6,10.5,3,1,67,3,1,1,8,4,5838,5
B10873,Arjun Agarwal,31,Mumbai,salaried,1.1,46741,1,4,325000,12,medical,0,5,4,4,14.1,0,16,47090,28732,42006,0.063,0.0643,0.0852,286,1,1,2,2,2,2,1,54,0.253,0.105,0,1,0,43853,2,4.1,1.6,3,0,77,0,0,0,3,6,80706,1
B10874,Rohan Pillai,38,Kolkata,business,1.5,19986,2,1,175000,12,education,1,0,0,0,1.7,0,0,20836,13995,13012,0.06,0.0537,0.0097,282,3,1,2,2,2,0,2,77,0.479,0.262,0,1,2,19857,0,0,10.8,0,0,49,1,0,0,2,3,0,4
B10875,Rohan Verma,49,Bengaluru,daily-wage,7.4,63699,3,4,218000,6,personal,0,5,5,0,3.3,0,0,66258,42278,19300,0.063,0.0297,0.1077,414,0,0,2,2,2,2,0,85,0.297,0.042,0,1,0,67079,6,4.0,9.2,4,2,99,1,0,0,7,2,74598,0
B10876,Neha Agarwal,31,Lucknow,daily-wage,2.4,27064,5,0,91000,24,medical,0,5,4,3,5.9,1,33,26435,18687,23195,0.122,0.0348,-0.0575,421,2,1,1,2,2,1,2,75,0.286,0.125,0,1,0,17701,2,4.6,1.8,3,1,91,0,2,0,6,2,4270,3
B10877,Ishaan Nair,42,Delhi,salaried,2.1,48961,5,1,182000,12,business,0,5,5,0,3.0,0,0,47237,32355,14662,0.053,-0.0471,0.0852,402,0,1,2,1,2,2,2,65,0.182,0.026,0,2,1,44472,4,4.6,2.7,0,1,33,3,1,1,19,6,11717,1
B10878,Manoj Das,38,Delhi,salaried,1.2,47572,3,1,162000,6,medical,0,2,1,2,17.2,1,48,45811,27480,44934,0.058,-0.0939,0.0752,328,0,1,2,2,2,0,2,50,0.384,0.095,0,1,0,46776,2,4.2,11.9,4,1,63,0,0,0,8,6,0,4
B10879,Priya Reddy,30,Delhi,self-employed,5.2,30016,4,0,108000,12,medical,0,5,5,1,29.0,0,36,31682,16576,8194,0.065,-0.043,0.073,358,0,1,2,2,1,2,1,68,0.208,0.096,0,1,1,32665,4,4.5,7.6,0,2,89,2,1,0,10,1,2611,0
B10880,Kavya Patel,34,Ahmedabad,salaried,1.3,22819,4,3,75000,12,personal,0,5,5,1,7.9,0,22,20577,13857,17763,0.043,-0.0845,-0.0134,314,2,0,2,2,2,1,2,46,0.349,0.234,0,1,0,21776,0,0,2.6,4,1,114,2,0,0,5,6,2859,0
B10881,Nikhil Mishra,26,Bengaluru,salaried,5.0,26946,2,2,116000,12,medical,0,1,1,2,13.3,0,25,26876,17984,15964,0.068,-0.0551,-0.1795,372,1,0,2,0,2,1,1,56,0.272,0.153,0,1,0,23769,3,3.8,6.6,2,1,75,3,0,0,9,6,38758,1
B10882,Manoj Chopra,34,Hyderabad,self-employed,6.0,25947,6,4,39000,24,medical,0,4,4,2,8.9,0,52,26556,16839,9224,0.084,-0.0357,-0.1468,286,1,0,2,2,2,2,2,77,0.196,0.06,0,1,0,23801,3,4.9,11.1,3,1,94,4,1,0,9,5,80598,1
B10883,Ananya Reddy,31,Delhi,salaried,3.3,70526,4,4,121000,12,business,0,2,2,2,18.6,0,51,70510,40171,17944,0.05,-0.0298,-0.1692,346,0,1,2,2,2,2,2,76,0.349,0.024,0,2,1,76245,4,4.2,6.8,1,2,87,2,0,0,27,6,34013,0
B10884,Amit Agarwal,35,Pune,business,1.1,41646,2,2,102000,12,business,0,3,3,1,25.3,0,54,44000,31400,27069,0.022,-0.0073,0.1583,307,2,0,1,2,2,2,2,49,0.47,0.038,0,1,0,41048,1,4.8,6.7,0,1,66,1,0,0,3,0,21486,5
B10885,Ishaan Kulkarni,28,Lucknow,self-employed,0.5,31491,3,0,215000,12,home-repair,0,1,1,0,3.0,0,0,33764,26508,26875,0.046,-0.0139,0.0016,399,0,0,0,1,2,0,1,56,0.27,0.267,0,1,0,32753,3,3.6,11.9,1,1,13,2,1,1,3,5,22936,2
B10886,Sanjay Joshi,44,Chennai,salaried,5.6,43212,6,3,103000,12,medical,0,5,5,0,0.8,0,0,38974,21548,11524,0.079,0.063,-0.0146,234,0,0,2,2,2,2,2,99,0.257,0.05,0,1,1,37297,5,4.6,7.4,0,1,74,3,1,0,19,6,72112,1
B10887,Aarav Kulkarni,19,Nagpur,self-employed,1.5,23874,3,3,211000,18,home-repair,0,4,3,2,9.3,1,14,25294,18807,19128,0.03,0.0789,0.0261,402,0,0,0,0,2,2,2,62,0.129,0.132,0,2,0,23872,2,4.2,1.1,2,1,88,1,1,1,0,5,9387,3
B10888,Sai Bose,25,Mumbai,self-employed,1.5,8000,3,1,36000,12,home-repair,0,1,1,0,3.5,0,0,7431,5121,6762,0.047,-0.0374,-0.1026,369,0,2,0,2,2,2,0,55,0.346,0.029,0,1,0,6729,0,0,5.0,3,1,93,1,0,0,5,1,29372,1
B10889,Amit Yadav,44,Pune,daily-wage,1.5,14556,4,2,39000,24,education,0,1,1,0,4.9,0,0,15414,11675,13170,0.064,-0.0403,0.0891,418,2,2,2,0,0,1,0,52,0.143,0.233,0,3,0,15405,2,4.5,5.9,0,0,66,1,1,0,2,1,21931,2
B10890,Sai Joshi,34,Bengaluru,salaried,4.5,17622,5,4,63000,12,medical,0,4,3,4,15.1,0,36,18497,11220,12213,0.062,-0.012,0.0704,329,2,1,2,2,0,2,2,49,0.339,0.139,1,1,1,18501,0,0,11.0,3,0,99,4,1,0,1,6,54120,2
B10891,Kavya Sharma,22,Delhi,business,2.8,57040,1,1,155000,12,home-repair,0,6,6,1,11.6,0,13,55370,34672,13447,0.075,0.0723,-0.0238,275,0,0,2,2,2,2,2,67,0.247,0.04,0,1,1,51714,6,4.5,1.6,3,3,21,4,1,1,17,0,134836,1
B10892,Rahul Sharma,31,Delhi,salaried,1.4,22689,6,3,84000,12,personal,1,0,0,0,1.6,0,0,20557,14980,21019,0.052,0.0119,0.0125,314,1,0,0,2,2,2,2,49,0.304,0.039,0,1,0,20801,0,0,10.7,4,0,115,3,1,0,9,6,39592,0
B10893,Myra Iyer,34,Pune,self-employed,2.7,42965,6,3,80000,12,medical,0,3,3,2,14.7,0,20,42524,26480,10600,0.07,-0.0494,0.0019,309,0,1,2,2,2,2,2,70,0.413,0.112,0,1,1,42736,2,3.8,10.7,2,0,18,1,0,0,25,1,61326,2
B10894,Rohan Sharma,32,Bengaluru,business,4.6,42319,3,0,104000,12,home-repair,0,5,5,0,4.7,0,0,40059,27798,13979,0.053,-0.021,0.0649,365,0,0,1,2,2,2,1,79,0.343,0.052,0,1,1,34986,3,3.7,8.7,2,1,91,1,0,0,35,4,35748,2
B10895,Sara Kulkarni,35,Hyderabad,business,3.0,31735,6,0,193000,6,personal,0,4,4,2,23.9,0,16,31274,24199,13530,0.067,0.027,-0.22,358,2,0,1,1,2,2,2,45,0.181,0.1,0,1,0,29762,2,3.6,11.1,0,1,61,2,0,0,7,0,51371,1
B10896,Kiran Mehta,39,Kolkata,daily-wage,1.2,8980,3,2,78000,12,business,0,1,1,0,0.5,0,0,9215,7436,3180,0.081,-0.0872,-0.1254,348,3,0,2,2,1,1,1,48,0.25,0.084,0,1,0,8752,2,3.6,5.6,4,1,14,0,1,0,9,2,1331,0
B10897,Arun Chopra,44,Mumbai,salaried,4.0,44027,2,3,175000,24,home-repair,0,3,3,2,19.0,0,56,46030,25458,13437,0.093,0.0469,0.0062,369,0,0,2,2,2,2,2,68,0.32,0.064,0,2,0,47168,6,4.3,10.5,0,0,26,0,1,1,6,6,38121,2
B10898,Deepak Agarwal,61,Mumbai,salaried,2.6,24018,4,1,51000,24,education,0,5,5,2,11.0,0,12,24794,16176,23480,0.045,0.0196,-0.0443,355,1,0,1,2,2,2,2,50,0.193,0.152,0,2,0,25822,3,4.3,10.0,4,0,40,4,1,0,3,6,0,4
B10899,Arun Joshi,42,Mumbai,self-employed,4.1,53000,1,0,211000,3,education,0,4,4,1,25.8,0,49,54104,35755,18335,0.062,0.0374,0.2276,297,0,0,2,2,2,2,2,76,0.239,0.065,0,2,0,57955,2,4.4,8.7,4,3,23,1,0,0,33,2,47049,2
B10900,Sunita Sharma,35,Delhi,daily-wage,14.3,55985,6,4,201000,12,personal,0,7,7,1,10.2,0,25,53690,36179,13408,0.054,-0.018,-0.2048,300,0,0,2,2,2,2,2,93,0.338,0.073,0,3,0,54325,3,4.1,1.0,3,1,18,0,0,0,29,4,212836,2
B10901,Rohan Joshi,38,Bengaluru,daily-wage,0.8,25895,3,0,107000,3,medical,0,1,1,0,1.7,0,0,26990,18748,20954,0.061,0.0566,0.1985,364,1,1,1,2,1,0,1,68,0.404,0.199,0,1,0,23476,0,0,6.4,2,1,71,1,1,0,8,2,13229,5
B10902,Neha Mehta,34,Chennai,daily-wage,4.7,45518,3,4,175000,3,business,0,2,2,2,9.9,0,23,43868,25802,10944,0.061,0.0757,-0.1706,346,0,0,2,2,2,2,2,81,0.254,0.089,0,4,0,48109,6,4.5,6.3,3,1,82,2,0,0,11,5,7863,2
B10903,Deepak Sharma,37,Bengaluru,business,0.7,31921,3,0,208000,3,medical,0,1,1,0,3.0,0,0,31020,20682,15891,0.076,0.0585,0.1953,322,2,0,1,2,0,2,1,63,0.329,0.125,0,2,0,28290,0,0,2.2,2,1,64,4,1,0,8,3,65847,4
B10904,Vihaan Singh,40,Mumbai,self-employed,8.3,93042,2,2,145000,6,personal,0,2,2,0,3.3,0,0,94115,62354,32051,0.081,0.0048,-0.0386,376,0,0,2,2,1,2,2,84,0.14,0.081,0,1,0,80046,4,4.7,7.0,4,2,77,0,1,0,11,1,215002,0
B10905,Aarav Yadav,41,Bengaluru,self-employed,1.1,21091,5,3,177000,6,business,0,5,4,3,17.1,1,31,20291,13289,17954,0.152,0.0656,-0.2195,363,1,0,1,2,2,2,1,53,0.352,0.24,1,5,0,21886,3,4.7,4.1,2,1,22,1,1,1,4,5,13336,5
B10906,Ravi Bose,36,Pune,self-employed,1.5,35598,4,4,207000,12,medical,0,3,3,2,27.6,0,9,34519,24234,36064,0.035,-0.0771,-0.1614,295,0,1,2,0,2,1,2,50,0.172,0.08,0,1,0,36731,1,4.6,7.2,1,0,57,1,1,1,7,0,118853,2
B10907,Geeta Gupta,22,Bengaluru,salaried,3.6,71971,5,1,286000,6,home-repair,0,6,6,1,25.7,0,58,71068,45381,27646,0.062,-0.0013,-0.0032,367,0,1,2,2,2,2,2,78,0.209,0.028,0,1,1,60658,5,3.9,7.9,0,0,91,4,1,1,16,6,218575,2
B10908,Arjun Khan,39,Bengaluru,daily-wage,6.3,54968,4,0,97000,3,medical,0,4,4,1,6.3,0,23,53011,33011,17672,0.067,-0.013,-0.0337,351,0,0,1,2,2,2,2,99,0.372,0.08,0,1,0,51711,4,5.0,5.7,3,1,103,2,0,0,15,0,117478,2
B10909,Vikram Sharma,26,Bengaluru,business,4.9,47437,3,4,260000,6,business,0,3,2,2,8.5,1,42,45015,35341,33408,0.056,-0.0122,0.201,324,2,0,2,2,0,2,2,47,0.27,0.113,0,1,0,41868,1,4.2,3.0,2,0,59,4,0,0,1,0,106536,4
B10910,Vikram Rao,19,Kolkata,daily-wage,14.8,76733,6,1,139000,6,business,0,4,4,0,2.5,0,0,70590,45103,21143,0.055,0.0198,-0.0663,335,0,0,2,2,1,2,2,85,0.212,0.118,1,1,0,69670,4,4.1,3.8,2,3,71,3,1,0,25,4,261656,1
B10911,Arun Patel,27,Mumbai,daily-wage,1.8,12130,6,3,66000,18,business,1,0,0,0,1.6,0,0,11633,8772,9628,0.083,0.035,-0.1585,380,1,0,0,2,0,2,0,55,0.25,0.2,0,2,0,10481,3,4.2,3.0,0,0,33,2,0,0,5,1,12093,5
B10912,Divya Joshi,39,Hyderabad,salaried,13.4,73859,1,2,253000,3,home-repair,0,8,8,1,16.8,0,42,72780,44412,26778,0.062,0.0438,-0.0241,294,1,0,2,2,1,2,2,89,0.42,0.073,0,2,0,66205,4,4.4,9.4,1,0,106,4,0,0,35,6,468771,2
B10913,Krishna Rao,52,Delhi,salaried,7.9,43902,4,0,134000,12,medical,0,4,4,1,20.3,0,20,44796,29500,13176,0.039,0.0598,0.2367,378,0,0,2,2,2,2,1,55,0.376,0.044,0,1,0,38854,3,4.9,5.9,3,0,54,4,1,0,34,6,8905,2
B10914,Ravi Sharma,43,Mumbai,salaried,2.8,25787,6,4,132000,6,personal,0,4,0,5,8.3,3,12,25537,19628,21937,0.125,0.0383,-0.0384,408,0,1,0,0,0,1,2,53,0.241,0.039,0,3,2,19461,1,3.8,1.8,4,0,19,0,1,0,9,4,48321,1
B10915,Aarav Singh,39,Nagpur,self-employed,1.8,51365,3,4,98000,12,business,0,1,1,0,4.1,0,0,48617,32178,12933,0.069,-0.0587,0.0437,238,1,0,2,2,2,2,1,78,0.458,0.09,0,1,0,47716,2,3.6,3.1,4,2,93,0,1,1,14,1,39985,2
B10916,Aarav Kulkarni,19,Hyderabad,daily-wage,2.9,25650,4,0,189000,18,medical,0,5,3,2,20.4,2,22,24066,16664,19747,0.087,0.0652,0.1557,369,1,0,0,2,0,1,1,44,0.328,0.191,1,1,1,28014,1,4.7,1.1,1,1,95,4,3,2,1,3,55920,5
B10917,Geeta Nair,39,Hyderabad,salaried,5.5,8000,5,2,20000,3,personal,0,1,1,1,9.7,0,5,8327,6222,4169,0.078,-0.0728,0.0833,393,1,0,0,2,2,0,1,58,0.294,0.168,0,1,0,7859,3,3.8,3.9,1,1,111,3,1,0,3,6,12446,1
B10918,Myra Chopra,42,Ahmedabad,salaried,3.5,84278,3,4,279000,12,education,0,2,2,1,20.7,0,38,83685,48980,22126,0.062,0.0645,0.0519,347,0,1,2,2,2,2,2,74,0.327,0.085,0,2,0,82642,6,3.8,2.3,1,3,27,1,1,0,23,6,221658,1
B10919,Pooja Pillai,33,Mumbai,daily-wage,0.5,40062,3,3,119000,12,education,0,1,1,0,1.2,0,0,43208,29543,32646,0.073,0.0251,-0.0989,348,0,0,1,2,1,2,2,80,0.189,0.176,0,2,0,40203,1,4.4,4.7,1,0,117,1,0,0,3,1,175825,0
B10920,Manoj Singh,39,Chennai,salaried,7.5,16172,1,3,48000,12,business,0,4,4,0,0.4,0,0,15097,9511,4721,0.056,-0.0738,0.0629,322,0,0,1,1,2,2,2,70,0.392,0.066,0,4,0,16520,5,3.7,9.3,0,2,81,3,0,0,7,6,26281,1
B10921,Kabir Singh,20,Hyderabad,business,4.4,29014,6,0,123000,24,home-repair,0,4,4,1,20.5,0,23,25764,17283,15044,0.04,-0.0598,0.1681,334,1,0,2,2,2,2,2,50,0.377,0.097,0,3,0,27226,0,0,6.3,0,1,27,1,0,0,5,4,47017,2
B10922,Priya Sharma,32,Bengaluru,salaried,6.7,68797,6,2,223000,3,business,0,3,3,0,3.9,0,0,65920,37783,16655,0.06,0.0386,-0.1576,335,0,0,2,2,2,2,2,99,0.357,0.071,0,1,0,56668,5,4.1,1.9,2,1,72,1,0,0,31,6,222907,1
B10923,Ananya Sharma,35,Mumbai,business,5.4,43196,3,1,159000,18,personal,0,3,3,1,24.7,0,20,39401,23554,15630,0.055,0.049,0.1001,353,0,0,2,2,1,2,2,33,0.339,0.07,0,2,0,38107,2,4.5,2.6,4,2,21,4,0,0,11,2,49797,1
B10924,Kavitha Mishra,51,Mumbai,salaried,3.5,20736,2,2,135000,18,personal,0,2,1,2,26.8,1,32,21686,14818,11714,0.073,-0.092,-0.1402,410,1,0,2,1,2,2,2,61,0.147,0.191,0,1,0,21917,2,4.4,1.6,0,0,79,2,0,0,8,6,63812,1
B10925,Vikram Chopra,23,Surat,self-employed,2.1,19410,3,3,156000,12,home-repair,0,2,0,6,21.8,3,36,19208,13136,12829,0.069,0.0084,-0.0718,300,2,0,2,1,0,2,1,58,0.352,0.196,0,3,0,25172,3,4.5,6.1,0,0,38,1,0,0,9,0,16730,5
B10926,Sai Das,23,Lucknow,self-employed,3.0,38520,3,0,111000,12,medical,0,3,3,1,10.4,0,25,38455,28214,25500,0.095,0.0558,-0.1419,354,0,1,2,2,2,0,2,54,0.283,0.233,0,1,1,38344,0,0,6.9,3,0,88,0,1,1,0,2,67653,1
B10927,Arjun Patel,44,Hyderabad,daily-wage,1.1,31956,2,4,204000,18,personal,0,1,1,0,4.3,0,0,31530,26594,30934,0.053,-0.0299,0.1045,303,1,0,2,2,1,1,0,55,0.416,0.106,0,1,0,33481,3,4.2,2.2,2,1,106,1,1,1,9,0,45825,4
B10928,Lakshmi Mehta,39,Indore,salaried,3.6,97447,2,4,233000,12,personal,0,5,5,1,17.0,0,8,93770,60480,28512,0.058,-0.0163,-0.0403,371,0,0,2,2,2,2,2,82,0.295,0.022,0,2,0,96226,5,4.8,4.0,0,1,43,2,0,0,12,6,290713,2
B10929,Pooja Iyer,28,Chennai,business,4.4,78211,4,4,134000,12,personal,0,8,8,0,3.1,0,0,73998,50216,26817,0.038,0.0561,-0.0333,356,1,0,2,1,2,2,2,74,0.229,0.082,0,3,0,67592,4,3.9,7.6,3,3,71,3,0,0,24,4,294703,0
B10930,Amit Gupta,36,Indore,self-employed,7.7,80755,3,4,296000,6,business,0,2,2,0,4.1,0,0,88029,62655,17190,0.043,-0.0127,0.0081,340,1,0,2,2,1,2,2,65,0.323,0.037,0,1,0,96042,4,4.7,10.9,0,1,116,1,1,1,29,5,305276,0
B10931,Kabir Joshi,25,Indore,salaried,1.7,21477,5,2,129000,12,personal,0,1,1,0,0.9,0,0,23102,17218,14993,0.075,0.0498,0.0572,349,1,0,2,0,2,1,1,73,0.326,0.037,0,1,0,24991,0,0,9.9,3,0,106,0,0,0,1,6,11869,0
B10932,Aarav Joshi,28,Delhi,self-employed,6.0,67178,3,1,103000,3,medical,0,2,2,2,14.6,0,55,65937,38297,22697,0.075,0.0466,-0.0362,317,0,0,2,2,2,2,2,49,0.322,0.088,0,1,1,61088,4,4.6,5.0,1,2,51,4,1,0,23,2,80292,1
B10933,Aadhya Khan,43,Ahmedabad,self-employed,1.8,39457,1,4,122000,12,medical,0,5,5,2,14.4,0,37,38847,27484,25936,0.041,-0.0352,-0.1594,375,3,0,1,1,2,1,2,56,0.239,0.129,0,1,0,35392,2,4.4,5.7,4,1,64,2,0,0,6,4,0,0
B10934,Vihaan Sharma,51,Bengaluru,daily-wage,3.5,51885,3,0,163000,6,home-repair,0,6,6,1,10.7,0,46,46756,24147,17683,0.066,0.0425,0.0855,355,0,0,2,2,2,2,1,74,0.331,0.117,0,1,0,43627,6,4.6,11.0,3,2,16,0,1,0,9,1,122781,2
B10935,Anil Mehta,48,Ahmedabad,daily-wage,1.6,16968,1,4,108000,24,business,1,0,0,0,1.0,0,0,15672,10626,13214,0.052,-0.0338,-0.1744,306,1,1,0,0,0,2,2,28,0.393,0.171,0,3,0,13941,0,0,1.7,2,0,66,2,0,0,8,5,25262,4
B10936,Amit Mehta,27,Pune,self-employed,4.3,39961,2,0,334000,12,education,0,1,0,3,11.8,1,53,39421,26152,29680,0.034,0.0711,0.1768,349,0,1,2,2,2,2,2,67,0.317,0.199,0,1,0,38285,3,4.3,7.7,0,0,93,2,1,0,6,5,70680,4
B10937,Ira Khan,36,Bengaluru,salaried,7.5,61448,5,2,209000,6,medical,0,2,2,0,4.3,0,0,61962,33841,18476,0.026,-0.052,0.0061,283,0,0,2,2,2,2,2,88,0.361,0.043,0,1,0,67475,6,4.3,2.7,0,0,78,4,0,0,22,6,204514,0
B10938,Aadhya Sharma,34,Jaipur,salaried,0.1,24884,1,3,104000,3,home-repair,0,1,1,0,1.7,0,0,25841,17946,25978,0.042,0.0434,-0.0136,338,1,1,1,1,0,2,2,67,0.143,0.165,1,1,0,24275,0,0,11.1,3,0,14,0,0,0,3,6,43610,1
B10939,Sanjay Bose,36,Pune,daily-wage,5.0,43590,4,3,306000,3,home-repair,0,5,5,3,11.0,0,49,40020,30319,25113,0.061,0.0209,0.0147,227,2,2,0,0,0,0,1,43,0.164,0.044,0,1,0,38750,3,3.8,4.3,4,1,70,1,0,0,2,3,60985,2
B10940,Rahul Patel,35,Kochi,daily-wage,7.5,43896,5,2,115000,12,personal,0,4,4,2,15.3,0,41,40202,23407,13389,0.055,-0.0464,-0.0424,348,1,0,2,0,2,2,2,82,0.233,0.074,0,2,0,35704,4,3.9,5.3,1,0,25,2,1,1,10,0,27315,2
B10941,Sara Agarwal,45,Delhi,business,2.5,49357,6,4,182000,12,home-repair,0,4,3,4,9.0,0,9,51225,35806,29126,0.101,0.0269,-0.0511,457,0,1,1,0,1,1,2,77,0.291,0.086,0,1,0,56069,0,0,4.8,1,0,22,1,1,0,7,2,40410,4
B10942,Kavya Bose,30,Chennai,daily-wage,0.7,17061,5,3,129000,6,education,0,1,1,0,3.2,0,0,16131,11287,10998,0.044,-0.0513,-0.3574,337,0,0,2,0,2,0,0,57,0.382,0.299,0,1,0,17033,1,4.0,5.0,4,1,98,2,0,0,3,3,33057,2
B10943,Diya Bose,41,Mumbai,self-employed,6.5,50480,3,0,94000,6,home-repair,0,4,4,0,0.3,0,0,49994,28007,14621,0.061,0.0005,0.1679,367,0,0,2,2,2,2,2,77,0.305,0.084,0,3,0,45961,4,3.9,4.3,2,3,45,4,0,0,25,1,98878,0
B10944,Kavya Pillai,32,Bengaluru,salaried,1.5,48561,3,3,80000,12,education,0,6,6,2,19.8,0,22,44320,24440,20273,0.053,-0.0227,-0.0011,343,0,0,2,2,2,2,2,93,0.416,0.023,0,1,0,45447,3,4.7,10.4,3,2,79,3,0,0,17,6,20500,2
B10945,Arjun Reddy,41,Bengaluru,business,3.9,28007,1,0,188000,3,home-repair,0,3,3,2,29.6,0,49,28630,18032,23286,0.043,-0.0302,0.1381,392,3,0,2,2,0,2,2,53,0.235,0.105,0,1,0,31094,0,0,4.0,0,1,65,0,0,0,1,4,37269,5
B10946,Sara Khan,20,Pune,self-employed,3.5,107874,4,3,246000,12,personal,0,6,6,1,4.0,0,40,104699,60177,27424,0.06,-0.0665,-0.0552,244,0,0,2,2,2,2,2,86,0.397,0.104,0,1,0,99054,5,4.4,5.3,4,0,20,0,1,1,17,3,416306,2
B10947,Ananya Bose,19,Lucknow,self-employed,3.7,41821,3,4,176000,6,business,0,2,2,3,20.6,0,32,39296,26184,27724,0.072,0.0041,0.103,371,1,0,2,1,2,1,2,67,0.266,0.281,0,1,0,34873,1,4.1,6.1,1,1,79,4,1,0,8,2,53307,5
B10948,Anil Patel,49,Kolkata,self-employed,3.7,34547,2,3,115000,12,education,0,5,5,1,12.4,0,13,34418,22987,8304,0.094,0.0629,0.0468,206,1,1,2,2,2,2,2,66,0.405,0.103,0,1,0,34342,2,4.3,11.3,3,1,62,1,0,0,29,3,57470,1
B10949,Ira Singh,25,Bengaluru,salaried,2.5,44319,4,1,258000,6,medical,0,5,5,1,15.9,0,8,41360,31106,40969,0.05,0.0334,0.0901,356,0,1,2,0,0,1,2,40,0.351,0.223,0,1,2,43634,3,4.0,1.5,1,0,92,1,1,1,5,6,47322,5
B10950,Krishna Chopra,29,Mumbai,salaried,3.6,42453,2,3,99000,6,business,0,1,1,0,0.4,0,0,43702,30621,11913,0.06,-0.0153,-0.0415,383,0,0,2,2,2,2,1,95,0.315,0.102,0,2,0,41539,5,4.4,8.6,2,3,77,4,0,0,7,6,0,0
B10951,Rohan Khan,36,Pune,self-employed,2.0,44394,4,4,135000,12,business,0,5,5,1,19.2,0,16,43262,26737,9711,0.08,-0.0322,-0.324,354,0,0,2,2,2,2,1,78,0.262,0.072,0,1,0,39681,4,4.7,4.5,4,2,39,3,0,0,25,0,105806,1
B10952,Kabir Bose,44,Jaipur,self-employed,0.8,24834,4,3,74000,18,education,1,0,0,0,4.8,0,0,24911,18897,17729,0.064,-0.1248,0.3306,282,3,1,0,2,0,2,2,41,0.444,0.292,0,1,1,25605,0,0,10.7,3,1,20,2,0,0,3,3,50909,5
B10953,Kavya Nair,25,Pune,salaried,7.1,20411,1,2,50000,12,home-repair,0,5,5,1,6.3,0,53,20804,14589,6830,0.052,-0.0343,0.0373,350,0,0,2,2,2,1,2,56,0.316,0.105,0,1,2,22873,5,4.8,4.7,3,0,102,4,0,0,20,6,27931,2
B10954,Manoj Pillai,36,Delhi,salaried,4.5,22206,6,2,63000,6,medical,0,2,2,1,17.7,0,28,23604,17030,15686,0.04,0.0964,0.1688,411,1,0,2,2,2,2,2,56,0.127,0.124,0,2,0,21950,1,4.1,1.2,3,0,105,1,1,1,9,6,70084,0
B10955,Aarav Das,57,Bengaluru,self-employed,2.5,75908,5,4,175000,6,medical,0,5,5,2,12.6,0,44,80883,52272,22273,0.061,0.0146,0.0419,358,1,0,2,2,2,0,2,71,0.379,0.091,0,1,0,72016,6,3.6,4.4,4,0,55,1,0,0,24,4,75324,1
B10956,Rajesh Gupta,36,Ahmedabad,salaried,4.8,49446,5,1,113000,12,home-repair,0,6,6,2,16.8,0,53,47631,30612,14251,0.028,0.0073,-0.0124,419,0,0,2,2,2,2,2,63,0.273,0.027,0,3,0,41907,6,4.4,6.9,3,1,52,0,1,1,19,6,31858,0
B10957,Kavya Rao,55,Chennai,salaried,4.9,38881,4,4,106000,6,personal,0,4,4,2,4.1,0,36,36423,21643,11566,0.079,0.0321,0.1863,436,0,0,2,2,2,2,2,73,0.194,0.051,0,1,0,31304,2,3.9,4.2,0,3,83,3,0,0,30,6,0,1
B10958,Kiran Das,38,Ahmedabad,business,3.2,45640,4,0,68000,18,medical,0,2,2,1,12.7,0,28,47799,27934,14742,0.047,-0.0403,0.0699,369,0,0,2,2,2,1,2,69,0.246,0.04,0,1,0,41029,2,4.4,9.1,2,1,16,4,1,0,25,3,84207,1
B10959,Suresh Verma,38,Kolkata,daily-wage,1.8,63166,2,4,114000,3,home-repair,0,5,5,1,16.5,0,7,58262,32169,20997,0.064,-0.0572,0.0129,394,0,1,1,2,2,2,2,61,0.246,0.04,0,1,0,62457,3,3.8,7.6,3,1,92,4,1,1,27,3,96706,0
B10960,Geeta Bose,27,Pune,daily-wage,5.8,32976,1,3,226000,18,education,0,1,1,2,20.8,0,35,32619,21474,31192,0.048,-0.0213,-0.0006,337,0,1,2,2,2,1,2,61,0.402,0.054,0,1,0,28521,1,4.7,6.9,0,0,116,3,1,0,4,4,29996,4
B10961,Meera Iyer,19,Chennai,daily-wage,2.7,31806,3,3,123000,3,personal,0,5,5,0,0.6,0,0,28954,18511,9777,0.06,0.0163,-0.2019,334,0,0,2,0,2,2,1,69,0.336,0.09,0,2,1,26655,6,4.4,3.3,1,1,75,3,0,0,7,0,23832,1
B10962,Nikhil Chopra,30,Chennai,business,1.7,57844,6,4,198000,6,business,0,6,6,2,26.0,0,37,61881,40556,17811,0.069,0.0138,0.1457,238,0,0,2,2,2,2,2,69,0.278,0.101,0,3,0,64429,3,4.7,4.3,4,2,99,4,0,0,27,3,109781,1
B10963,Sai Gupta,37,Hyderabad,self-employed,4.0,77624,2,2,297000,24,medical,0,3,3,1,21.8,0,54,73942,49029,17722,0.08,0.0149,-0.0372,301,0,0,2,1,2,2,2,72,0.303,0.101,0,1,1,74360,5,4.5,9.1,2,3,116,3,1,1,23,1,237412,0
B10964,Pooja Yadav,39,Ahmedabad,business,8.7,76420,3,2,143000,24,education,0,6,6,0,4.9,0,0,76446,48744,20953,0.048,0.004,-0.0693,371,0,0,2,2,2,2,2,81,0.294,0.044,0,1,2,75400,4,4.8,8.8,4,3,89,0,1,0,30,1,223484,0
B10965,Krishna Iyer,47,Pune,self-employed,11.8,72533,1,0,201000,6,medical,0,8,8,1,20.2,0,31,73665,49523,16571,0.048,-0.0462,-0.0815,297,0,0,2,2,2,2,2,81,0.304,0.099,0,2,0,78466,3,3.7,6.4,0,0,66,4,0,0,28,4,267504,2
B10966,Aadhya Reddy,35,Chennai,self-employed,3.5,31519,5,1,141000,12,home-repair,0,3,3,3,29.1,0,33,32988,23252,25167,0.074,0.0318,-0.0136,395,1,0,2,2,2,2,2,69,0.284,0.201,0,2,0,28798,1,3.8,2.1,0,1,49,3,1,1,2,1,71761,5
B10967,Kiran Iyer,32,Kolkata,salaried,12.2,70246,5,0,157000,3,business,0,6,6,0,2.1,0,0,66295,35420,21516,0.035,0.0042,0.0182,284,0,0,2,2,2,2,2,98,0.289,0.114,0,1,1,60851,4,4.7,5.1,4,0,59,4,1,1,19,6,280591,2
B10968,Ananya Bose,35,Kolkata,salaried,3.4,34028,6,0,185000,3,home-repair,0,3,3,1,28.3,0,47,34774,26821,23356,0.054,-0.0156,-0.0621,308,1,2,2,1,2,2,1,66,0.242,0.106,0,1,0,31188,1,3.8,10.2,1,0,39,4,0,0,9,6,21906,2
B10969,Rahul Bose,36,Bengaluru,self-employed,2.8,34997,2,0,203000,24,medical,0,4,3,3,24.9,1,20,33913,24485,27812,0.139,0.0991,0.0682,332,0,0,2,1,2,2,0,66,0.313,0.128,0,1,0,28863,1,4.5,11.4,1,1,64,0,2,0,1,1,86038,3
B10970,Sneha Pillai,39,Surat,business,2.8,21683,4,4,153000,18,business,0,3,3,2,9.9,0,24,20466,16456,11196,0.047,0.0412,-0.2006,335,3,0,2,1,2,2,2,67,0.269,0.065,0,2,0,20054,3,4.8,12.0,1,1,103,3,0,0,6,0,23592,4
B10971,Sara Chopra,54,Jaipur,self-employed,3.1,55946,5,0,216000,12,education,0,2,2,2,23.4,0,13,55185,33402,14180,0.088,0.0248,-0.0305,426,0,0,2,2,2,2,2,57,0.167,0.067,0,1,0,54368,4,3.8,6.9,3,1,115,1,1,0,28,1,61725,2
B10972,Ira Bose,53,Pune,daily-wage,0.6,31866,5,2,71000,12,education,0,1,1,0,3.7,0,0,31254,22496,21659,0.075,0.0347,-0.0074,205,0,0,0,2,1,0,0,73,0.186,0.228,0,1,0,29772,0,0,9.3,0,1,53,4,0,0,1,1,3519,0
B10973,Suresh Khan,54,Delhi,salaried,5.0,43242,4,3,373000,12,business,0,3,3,2,18.9,0,23,40215,30318,25241,0.041,-0.0566,-0.0807,322,0,1,2,2,2,1,1,56,0.38,0.234,1,3,0,39953,1,4.7,11.3,2,0,82,3,1,0,6,6,81584,3
B10974,Ananya Patel,43,Mumbai,self-employed,4.7,41719,3,3,104000,12,education,0,4,3,3,29.8,1,22,44533,30191,24956,0.06,0.1143,-0.0168,403,0,0,2,0,0,1,2,64,0.144,0.106,0,1,0,48327,2,4.1,1.8,0,1,94,2,1,0,9,5,43422,4
B10975,Priya Bose,44,Nagpur,self-employed,2.9,57507,1,1,225000,6,education,0,1,1,2,12.5,0,20,56431,37432,19618,0.068,0.038,0.0119,390,0,0,1,2,2,2,2,79,0.27,0.025,0,2,1,61225,5,4.1,2.1,3,1,18,0,0,0,26,0,0,2
B10976,Reyansh Nair,36,Kochi,daily-wage,6.7,65308,1,3,135000,3,business,0,8,8,0,3.1,0,0,59977,35722,18842,0.046,-0.022,0.1605,231,1,0,2,2,2,2,2,86,0.211,0.024,0,1,0,62479,6,4.3,10.8,4,0,107,0,0,0,10,4,141214,0
B10977,Kabir Mehta,45,Pune,salaried,4.3,74671,1,3,217000,6,business,0,3,3,1,6.3,0,25,73600,53134,27474,0.034,0.0072,-0.0539,381,0,0,2,2,2,2,2,99,0.244,0.101,0,1,0,78340,5,4.3,7.2,3,0,42,0,1,0,15,6,54021,1
B10978,Kiran Pillai,36,Kolkata,salaried,0.0,28832,3,4,171000,6,education,0,1,1,0,1.6,0,0,30006,21789,23839,0.068,-0.0445,-0.1516,326,0,1,2,2,1,2,2,70,0.311,0.08,0,2,0,27870,2,4.1,11.9,2,0,23,4,1,1,9,6,37638,2
B10979,Geeta Chopra,48,Bengaluru,self-employed,1.9,50348,5,3,330000,12,business,0,2,1,3,14.7,1,14,50803,33835,26758,0.066,0.0882,-0.374,434,1,1,0,0,0,1,0,75,0.208,0.229,0,3,1,25890,0,0,11.5,4,0,30,0,2,1,0,1,36096,0
B10980,Myra Reddy,47,Delhi,self-employed,7.5,50545,2,4,88000,3,personal,0,3,3,1,15.8,0,41,46434,27864,19556,0.082,0.0078,0.1435,369,0,1,2,2,2,2,1,64,0.317,0.074,0,2,0,45841,6,4.4,1.4,3,1,97,0,1,1,20,0,0,2
B10981,Krishna Chopra,31,Mumbai,daily-wage,3.6,104764,4,4,382000,12,education,0,5,5,1,11.5,0,5,96446,55384,28870,0.067,0.0375,0.0835,402,0,1,2,2,2,2,2,74,0.243,0.072,0,1,2,104869,5,4.6,9.6,0,1,72,2,0,0,13,0,234606,0
B10982,Neha Mishra,27,Bengaluru,salaried,3.8,49438,1,0,176000,12,education,0,4,4,1,19.2,0,43,51027,34027,14905,0.056,-0.0095,0.0243,298,0,0,2,0,2,1,2,95,0.386,0.078,0,1,0,48304,2,3.6,4.1,3,2,51,1,1,0,16,6,66296,0
B10983,Suresh Singh,19,Chennai,business,2.1,12436,5,2,60000,12,personal,0,3,1,5,13.7,1,28,12300,7082,9891,0.151,0.0612,0.0,341,1,0,2,0,1,0,1,51,0.482,0.031,1,2,0,15486,1,3.7,3.5,0,0,74,2,3,1,3,4,20189,0
B10984,Sara Pillai,36,Chennai,salaried,4.8,19814,5,1,126000,12,business,0,1,1,2,25.9,0,16,19325,13817,11828,0.073,0.0073,0.2727,388,2,0,0,2,0,2,0,72,0.261,0.101,0,2,0,20713,2,3.8,10.3,1,1,77,4,1,0,2,6,14319,4
B10985,Anil Rao,47,Lucknow,salaried,5.0,38562,4,3,146000,6,personal,0,6,6,1,9.1,0,59,40127,24509,14420,0.05,-0.0296,0.0229,341,0,0,2,2,2,2,2,99,0.276,0.104,0,1,1,39126,2,5.0,5.8,2,2,27,4,1,0,6,6,64220,1
B10986,Meera Joshi,49,Delhi,salaried,1.9,28799,5,1,140000,18,education,0,4,2,3,8.9,2,48,30633,24169,28479,0.069,0.0149,-0.0229,427,0,1,2,2,2,2,0,54,0.161,0.033,1,1,0,32627,3,4.4,9.9,3,1,79,0,2,1,6,1,49504,0
B10987,Ravi Rao,44,Hyderabad,business,6.7,39283,1,3,134000,18,business,0,1,1,0,2.2,0,0,40356,26278,10864,0.057,0.0113,-0.1638,390,0,0,2,2,2,2,1,79,0.253,0.063,0,2,2,35326,2,4.7,6.8,3,2,60,1,0,0,22,4,94988,0
B10988,Rajesh Mishra,19,Mumbai,salaried,1.3,29855,1,0,95000,18,education,0,1,1,0,1.7,0,0,27717,20139,21862,0.047,0.0332,-0.1237,373,0,0,2,0,2,2,0,43,0.336,0.15,0,1,0,27360,3,4.2,9.3,1,0,45,3,0,0,5,6,31908,0
B10989,Kiran Mishra,31,Mumbai,self-employed,3.4,47325,3,0,94000,12,home-repair,0,3,3,1,6.0,0,35,47814,29174,17375,0.024,-0.0375,0.0397,296,0,0,2,2,2,2,2,72,0.412,0.08,0,2,0,51334,2,4.7,10.3,2,3,27,2,0,0,13,0,1040,2
B10990,Rahul Singh,31,Delhi,daily-wage,4.1,33600,6,4,212000,12,business,0,5,4,4,17.8,0,31,31697,21616,28891,0.056,0.043,-0.1901,302,2,1,1,0,2,2,2,61,0.388,0.201,0,3,0,33388,1,4.4,9.8,3,1,24,2,0,0,8,1,67795,1
B10991,Nikhil Singh,39,Ahmedabad,daily-wage,0.3,17048,5,1,144000,18,personal,0,1,1,0,5.0,0,0,16342,12223,10292,0.065,-0.0261,-0.0186,329,1,0,2,2,0,0,0,56,0.354,0.216,0,1,0,16595,2,3.9,10.1,0,1,54,2,1,0,0,5,45638,1
B10992,Anita Agarwal,33,Delhi,salaried,5.4,37877,3,0,165000,6,home-repair,0,3,2,4,26.2,0,56,35816,24114,20629,0.063,-0.0219,0.2333,355,1,0,2,2,1,2,2,46,0.328,0.181,0,1,0,39252,2,4.6,4.7,3,0,119,3,1,0,2,6,43305,1
B10993,Arjun Iyer,37,Mumbai,business,11.9,78647,5,0,199000,24,education,0,2,2,0,2.2,0,0,69764,44514,22690,0.055,0.0389,0.083,349,0,0,2,2,2,2,1,92,0.323,0.086,0,1,2,59636,4,4.8,2.0,2,0,61,2,0,0,28,2,236201,1
B10994,Kabir Das,32,Kolkata,daily-wage,2.1,33764,1,2,105000,12,medical,0,2,2,1,29.9,0,6,32708,21494,7651,0.089,-0.0793,0.0172,386,0,0,2,2,2,2,1,99,0.174,0.102,0,1,0,29050,3,3.7,11.6,4,1,89,2,1,1,19,2,9872,0
B10995,Amit Pillai,59,Jaipur,self-employed,5.9,59806,2,1,170000,18,education,0,4,4,0,0.4,0,0,57446,38612,17166,0.078,-0.0072,-0.0211,309,1,0,2,2,2,2,2,58,0.483,0.119,0,1,0,62253,3,5.0,10.2,3,1,30,3,1,0,23,4,242400,2
B10996,Arun Das,43,Mumbai,self-employed,4.8,53892,4,1,112000,3,education,0,2,2,0,2.6,0,0,50716,33532,16158,0.054,0.0072,-0.0822,390,0,0,1,2,2,2,1,70,0.222,0.081,0,1,0,51916,3,4.0,8.7,1,0,28,2,1,1,34,0,63448,1
B10997,Arun Rao,25,Mumbai,salaried,2.0,37968,5,0,86000,6,medical,0,3,1,4,28.0,1,39,38286,28118,36522,0.044,-0.0195,0.0161,407,2,0,2,1,1,0,2,63,0.25,0.245,0,1,1,38195,1,4.7,7.9,4,0,60,4,0,0,7,6,84061,1
B10998,Kavya Mishra,24,Mumbai,salaried,12.7,75441,2,1,130000,12,home-repair,0,8,8,0,4.6,0,0,72483,42177,25746,0.053,-0.0476,-0.1454,276,1,0,2,2,1,2,2,99,0.268,0.077,0,1,0,78915,6,4.6,2.9,0,2,27,2,0,0,8,6,337487,1
B10999,Divya Bose,45,Kochi,salaried,14.9,94812,6,4,254000,6,business,0,4,4,1,6.4,0,46,97335,61493,31981,0.06,0.015,0.0624,375,0,0,2,2,2,2,2,76,0.229,0.105,0,1,2,90514,6,5.0,3.5,3,2,83,1,1,0,13,6,254109,0
B11000,Reyansh Agarwal,46,Delhi,self-employed,5.9,31950,4,1,61000,6,medical,0,5,5,1,20.3,0,11,34223,18252,9804,0.087,0.0281,-0.0503,364,0,0,2,2,2,2,2,88,0.321,0.098,0,2,0,29214,5,4.0,11.9,2,3,101,1,0,0,20,2,27770,0
B11001,Geeta Kulkarni,30,Jaipur,salaried,2.5,43448,3,0,366000,12,home-repair,0,4,3,1,15.8,1,30,39843,28942,32785,0.063,-0.0275,-0.0688,319,0,0,1,2,2,0,2,44,0.302,0.117,0,1,0,37175,2,3.9,11.3,0,1,103,4,0,0,8,6,74072,2
B11002,Reyansh Pillai,30,Jaipur,salaried,4.4,27036,4,1,112000,6,business,0,5,5,2,19.4,0,57,28115,21096,24061,0.07,-0.0055,-0.0147,291,0,0,2,2,0,1,1,73,0.348,0.09,0,2,0,26083,0,0,5.0,3,0,59,1,0,0,6,6,9695,0
B11003,Sunita Khan,36,Pune,business,4.6,30612,5,0,197000,24,education,0,5,4,4,9.3,0,6,30123,20067,25170,0.037,0.0708,0.0226,345,1,0,2,0,2,2,2,55,0.321,0.161,0,3,0,28326,3,4.7,4.8,0,0,12,4,0,0,9,1,52414,4
B11004,Anita Reddy,25,Hyderabad,salaried,3.0,39605,1,4,322000,24,education,0,2,2,3,4.4,0,26,38656,24015,32293,0.049,0.0187,0.0203,447,1,0,1,1,0,2,1,49,0.255,0.029,0,1,1,34535,3,4.2,2.3,0,0,22,2,1,0,5,6,32631,5
B11005,Myra Patel,39,Ahmedabad,salaried,5.5,35195,3,1,96000,6,personal,0,6,6,2,25.5,0,31,32028,18026,11282,0.042,0.0505,-0.0264,319,0,0,1,2,2,0,2,98,0.233,0.046,0,2,0,27831,2,4.9,4.9,2,1,104,3,0,0,20,6,21136,2
B11006,Sneha Sharma,40,Chennai,daily-wage,1.4,10289,3,2,47000,24,home-repair,0,1,1,0,2.9,0,0,11048,6849,8654,0.057,-0.0332,-0.0098,312,2,0,2,1,0,2,2,45,0.285,0.229,0,1,0,9441,1,4.0,4.7,1,1,64,2,0,0,7,2,25497,3
B11007,Pooja Gupta,49,Ahmedabad,self-employed,1.9,52227,4,1,151000,6,personal,0,4,4,2,21.8,0,54,52356,33020,22307,0.069,0.025,-0.0033,364,0,0,2,0,2,2,2,81,0.354,0.07,0,1,0,56077,4,3.8,2.4,3,2,33,4,1,1,16,3,37710,1
B11008,Anita Pillai,51,Pune,self-employed,11.5,39862,2,1,72000,6,education,0,5,5,0,3.5,0,0,36580,22466,13857,0.057,-0.078,0.0162,317,0,0,2,1,2,2,2,93,0.385,0.083,0,1,0,35581,6,4.4,7.7,3,3,92,0,0,0,27,2,156438,0
B11009,Sneha Gupta,30,Mumbai,daily-wage,6.0,74426,3,0,126000,3,personal,0,3,3,1,28.7,0,36,72270,41002,22904,0.097,0.0563,0.196,326,0,0,2,2,1,2,2,99,0.255,0.118,0,1,0,77403,4,3.8,12.0,3,3,21,4,0,0,13,1,169912,1
B11010,Deepak Pillai,37,Mumbai,self-employed,0.2,28940,1,2,104000,12,home-repair,0,1,1,0,2.7,0,0,29079,22482,17719,0.062,-0.0942,-0.0397,323,1,1,2,2,0,0,2,67,0.229,0.236,1,1,0,25965,3,4.4,8.2,2,0,70,3,0,0,7,3,0,0
B11011,Vikram Bose,30,Bengaluru,daily-wage,1.1,23739,3,4,149000,18,education,0,1,0,5,29.5,2,15,23232,12520,21492,0.139,0.1091,0.0081,343,1,2,2,0,0,1,0,58,0.314,0.067,1,3,0,22591,0,0,7.4,4,0,101,4,3,0,7,2,37237,4
B11012,Reyansh Das,41,Indore,business,2.2,44889,3,1,75000,6,education,0,4,4,2,28.1,0,45,45604,29679,15876,0.051,0.02,-0.0796,356,1,0,2,2,2,2,1,66,0.351,0.058,0,1,0,48225,6,4.3,5.2,2,2,115,0,1,0,20,0,138100,2
B11013,Ishaan Mehta,29,Delhi,daily-wage,0.6,19182,4,3,81000,18,medical,0,6,3,2,9.9,3,15,19534,15966,12196,0.049,-0.0049,-0.0822,266,0,1,0,2,0,1,1,54,0.282,0.152,1,1,0,16870,1,4.0,9.1,3,0,48,0,0,0,1,5,0,3
B11014,Manoj Rao,27,Mumbai,daily-wage,12.5,94916,2,2,358000,12,business,0,3,3,1,17.9,0,35,88687,58139,26552,0.084,-0.0735,0.1132,319,0,0,2,2,2,2,2,81,0.355,0.109,0,1,0,85310,2,4.9,1.0,3,1,18,1,1,0,33,5,488385,2
B11015,Rajesh Singh,23,Kolkata,daily-wage,1.3,21298,6,0,177000,12,home-repair,0,4,3,3,25.8,1,17,22070,14846,9669,0.065,0.02,0.0824,291,0,2,2,2,2,2,2,67,0.316,0.157,0,1,0,20898,3,4.0,7.1,3,1,88,1,0,0,5,3,39102,2
B11016,Kabir Rao,56,Bengaluru,daily-wage,1.8,29361,5,3,253000,3,medical,0,5,4,4,6.3,0,28,27020,18703,29863,0.068,0.1198,0.0184,319,2,0,2,2,2,0,0,62,0.342,0.155,0,1,1,23446,3,4.9,6.1,4,0,40,4,1,0,1,3,49102,2
B11017,Aadhya Khan,41,Ahmedabad,business,4.0,42269,6,1,161000,6,personal,0,4,4,2,5.6,0,27,42121,25648,10764,0.032,-0.0262,0.1121,326,0,0,2,2,0,2,2,57,0.382,0.049,0,1,0,39569,4,4.1,9.1,0,0,49,2,0,0,22,1,32287,1
B11018,Anil Agarwal,19,Ahmedabad,salaried,2.7,22178,2,1,106000,3,business,0,1,0,6,22.9,1,7,19555,12159,17910,0.055,-0.034,0.077,324,1,0,0,0,2,2,0,36,0.339,0.177,0,5,0,15977,1,3.6,8.2,0,0,84,2,0,0,5,2,50226,1
B11019,Meera Bose,34,Bengaluru,self-employed,0.7,31029,5,1,256000,12,education,0,1,1,0,4.5,0,0,31381,25120,28325,0.041,0.0969,0.1099,396,3,1,2,2,0,2,0,57,0.285,0.265,0,1,0,32161,3,4.9,3.9,2,1,103,0,1,0,2,2,34896,5
B11020,Rohan Gupta,38,Pune,business,2.8,47121,6,0,72000,6,education,0,4,4,1,26.1,0,28,49804,30740,16489,0.038,-0.0269,-0.0717,360,0,0,1,2,2,2,1,68,0.3,0.02,0,1,0,48757,5,4.1,8.6,4,0,61,3,1,1,25,4,9848,0
B11021,Arjun Sharma,28,Chennai,self-employed,10.1,81193,4,0,144000,6,medical,0,6,6,1,29.7,0,53,77420,52854,27772,0.057,0.0537,0.015,320,0,0,2,2,2,2,2,67,0.397,0.073,0,1,0,66421,5,4.1,11.6,4,1,117,1,1,0,8,1,220351,2
B11022,Krishna Mehta,40,Delhi,salaried,4.5,83012,5,0,235000,6,medical,0,8,8,0,1.2,0,0,81852,58584,25903,0.064,-0.0458,-0.0657,308,0,0,2,2,1,2,2,99,0.306,0.058,0,1,1,79762,4,3.9,8.0,1,0,77,0,0,0,11,6,265593,2
B11023,Kavitha Singh,54,Bengaluru,self-employed,0.6,11901,3,2,25000,12,personal,0,1,1,0,2.5,0,0,12100,9619,9723,0.067,0.0311,-0.2705,287,0,0,0,0,0,2,0,52,0.189,0.077,0,1,2,13100,1,4.0,2.4,1,1,87,2,0,0,4,3,18825,0
B11024,Kiran Nair,32,Bengaluru,daily-wage,0.9,27948,6,1,239000,18,business,0,1,1,0,1.5,0,0,26267,18888,19640,0.04,-0.06,0.0237,365,3,0,2,1,1,2,2,54,0.296,0.249,0,1,0,22914,0,0,8.2,4,1,112,3,1,1,8,2,31885,2
B11025,Ira Sharma,46,Hyderabad,daily-wage,5.2,80863,6,3,130000,18,home-repair,0,3,3,1,23.2,0,36,79282,55295,30385,0.053,-0.009,0.1387,313,0,0,2,2,2,2,1,99,0.266,0.049,0,2,0,77948,3,4.0,1.5,1,3,95,1,1,0,32,4,115721,1
B11026,Manoj Mishra,23,Delhi,salaried,7.1,70439,3,0,141000,12,home-repair,0,4,4,0,0.1,0,0,65485,42863,19307,0.044,-0.0048,-0.0005,285,0,0,2,1,2,2,2,90,0.21,0.081,0,1,0,57340,4,4.7,11.1,4,3,70,4,1,0,21,6,60878,1
B11027,Kiran Chopra,40,Bengaluru,self-employed,2.5,50577,2,3,126000,3,medical,0,1,0,6,10.1,1,40,55049,40853,43502,0.032,-0.0527,0.0491,379,0,0,1,1,2,2,2,47,0.241,0.265,1,5,0,52220,2,3.8,10.1,3,1,109,3,0,0,0,1,77797,4
B11028,Anil Mishra,58,Mumbai,self-employed,1.2,14191,2,0,71000,12,personal,0,4,4,3,5.6,0,36,13283,10253,10642,0.034,0.0341,0.1714,368,1,1,1,0,2,1,0,68,0.238,0.032,0,2,2,14506,0,0,3.6,4,1,23,4,0,0,4,0,14221,4
B11029,Vikram Mehta,38,Delhi,daily-wage,2.1,61922,2,2,186000,12,personal,0,3,3,2,5.1,0,30,63599,37838,24019,0.072,0.0106,0.0141,380,0,0,2,1,1,2,2,75,0.174,0.096,0,1,0,66814,2,4.1,10.0,4,0,78,0,0,0,23,1,62791,1
B11030,Aadhya Singh,37,Kolkata,salaried,0.4,27052,5,1,200000,24,personal,0,6,3,4,24.9,2,51,27854,19671,23533,0.122,0.1316,-0.0721,237,0,0,0,0,2,2,0,66,0.398,0.127,0,2,2,40959,3,4.3,1.1,3,0,12,3,1,0,4,2,21661,3
B11031,Ishaan Yadav,36,Jaipur,business,5.9,40659,4,3,327000,12,home-repair,0,4,3,4,9.0,0,29,36662,26769,27549,0.088,-0.0084,-0.1349,327,2,0,1,2,2,2,0,52,0.176,0.285,0,3,0,35145,1,3.8,5.5,4,0,71,3,0,0,3,5,75598,3
B11032,Aarav Singh,28,Mumbai,self-employed,1.8,32481,3,4,149000,6,personal,0,1,1,0,2.7,0,0,34187,28646,19353,0.029,0.0405,0.0533,290,0,1,0,2,2,2,2,58,0.315,0.071,0,1,1,32860,1,4.0,6.2,4,1,115,3,0,0,0,2,87633,2
B11033,Kabir Yadav,55,Surat,salaried,2.7,26826,6,2,44000,18,medical,0,6,6,1,15.3,0,19,27736,17668,8142,0.036,0.0445,0.1267,358,0,0,2,2,2,0,2,95,0.369,0.041,0,1,0,24166,5,4.6,11.7,4,3,52,0,0,0,10,6,0,2
B11034,Suresh Khan,30,Mumbai,daily-wage,1.2,29576,4,2,131000,3,education,0,1,1,0,3.4,0,0,28871,21515,12443,0.04,-0.0432,0.1209,262,0,1,0,0,0,2,0,61,0.355,0.272,0,1,0,25383,3,3.8,4.4,3,0,98,2,0,0,0,0,28215,4
B11035,Nikhil Chopra,44,Mumbai,self-employed,2.6,38141,6,4,135000,12,medical,0,5,5,2,10.9,0,44,36258,24427,14550,0.071,0.0216,-0.0593,333,0,0,2,1,2,2,1,84,0.389,0.047,0,1,0,37236,3,4.8,11.4,4,1,86,0,0,0,33,3,65630,1
B11036,Priya Reddy,33,Kochi,self-employed,11.4,90519,3,3,273000,24,home-repair,0,8,8,1,26.8,0,28,88575,59740,21203,0.07,-0.0179,-0.0436,314,0,0,2,2,2,2,2,95,0.221,0.033,0,1,1,94542,6,4.9,8.4,0,2,45,3,1,1,34,4,186817,2
B11037,Geeta Joshi,29,Mumbai,daily-wage,1.1,16747,4,4,126000,12,home-repair,1,0,0,0,2.9,0,0,15452,9292,12844,0.066,0.0059,0.1213,331,0,0,2,2,0,0,2,45,0.411,0.295,0,1,0,14580,3,4.5,4.5,4,1,96,4,0,0,8,0,0,2
B11038,Kavitha Kulkarni,42,Kochi,salaried,1.8,46125,1,0,102000,6,personal,0,1,1,0,4.5,0,0,50319,28991,14249,0.039,0.0865,0.0909,398,0,0,2,2,2,2,1,61,0.205,0.076,0,1,0,47487,5,3.8,3.5,3,2,23,0,0,0,34,6,0,0
B11039,Kabir Gupta,29,Pune,daily-wage,7.0,30870,3,3,53000,6,medical,0,6,6,0,0.2,0,0,30011,19272,9218,0.057,-0.0362,0.0865,323,0,0,2,2,2,2,2,83,0.374,0.089,0,3,0,29552,3,4.4,7.5,2,1,58,2,0,0,29,0,26135,1
B11040,Arun Iyer,31,Jaipur,self-employed,4.9,42457,4,3,88000,18,personal,0,4,4,0,2.7,0,0,40118,28308,12565,0.067,0.0522,-0.1109,275,0,0,2,1,2,2,2,69,0.372,0.044,0,2,0,43865,6,4.7,7.8,1,0,117,4,1,0,32,4,81751,0
B11041,Deepak Mishra,26,Mumbai,salaried,7.0,68505,6,0,208000,6,home-repair,0,3,3,0,3.4,0,0,67362,43027,21276,0.092,0.0751,-0.1344,339,0,1,2,2,2,2,2,82,0.344,0.023,0,1,0,63835,6,4.1,9.7,0,3,41,2,1,0,8,6,181135,2
B11042,Manoj Gupta,19,Delhi,daily-wage,0.3,25953,4,4,62000,18,personal,0,4,1,2,13.6,3,26,24744,18213,20096,0.085,0.0144,0.1266,348,0,1,0,2,2,1,0,63,0.36,0.223,0,2,1,26123,1,4.3,5.1,2,1,57,2,3,1,0,5,8600,5
B11043,Ravi Gupta,31,Chennai,business,7.9,64311,3,1,106000,12,personal,0,8,8,1,18.3,0,43,68240,42875,23450,0.076,-0.0582,-0.0126,297,0,0,2,2,2,1,2,86,0.295,0.038,0,2,0,63747,4,4.8,2.7,1,2,57,1,0,0,21,1,239337,2
B11044,Kavitha Yadav,37,Pune,salaried,4.9,22277,5,1,85000,6,medical,0,3,3,2,14.0,0,14,19981,11294,7040,0.064,-0.0294,-0.0766,379,1,0,2,2,2,2,2,99,0.234,0.061,1,1,0,20639,5,4.3,1.9,1,2,90,3,1,0,30,6,17199,0
B11045,Krishna Joshi,48,Bengaluru,business,2.7,37898,6,4,325000,6,education,0,5,4,4,15.1,0,33,36204,27212,32962,0.055,-0.0069,-0.0954,336,1,1,2,2,2,2,2,42,0.29,0.111,0,1,1,35153,3,4.3,5.8,0,1,112,0,1,1,5,5,42976,0
B11046,Krishna Mishra,27,Ahmedabad,daily-wage,0.4,16861,3,4,42000,12,home-repair,0,6,4,3,11.2,2,22,15498,11056,12848,0.123,0.0096,-0.0117,279,0,0,2,1,2,0,2,54,0.385,0.173,0,3,0,19538,2,3.7,2.2,4,0,19,3,3,3,8,3,23655,3
B11047,Sneha Sharma,28,Chennai,business,3.5,34376,4,1,123000,12,personal,0,3,3,0,3.3,0,0,33175,21558,7023,0.06,0.0147,-0.0115,411,1,0,1,2,2,2,2,79,0.193,0.036,0,1,0,34101,4,3.7,9.0,0,2,50,4,0,0,11,0,79839,0
B11048,Divya Agarwal,31,Nagpur,self-employed,3.9,10720,2,3,23000,18,medical,0,1,0,4,28.4,0,11,10448,7618,9584,0.082,-0.0853,-0.0795,324,0,1,2,0,2,2,2,49,0.429,0.177,0,4,0,10633,2,3.6,5.9,1,0,50,2,1,1,4,2,7165,3
B11049,Anita Bose,38,Bengaluru,self-employed,14.9,64505,1,0,248000,18,business,0,3,3,1,17.9,0,7,61251,37630,17229,0.07,-0.0629,0.0248,358,0,0,2,1,1,1,1,98,0.195,0.028,0,1,0,65291,6,4.3,4.9,3,2,14,1,1,1,26,4,164076,2
B11050,Ishaan Mishra,42,Bengaluru,self-employed,5.3,46332,3,1,81000,12,personal,0,6,6,0,2.7,0,0,45590,30700,11355,0.073,-0.0243,-0.147,309,0,0,2,2,2,2,2,70,0.177,0.092,0,4,0,39679,3,4.4,3.1,2,3,27,3,1,0,13,0,36149,2
B11051,Amit Agarwal,38,Lucknow,self-employed,7.3,53102,6,1,148000,12,home-repair,0,4,4,1,8.2,0,58,51216,33792,18030,0.063,0.0888,-0.0926,314,0,0,1,2,2,2,2,85,0.257,0.065,0,2,0,48084,3,4.5,7.8,1,0,97,1,1,0,19,1,128546,1
B11052,Nikhil Singh,47,Delhi,self-employed,5.8,34970,1,2,101000,12,education,0,6,6,2,22.1,0,25,34916,20130,10196,0.062,0.0389,-0.1136,433,0,0,2,2,1,2,2,46,0.131,0.084,0,2,0,32138,4,3.6,9.3,4,2,61,1,0,0,35,5,78026,1
B11053,Nikhil Yadav,19,Mumbai,self-employed,4.5,38124,6,1,109000,6,education,0,6,6,0,0.6,0,0,38028,23382,8935,0.101,0.0299,0.2095,377,0,0,2,2,1,2,2,76,0.302,0.047,0,2,0,36861,5,3.5,6.2,1,2,62,2,0,0,29,0,56851,0
B11054,Ananya Mishra,45,Hyderabad,salaried,14.9,27371,1,4,68000,6,home-repair,0,7,7,0,0.1,0,0,26935,15246,8415,0.058,0.0345,0.0992,282,0,0,2,2,2,2,2,85,0.272,0.062,0,1,1,28033,6,4.4,8.0,4,3,39,4,0,0,16,6,105818,2
B11055,Diya Sharma,38,Delhi,salaried,3.4,34298,6,2,128000,18,personal,0,3,3,2,11.6,0,28,35672,20251,8491,0.114,0.0694,-0.0096,381,0,0,2,2,2,2,2,86,0.297,0.063,0,1,0,36940,4,4.9,3.6,2,1,61,0,0,0,12,6,89779,2
B11056,Sanjay Reddy,48,Mumbai,salaried,4.7,60132,2,4,159000,3,education,0,5,5,2,19.2,0,14,60349,37515,16552,0.056,0.0382,0.0537,341,0,0,2,0,2,2,2,57,0.316,0.076,0,1,1,52197,4,4.9,7.2,4,0,79,2,1,1,27,6,15721,2
B11057,Kabir Kulkarni,24,Bengaluru,self-employed,1.3,25444,4,1,204000,12,home-repair,0,1,0,2,12.8,1,42,25127,17929,25966,0.072,-0.0553,-0.0506,434,2,1,2,0,2,2,2,70,0.21,0.171,0,1,0,21988,1,4.4,11.1,1,1,59,4,1,1,8,4,56987,2
B11058,Myra Khan,25,Mumbai,daily-wage,6.3,27960,2,0,94000,3,home-repair,0,2,2,0,2.2,0,0,25878,15050,8996,0.067,-0.0387,-0.0765,361,1,1,2,2,2,2,2,99,0.311,0.11,0,1,0,22926,4,4.0,1.4,1,1,23,1,0,0,11,5,105296,1
B11059,Sara Rao,19,Kolkata,self-employed,5.9,75541,5,0,252000,18,personal,0,2,2,0,4.7,0,0,71837,40389,30402,0.105,0.0815,0.0977,343,0,0,1,2,2,2,1,90,0.311,0.057,0,1,0,78246,2,4.7,4.3,2,1,114,2,1,0,8,3,226945,2
B11060,Amit Nair,27,Chennai,salaried,1.7,56513,6,1,470000,12,medical,0,3,2,4,23.9,0,33,54146,38275,41363,0.106,-0.0721,-0.0021,402,0,0,2,2,2,2,2,56,0.219,0.289,0,1,0,50742,3,4.1,11.8,0,1,73,2,1,0,1,6,36232,3
B11061,Sanjay Pillai,33,Lucknow,self-employed,1.5,19562,4,1,54000,12,medical,0,1,1,0,3.9,0,0,19990,13245,14554,0.054,0.0171,0.0258,382,2,0,2,0,2,2,2,71,0.26,0.238,0,3,0,18267,2,4.3,1.2,0,1,97,2,1,0,1,4,13212,4
B11062,Ira Sharma,46,Delhi,daily-wage,1.8,19006,6,0,48000,3,personal,1,0,0,0,4.1,0,0,18582,12157,12821,0.052,-0.0788,-0.0476,373,2,0,2,2,2,0,2,71,0.312,0.194,0,1,0,19376,0,0,7.7,2,0,114,4,1,0,1,2,38682,1
B11063,Vihaan Gupta,26,Kochi,self-employed,14.3,111246,6,0,262000,12,business,0,5,5,0,1.5,0,0,106820,66139,30322,0.042,-0.0063,0.0249,348,0,1,2,2,2,1,2,74,0.236,0.059,0,2,0,95992,4,4.1,6.7,0,1,42,1,0,0,32,2,396719,1
B11064,Geeta Khan,22,Bengaluru,self-employed,1.9,21025,3,0,100000,24,home-repair,1,0,0,0,3.7,0,0,22228,12956,12411,0.037,0.1186,0.2483,385,0,1,2,2,2,1,0,65,0.39,0.186,0,1,0,22113,3,4.7,6.4,3,0,30,3,1,0,9,2,17896,5
B11065,Sanjay Iyer,34,Mumbai,self-employed,8.0,96351,3,4,237000,12,personal,0,8,8,0,0.2,0,0,94981,62185,23623,0.07,0.0265,-0.0528,261,0,0,2,2,2,2,2,80,0.413,0.095,0,2,0,94245,5,4.7,9.5,2,3,24,1,1,0,11,0,224804,1
B11066,Amit Verma,51,Kolkata,business,4.0,40988,3,0,64000,12,home-repair,0,4,4,2,10.7,0,47,39278,24025,10254,0.092,0.1184,-0.1333,324,0,0,2,1,2,2,2,64,0.356,0.1,0,1,0,38255,6,4.7,6.3,1,1,58,3,1,0,25,3,89884,2
B11067,Ira Patel,39,Hyderabad,self-employed,0.6,22403,2,1,65000,12,business,0,1,0,4,4.4,1,47,22763,17579,13781,0.12,0.1288,0.1032,307,4,2,1,1,2,2,1,48,0.295,0.153,0,3,1,24672,1,4.3,1.8,0,0,23,4,1,1,2,2,48114,1
B11068,Vikram Nair,26,Delhi,self-employed,10.6,74263,6,3,270000,6,personal,0,2,2,1,29.6,0,49,71182,40182,15366,0.04,-0.0135,-0.0194,319,0,0,2,2,2,2,2,88,0.394,0.083,0,1,0,77621,5,4.0,8.4,4,1,114,2,0,0,30,2,190615,0
B11069,Amit Yadav,24,Indore,self-employed,5.8,37327,2,3,118000,18,home-repair,0,5,5,1,12.5,0,33,34498,18991,11076,0.082,0.0069,-0.0236,349,0,0,2,2,2,2,2,66,0.404,0.055,0,2,0,34567,4,4.4,9.0,1,2,94,4,1,1,30,1,52036,2
B11070,Deepak Gupta,32,Kochi,salaried,4.6,36525,4,3,201000,12,personal,0,4,3,1,23.3,1,39,36920,26528,36504,0.085,0.0562,-0.1543,362,1,0,2,2,1,2,2,82,0.318,0.219,0,3,0,32782,0,0,8.7,0,1,81,1,0,0,7,6,18095,4
B11071,Divya Rao,49,Lucknow,self-employed,4.6,39253,1,3,283000,3,personal,0,4,4,3,16.7,0,18,40631,30304,33109,0.039,-0.0092,-0.0006,312,1,1,0,2,2,2,2,69,0.28,0.166,0,4,0,37755,2,4.1,11.1,3,1,12,4,0,0,3,4,0,4
B11072,Geeta Gupta,24,Bengaluru,salaried,13.1,81751,1,1,202000,18,personal,0,6,6,1,20.7,0,15,78808,51611,20437,0.061,-0.0686,0.0187,256,0,0,2,2,2,2,1,95,0.375,0.105,0,1,0,69329,3,4.3,3.8,0,0,100,4,0,0,31,6,341024,2
B11073,Rajesh Kulkarni,39,Lucknow,salaried,0.7,22951,2,0,79000,12,medical,1,0,0,0,2.1,0,0,22611,16830,20108,0.049,-0.036,0.1056,330,0,0,2,2,2,2,2,55,0.341,0.218,0,1,1,20149,0,0,7.7,3,0,117,4,1,1,5,6,30747,2
B11074,Kabir Singh,53,Mumbai,daily-wage,5.8,68076,3,1,143000,3,business,0,3,3,1,29.8,0,37,68080,41310,17115,0.061,0.0307,0.0663,389,0,0,2,2,2,2,2,90,0.178,0.067,0,1,1,59928,6,4.6,9.6,2,2,98,3,1,0,15,4,265758,2
B11075,Pooja Verma,55,Mumbai,business,4.7,84757,3,1,168000,6,personal,0,4,4,1,19.4,0,9,81116,51194,25517,0.05,0.0032,0.0611,325,0,0,2,2,2,2,2,80,0.324,0.07,0,1,0,87188,6,4.9,11.1,2,3,40,4,0,0,24,0,205630,2
B11076,Priya Sharma,33,Bengaluru,salaried,4.2,67171,1,3,180000,12,education,0,6,6,0,1.1,0,0,64750,42586,23024,0.107,0.0777,0.0258,391,0,0,2,2,2,2,1,99,0.198,0.107,0,1,0,57294,5,3.6,6.1,1,2,47,0,0,0,13,6,45019,2
B11077,Manoj Kulkarni,42,Chennai,salaried,2.2,26571,5,2,71000,3,business,0,4,4,1,19.9,0,29,26862,19646,29048,0.082,-0.0212,0.0415,404,2,2,2,0,1,0,2,50,0.304,0.215,0,1,0,27144,2,4.9,10.5,2,1,13,4,0,0,1,6,31269,1
B11078,Sai Agarwal,50,Lucknow,daily-wage,1.5,26865,3,4,202000,24,medical,0,1,1,0,2.2,0,0,27627,19310,23026,0.048,-0.0104,0.0348,282,0,0,2,2,2,2,1,41,0.403,0.105,1,1,1,29791,0,0,6.2,1,1,61,2,0,0,0,5,15666,4
B11079,Suresh Kulkarni,35,Delhi,self-employed,2.7,27919,4,4,115000,24,education,0,6,4,2,5.3,2,32,26318,19238,24371,0.175,0.0993,-0.1116,334,1,1,0,0,0,0,2,36,0.332,0.199,1,3,0,26763,0,0,7.6,3,1,108,1,0,0,1,5,72746,3
B11080,Pooja Agarwal,28,Mumbai,self-employed,1.9,57043,2,2,184000,18,business,0,3,3,2,16.1,0,27,56735,36128,17069,0.041,0.0365,0.2084,328,0,0,2,2,1,1,2,69,0.377,0.083,0,1,0,59420,3,3.6,4.0,2,3,43,4,0,0,30,5,88865,2
B11081,Suresh Chopra,35,Delhi,salaried,0.5,23175,6,1,189000,18,medical,1,0,0,0,1.8,0,0,21633,12966,19021,0.037,0.1346,-0.1385,254,1,0,2,0,0,2,0,65,0.165,0.108,0,3,0,19179,2,4.3,7.4,3,1,51,2,1,1,9,6,13566,1
B11082,Vihaan Yadav,48,Chennai,daily-wage,6.3,34126,4,1,126000,3,business,0,3,3,2,14.2,0,50,34065,20586,10078,0.062,0.0611,-0.068,318,0,0,2,2,2,2,2,73,0.259,0.083,0,1,2,35540,5,4.5,1.2,3,1,21,1,0,0,34,2,90898,1
B11083,Divya Yadav,22,Surat,salaried,3.8,36810,2,4,99000,6,personal,0,6,6,1,6.6,0,51,38672,25434,7132,0.047,-0.0631,0.1641,385,1,0,2,1,2,2,2,87,0.3,0.089,0,2,0,39911,6,4.6,1.7,4,2,102,0,0,0,28,6,4053,2
B11084,Vihaan Yadav,35,Pune,salaried,9.9,75219,2,3,251000,12,education,0,2,2,0,1.0,0,0,72562,47084,26879,0.079,-0.0583,-0.0256,315,0,0,2,2,2,2,2,72,0.393,0.05,1,1,0,77775,6,5.0,4.7,3,2,13,1,0,0,35,6,216029,0
B11085,Suresh Patel,31,Indore,self-employed,6.3,86126,3,4,316000,18,medical,0,4,4,0,2.2,0,0,88064,54484,26109,0.096,-0.0114,0.0768,338,0,0,2,2,2,2,2,72,0.303,0.052,0,1,1,87532,6,3.5,3.7,0,0,47,1,1,1,10,5,178062,2
B11086,Lakshmi Sharma,38,Mumbai,salaried,10.2,75081,1,1,134000,18,business,0,3,3,0,4.1,0,0,69764,43358,25123,0.068,0.0078,-0.09,373,0,0,2,2,2,2,2,92,0.329,0.077,0,1,0,61571,6,3.8,6.0,0,1,72,2,1,0,23,6,309696,2
B11087,Amit Nair,42,Hyderabad,salaried,11.0,86802,3,1,208000,12,education,0,4,4,1,23.2,0,11,93001,55448,23230,0.079,0.0389,0.125,403,0,0,2,2,2,2,2,81,0.173,0.103,0,1,2,80302,4,3.8,5.8,3,1,49,1,1,0,18,6,195805,2
B11088,Sunita Singh,26,Delhi,self-employed,2.4,30333,5,0,245000,12,business,0,1,1,1,9.2,0,19,31454,25605,16866,0.078,0.1012,0.3697,370,1,1,2,2,1,2,0,67,0.389,0.167,0,1,2,32911,2,3.7,8.8,4,1,74,2,1,1,0,4,91858,0
B11089,Ishaan Sharma,32,Hyderabad,business,5.7,48257,4,3,92000,24,personal,0,6,6,1,22.9,0,53,50842,28033,16096,0.039,0.0088,0.0571,298,0,0,2,2,2,1,2,70,0.442,0.038,0,3,1,47727,4,4.1,10.9,2,0,91,0,0,0,25,5,4113,1
B11090,Anita Agarwal,41,Hyderabad,salaried,5.3,53589,3,4,134000,24,personal,0,1,1,0,0.6,0,0,49843,29594,14506,0.023,-0.0192,0.0857,349,0,0,2,1,2,2,2,99,0.183,0.046,0,1,0,51966,2,4.7,4.7,3,2,102,4,1,1,21,6,122112,2
B11091,Rajesh Pillai,37,Kochi,self-employed,4.6,33694,6,1,63000,6,education,0,1,1,0,0.6,0,0,31590,21654,10660,0.107,0.1056,0.0126,386,1,0,2,2,2,2,2,69,0.207,0.045,0,2,0,31546,5,4.2,8.6,2,2,91,3,1,0,32,3,76621,2
B11092,Krishna Yadav,19,Hyderabad,self-employed,0.6,22425,6,3,139000,6,education,1,0,0,0,2.8,0,0,22874,16795,15885,0.078,0.0113,-0.1796,286,1,1,2,0,0,0,1,64,0.429,0.167,0,1,0,23193,3,4.8,7.7,4,0,51,1,1,1,8,4,0,1
B11093,Sanjay Mehta,21,Pune,self-employed,1.5,21480,3,3,92000,12,personal,0,2,2,1,13.2,0,36,21462,15164,11767,0.049,-0.0219,0.3007,284,1,1,2,2,2,1,2,60,0.345,0.088,0,1,0,20593,2,3.9,2.8,2,0,81,2,0,0,1,3,34616,0
B11094,Kabir Patel,21,Chennai,salaried,4.1,59189,3,0,500000,6,medical,0,3,3,1,29.3,0,30,59651,35137,33439,0.043,-0.0072,0.1519,344,0,0,2,2,1,2,1,54,0.371,0.285,0,1,0,63176,0,0,2.6,2,1,12,1,0,0,2,6,56482,0
B11095,Anita Kulkarni,34,Delhi,daily-wage,0.2,17573,3,3,132000,18,medical,1,0,0,0,3.0,0,0,18164,11315,12809,0.076,-0.0817,-0.2409,275,1,0,2,0,2,2,0,61,0.302,0.233,0,2,1,19814,2,4.2,4.2,1,1,22,4,1,0,4,2,23642,5
B11096,Krishna Gupta,39,Delhi,business,3.1,72922,2,3,275000,12,business,0,3,3,0,3.8,0,0,75007,46942,22742,0.049,-0.0516,0.0328,364,1,0,2,2,2,2,2,71,0.269,0.022,0,1,0,67484,6,5.0,2.7,2,1,102,2,0,0,13,0,250587,2
B11097,Diya Singh,21,Hyderabad,daily-wage,13.5,85755,5,4,158000,6,education,0,2,2,1,13.5,0,50,85652,46374,31218,0.06,-0.0498,-0.0287,355,0,0,2,2,2,2,2,92,0.235,0.09,0,1,0,87042,6,4.0,4.9,2,3,53,0,0,0,21,4,361028,2
B11098,Lakshmi Singh,33,Bengaluru,business,11.0,81851,1,3,247000,18,business,0,6,6,0,2.0,0,0,75048,48378,19643,0.069,0.0602,0.0638,328,0,0,2,2,2,2,2,91,0.458,0.111,0,2,0,72176,4,4.4,7.8,0,1,52,2,0,0,18,4,272780,2
B11099,Ravi Iyer,40,Indore,salaried,1.4,22689,5,1,84000,24,personal,0,1,1,0,4.5,0,0,21442,14971,18170,0.051,-0.0474,-0.0289,375,1,1,2,0,0,2,1,40,0.201,0.04,0,4,0,20332,0,0,12.0,2,0,37,4,0,0,8,6,49620,1
B11100,Kavya Sharma,30,Mumbai,daily-wage,2.2,51095,1,2,132000,6,medical,0,4,4,1,22.9,0,31,51866,36428,18128,0.071,0.0175,0.002,346,0,0,2,2,1,1,2,80,0.289,0.035,0,4,0,45594,3,4.7,7.5,2,2,21,2,1,0,15,1,103232,2
B11101,Reyansh Patel,42,Kolkata,daily-wage,6.4,36738,6,4,129000,12,education,0,6,6,2,15.0,0,25,36312,22905,12714,0.043,-0.038,-0.1042,322,0,0,2,2,2,2,2,68,0.27,0.096,0,2,0,31651,4,4.0,8.9,0,1,42,1,1,1,17,0,39776,1
B11102,Kavya Das,40,Indore,self-employed,4.6,25935,5,3,67000,24,medical,0,4,4,0,4.6,0,0,24961,14013,7018,0.051,0.0252,-0.1316,288,0,0,2,2,2,2,2,69,0.458,0.093,0,2,0,23462,6,3.7,11.6,4,3,14,3,0,0,25,2,36202,2
B11103,Arun Pillai,45,Pune,self-employed,1.5,50576,5,2,300000,24,home-repair,0,1,0,4,13.8,0,14,53415,38419,44200,0.056,-0.0349,0.0858,413,1,0,2,2,2,2,1,63,0.215,0.193,0,1,0,58049,2,4.9,1.9,4,0,39,0,0,0,7,0,0,1
B11104,Vikram Chopra,19,Kolkata,salaried,4.7,81421,3,0,173000,6,personal,0,6,6,0,1.4,0,0,77905,50664,26222,0.067,-0.0603,-0.0125,343,1,1,2,2,2,2,2,92,0.352,0.092,0,1,2,77112,6,5.0,11.1,0,2,45,0,1,1,11,6,237047,2
B11105,Lakshmi Reddy,23,Nagpur,daily-wage,3.1,31669,3,2,86000,6,home-repair,0,1,1,3,17.5,0,59,30889,21010,28852,0.065,-0.0898,0.1702,317,1,0,1,2,2,2,2,56,0.395,0.299,0,1,0,31733,1,3.8,6.3,3,0,92,0,1,1,7,5,26712,4
B11106,Diya Nair,31,Delhi,salaried,1.3,23722,5,4,146000,6,personal,0,1,1,0,4.7,0,0,22700,17805,21130,0.075,0.0371,-0.0793,383,0,1,2,2,2,0,1,66,0.252,0.283,0,1,0,21566,3,3.6,6.6,1,0,25,2,1,0,2,6,56936,2
B11107,Sunita Yadav,31,Mumbai,salaried,1.3,26090,5,0,204000,24,medical,0,3,3,1,14.0,0,11,24709,17781,18418,0.049,-0.0058,-0.1813,392,2,0,2,0,2,0,1,61,0.309,0.199,0,1,2,23729,1,4.5,11.9,2,0,46,4,1,1,6,6,20487,1
B11108,Arjun Das,39,Bengaluru,self-employed,2.9,28352,2,0,227000,24,education,0,3,2,4,16.5,0,46,28046,19704,27078,0.048,0.0025,-0.0776,339,0,0,0,2,2,2,2,65,0.262,0.214,0,1,1,27129,2,4.3,4.8,0,0,92,4,0,0,3,2,0,4
B11109,Anil Verma,27,Pune,salaried,1.2,25004,2,0,138000,6,personal,1,0,0,0,3.2,0,0,24456,19306,16629,0.053,0.0379,-0.132,335,2,1,2,2,0,2,2,60,0.289,0.172,0,1,0,25771,1,4.7,11.9,1,1,113,3,0,0,6,6,17916,1
B11110,Myra Nair,42,Mumbai,self-employed,1.2,16808,4,1,122000,6,personal,1,0,0,0,3.2,0,0,17607,12368,16876,0.079,0.0523,0.0842,315,0,0,2,0,2,2,0,59,0.354,0.035,1,1,1,15882,1,4.3,11.3,3,0,50,3,1,1,5,1,11605,0
B11111,Anil Kulkarni,24,Hyderabad,salaried,9.7,83532,4,2,189000,6,personal,0,6,6,1,27.8,0,8,79964,46898,26120,0.053,-0.0064,-0.0783,253,1,0,2,2,2,2,2,79,0.242,0.03,0,1,0,72643,5,3.9,7.1,2,1,97,2,0,0,24,6,230128,1
B11112,Vihaan Bose,38,Bengaluru,salaried,5.0,37938,4,4,143000,12,home-repair,0,4,4,2,22.9,0,24,33489,25374,33940,0.057,0.0492,0.1587,357,0,0,2,2,2,2,1,60,0.278,0.206,0,1,0,34660,1,4.2,2.0,0,0,104,0,1,0,2,6,70278,2
B11113,Rajesh Patel,43,Kochi,self-employed,11.8,81997,1,3,312000,24,home-repair,0,2,2,0,2.7,0,0,77342,44546,24205,0.056,-0.0393,-0.094,351,0,0,2,2,2,2,2,59,0.343,0.028,0,1,0,76524,5,4.2,3.8,4,0,21,1,1,1,35,2,308406,2
B11114,Lakshmi Pillai,28,Mumbai,salaried,10.4,79875,5,4,179000,3,education,0,4,4,1,17.1,0,57,74401,45114,21539,0.032,0.0542,0.1883,291,0,0,2,1,2,2,2,79,0.352,0.09,0,1,1,80622,3,4.8,5.9,4,3,36,2,0,0,14,6,248282,2
B11115,Sunita Bose,26,Delhi,daily-wage,0.5,20590,6,4,167000,6,education,1,0,0,0,1.2,0,0,18050,12775,15228,0.069,0.0126,-0.0671,280,3,2,0,1,1,2,1,57,0.289,0.19,0,1,0,17189,1,4.1,5.9,2,1,35,4,0,0,6,5,4677,2
B11116,Vihaan Joshi,40,Chennai,daily-wage,6.9,31138,6,3,73000,18,personal,0,2,2,2,6.5,0,47,30956,19283,9926,0.074,0.0058,-0.0595,302,0,0,2,1,2,2,2,47,0.302,0.105,0,1,0,30437,3,4.4,7.1,4,1,19,0,0,0,32,3,27052,2
B11117,Suresh Nair,41,Kochi,business,2.1,64263,4,0,180000,6,business,0,1,1,2,20.8,0,8,59765,33605,22147,0.069,-0.0095,0.0922,367,0,0,1,2,2,2,1,57,0.324,0.047,0,1,1,51580,6,3.9,2.9,0,1,70,2,0,0,32,4,224799,1
B11118,Pooja Rao,29,Mumbai,self-employed,6.3,35574,6,3,132000,6,personal,0,4,4,0,3.4,0,0,33738,20465,11410,0.073,-0.0411,0.0987,319,0,0,2,2,2,2,2,67,0.336,0.115,0,1,1,36523,6,4.4,3.5,3,2,76,2,1,1,10,3,45201,0
B11119,Aarav Pillai,33,Mumbai,self-employed,4.3,40934,6,3,105000,18,personal,0,4,4,1,7.8,0,23,38659,23296,14546,0.043,-0.0328,0.105,339,0,0,1,2,1,2,2,85,0.109,0.081,0,1,0,34721,3,4.0,10.7,1,1,92,2,1,1,26,1,59403,1
B11120,Aadhya Agarwal,44,Hyderabad,daily-wage,6.3,59969,5,0,166000,24,medical,0,2,2,1,24.1,0,59,61315,36146,17154,0.1,0.0276,-0.0729,439,0,0,1,2,2,2,2,68,0.127,0.108,0,1,2,52127,5,4.6,3.2,1,2,28,1,1,0,15,4,80312,2
B11121,Sara Joshi,27,Pune,business,0.4,25270,5,3,80000,6,education,0,1,1,0,4.6,0,0,25652,17922,25072,0.037,-0.0643,0.1236,341,1,1,2,2,0,1,2,45,0.383,0.223,0,1,0,24604,1,4.7,8.0,0,0,14,0,1,0,1,4,32017,1
B11122,Ira Yadav,42,Hyderabad,daily-wage,1.3,39080,1,2,310000,6,personal,0,3,2,3,14.7,1,57,40700,29811,34103,0.041,0.0102,-0.0195,369,1,0,2,0,2,0,2,58,0.283,0.27,0,1,0,42545,2,4.2,4.5,2,0,41,3,1,1,7,3,85896,5
B11123,Ishaan Chopra,51,Ahmedabad,self-employed,7.2,51865,6,3,89000,12,medical,0,4,4,1,7.7,0,39,51301,32031,16815,0.066,0.0183,-0.0109,260,2,0,2,2,1,2,2,77,0.455,0.046,0,1,0,45348,5,3.7,3.4,2,0,33,3,1,1,7,5,133102,2
B11124,Kabir Agarwal,36,Mumbai,self-employed,4.9,16558,3,2,73000,12,business,0,4,4,2,29.9,0,42,15580,10101,11180,0.052,0.0706,-0.2025,338,0,0,2,0,2,2,0,64,0.333,0.251,0,3,0,16817,2,4.5,7.9,4,1,104,4,1,0,8,0,25587,1
B11125,Ananya Khan,47,Hyderabad,business,7.9,58719,4,3,113000,12,medical,0,7,7,1,9.5,0,56,55509,33801,15967,0.05,0.0008,-0.1042,350,0,0,2,1,2,2,2,99,0.268,0.093,0,4,1,51984,4,3.6,9.0,3,1,80,4,1,0,33,0,166686,2
B11126,Rajesh Verma,53,Pune,daily-wage,2.3,21902,5,2,112000,3,personal,0,5,5,2,19.7,0,24,22586,17090,8430,0.05,-0.0472,-0.1845,318,0,1,2,1,1,2,2,73,0.281,0.292,0,3,0,21924,3,4.8,5.8,3,0,13,0,1,0,5,0,15560,5
B11127,Ananya Singh,33,Chennai,self-employed,0.1,32122,1,2,190000,12,medical,0,2,0,5,27.0,3,36,32201,22918,25474,0.052,-0.0144,-0.1142,383,1,1,0,2,2,2,2,61,0.263,0.025,0,3,0,33581,1,3.8,4.8,3,0,42,4,2,1,7,4,13076,1
B11128,Deepak Singh,43,Hyderabad,business,1.5,36733,4,0,226000,6,education,0,2,1,4,10.1,0,44,35231,24043,32898,0.052,-0.0808,0.0311,403,1,2,1,0,2,2,2,36,0.301,0.132,0,1,0,33816,0,0,8.1,0,0,79,4,0,0,0,2,10154,0
B11129,Kavya Pillai,23,Delhi,self-employed,9.3,51081,6,1,97000,24,medical,0,8,8,1,4.2,0,48,52786,33788,13832,0.105,0.0069,-0.0272,333,0,1,2,2,2,2,2,99,0.32,0.119,0,1,0,49249,2,4.4,9.9,1,0,93,2,1,0,15,0,156057,2
B11130,Krishna Verma,34,Hyderabad,self-employed,7.8,45510,5,0,141000,12,medical,0,6,6,0,3.0,0,0,43864,29718,15963,0.056,0.0407,-0.0176,300,0,0,2,1,2,2,1,50,0.404,0.082,0,2,0,39056,6,3.7,2.2,3,3,55,3,1,1,24,1,78272,0
B11131,Arjun Kulkarni,37,Bengaluru,daily-wage,0.2,28477,2,1,161000,3,education,0,1,1,0,1.6,0,0,28027,19129,17095,0.073,0.0167,0.116,243,0,1,2,0,1,2,0,52,0.477,0.141,0,1,0,25407,2,4.2,2.7,1,1,63,0,0,0,4,1,48518,2
B11132,Sai Reddy,30,Chennai,self-employed,7.8,58959,3,1,118000,18,personal,0,2,2,0,4.2,0,0,56187,33070,20024,0.054,0.0383,0.0559,408,0,0,2,2,2,2,2,74,0.19,0.086,0,1,0,56548,3,3.7,3.2,3,0,30,2,1,0,25,0,96831,2
B11133,Deepak Agarwal,43,Kolkata,salaried,5.1,51544,4,4,173000,12,business,0,4,4,1,11.1,0,21,54558,32853,12775,0.054,-0.0204,0.042,355,0,0,2,2,2,2,2,75,0.28,0.1,1,1,0,54195,5,4.6,5.1,4,0,54,0,1,0,34,6,229872,2
B11134,Kabir Verma,66,Surat,salaried,3.5,47540,3,1,359000,24,personal,0,3,1,4,15.5,1,21,49035,31936,32549,0.044,-0.026,0.0386,347,1,1,2,2,2,2,2,79,0.148,0.027,0,2,1,50452,1,4.5,1.4,2,1,114,0,0,0,8,6,29506,3
B11135,Diya Agarwal,34,Indore,self-employed,9.3,80861,3,4,192000,3,business,0,7,7,1,24.3,0,13,84982,54188,22635,0.051,0.0104,0.1627,319,0,0,2,2,2,2,2,91,0.386,0.029,0,1,0,80770,6,4.7,5.6,3,2,107,4,1,1,12,4,221276,1
B11136,Geeta Joshi,32,Hyderabad,self-employed,2.9,43114,2,3,136000,12,medical,0,5,5,2,17.2,0,20,41361,23796,12496,0.058,0.0187,-0.0467,332,0,0,2,2,2,2,2,76,0.312,0.102,0,1,0,44708,2,3.5,4.7,0,1,91,2,1,0,15,0,78578,1
B11137,Aadhya Mishra,50,Delhi,salaried,14.9,81274,3,0,291000,6,home-repair,0,7,7,0,1.1,0,0,85287,51614,29189,0.069,0.0295,-0.0625,264,0,0,2,2,2,2,2,77,0.281,0.07,0,1,2,90316,5,4.0,11.7,3,1,42,3,0,0,35,6,237482,1
B11138,Arjun Yadav,51,Mumbai,salaried,7.9,62279,5,0,115000,3,business,0,6,6,1,23.5,0,43,62062,40494,19938,0.074,0.0685,0.0444,370,0,0,1,2,2,2,2,67,0.301,0.112,0,4,0,61761,6,4.2,10.0,1,2,50,0,0,0,29,6,100112,1
B11139,Sunita Iyer,20,Hyderabad,daily-wage,0.2,14330,6,3,120000,6,home-repair,0,1,0,6,5.1,2,19,14165,9682,10718,0.077,0.0042,0.2757,332,0,1,2,0,0,0,0,50,0.415,0.206,0,5,0,13427,2,4.3,5.3,1,0,37,0,2,0,8,4,16181,0
B11140,Suresh Agarwal,28,Hyderabad,daily-wage,1.4,41031,1,0,177000,18,business,0,4,4,2,9.0,0,40,42384,32526,27424,0.057,0.0575,-0.0472,413,2,0,2,1,1,0,1,36,0.277,0.112,0,1,0,39480,1,4.4,9.1,2,1,110,4,1,1,6,0,65558,1
B11141,Sanjay Pillai,39,Bengaluru,business,5.6,30349,5,3,241000,12,personal,0,4,3,4,6.0,0,26,28264,19359,25521,0.042,0.0316,0.0877,252,1,0,0,0,2,2,2,39,0.336,0.179,0,1,0,27531,0,0,3.8,0,1,115,1,0,0,6,1,94739,5
B11142,Kavitha Sharma,49,Mumbai,salaried,12.8,45576,4,4,138000,3,home-repair,0,8,8,1,17.5,0,44,46229,27749,15037,0.064,0.0302,-0.0581,302,0,0,2,2,2,2,2,99,0.429,0.029,0,1,0,45225,4,4.0,10.5,4,0,55,3,0,0,14,6,133960,0
B11143,Anil Reddy,50,Delhi,daily-wage,6.8,93095,5,2,328000,12,home-repair,0,3,3,0,1.1,0,0,85814,58216,30737,0.084,0.0708,0.0981,395,0,0,2,2,2,2,2,90,0.299,0.074,0,2,0,76142,3,4.4,3.3,1,3,44,4,0,0,16,5,352611,2
B11144,Meera Nair,29,Mumbai,daily-wage,4.9,35400,6,1,245000,12,home-repair,0,2,2,1,28.3,0,19,34164,22228,31817,0.057,-0.0343,0.1327,298,1,0,1,2,0,2,2,61,0.214,0.078,0,1,1,30259,0,0,8.7,1,1,71,1,0,0,2,1,65698,1
B11145,Anil Joshi,19,Pune,salaried,8.1,55708,6,1,171000,18,business,0,6,6,1,8.9,0,36,54918,36050,13079,0.063,-0.0765,-0.0055,352,0,0,2,1,2,2,2,99,0.202,0.101,0,1,0,51271,5,4.5,6.2,0,1,96,1,1,0,6,6,132253,1
B11146,Suresh Mishra,60,Delhi,business,12.3,81367,6,4,137000,18,education,0,7,7,1,17.3,0,59,74955,44550,23507,0.055,0.0798,0.1793,377,0,0,2,2,2,2,2,85,0.256,0.074,0,1,0,76764,4,4.4,6.2,2,2,49,2,1,0,34,0,367088,1
B11147,Nikhil Gupta,38,Bengaluru,daily-wage,1.9,20667,2,2,143000,12,business,1,0,0,0,4.4,0,0,19193,15766,16022,0.114,0.1116,0.0683,417,1,1,2,1,2,0,0,46,0.189,0.196,0,1,0,17588,1,3.8,2.5,4,1,64,2,0,0,1,5,5798,3
B11148,Rahul Singh,35,Ahmedabad,self-employed,1.1,33774,3,4,214000,12,medical,0,6,4,5,9.2,1,9,33403,23289,30399,0.051,-0.0181,0.0887,370,2,1,2,0,2,2,2,62,0.231,0.133,0,2,0,35810,0,0,11.8,4,1,100,1,2,0,6,0,51909,2
B11149,Nikhil Mehta,34,Pune,daily-wage,3.8,24274,3,1,196000,12,home-repair,0,2,1,4,15.9,0,59,23668,15600,19268,0.03,-0.0391,0.0601,364,0,0,0,0,2,2,2,42,0.205,0.198,0,2,0,21585,3,3.8,7.9,0,0,20,2,1,1,9,3,32218,0
B11150,Ira Mehta,30,Chennai,salaried,13.0,73068,5,0,266000,18,personal,0,8,8,1,9.9,0,13,69999,40759,23722,0.061,-0.0314,-0.1104,334,1,0,2,2,2,2,2,99,0.358,0.061,1,1,0,72067,5,4.0,1.6,1,3,117,3,1,1,21,6,175778,0
B11151,Kavitha Nair,23,Mumbai,daily-wage,13.4,72439,6,0,199000,12,education,0,5,5,0,4.7,0,0,76910,43259,16361,0.045,-0.0228,-0.0433,387,0,0,2,2,2,2,2,88,0.319,0.028,0,1,0,83695,4,4.8,12.0,2,0,31,1,0,0,6,5,295137,0
B11152,Sneha Pillai,53,Chennai,daily-wage,1.8,32941,1,1,101000,12,personal,0,1,1,0,4.2,0,0,33990,23783,29218,0.057,0.0025,0.0778,451,2,0,0,2,2,0,0,60,0.223,0.098,0,2,0,37201,2,3.6,9.2,3,0,46,4,0,0,6,2,34123,4
B11153,Divya Sharma,28,Bengaluru,daily-wage,0.8,25437,6,4,173000,12,business,1,0,0,0,1.0,0,0,23914,14969,10491,0.064,0.0589,-0.1231,392,0,0,2,0,0,1,1,52,0.249,0.187,0,1,0,23746,0,0,5.5,4,1,82,0,1,1,3,4,39760,4
B11154,Myra Pillai,33,Delhi,daily-wage,1.2,19433,4,0,106000,24,home-repair,0,1,1,0,0.9,0,0,20328,14238,14851,0.099,-0.0584,-0.2216,267,1,0,0,2,0,2,2,41,0.377,0.197,0,1,0,22016,0,0,5.5,3,0,57,1,0,0,0,0,14898,0
B11155,Neha Agarwal,19,Mumbai,self-employed,7.1,30207,2,2,52000,6,personal,0,6,6,1,17.0,0,58,30039,20252,10629,0.056,-0.0175,-0.1131,323,0,0,2,2,2,2,2,74,0.322,0.081,0,1,1,28593,3,4.9,7.3,4,0,42,4,1,0,35,3,571,2
B11156,Ananya Das,20,Kolkata,daily-wage,5.5,41505,1,4,111000,12,home-repair,0,4,4,0,0.4,0,0,38797,25549,11167,0.074,0.0669,-0.0217,367,0,1,2,1,2,2,2,82,0.274,0.064,0,1,1,38437,3,4.7,10.2,2,1,20,3,0,0,8,1,85502,1
B11157,Reyansh Iyer,54,Jaipur,self-employed,2.2,32107,4,4,274000,18,business,0,3,0,6,18.1,3,48,29342,19441,25838,0.042,0.0287,-0.0605,358,1,1,0,0,2,1,2,43,0.337,0.059,1,2,0,20009,0,0,3.7,2,1,79,1,2,1,0,0,98027,3
B11158,Aadhya Yadav,40,Nagpur,daily-wage,4.5,25376,5,0,197000,12,personal,0,3,2,4,6.4,0,41,24419,19188,16437,0.043,-0.0729,0.0504,350,2,1,2,0,2,1,0,54,0.294,0.187,0,1,0,24388,3,3.8,5.0,0,1,30,4,1,1,7,5,69998,0
B11159,Meera Joshi,26,Hyderabad,business,0.6,37829,6,3,161000,6,education,0,5,4,2,21.8,1,33,33358,25015,22453,0.052,-0.0374,-0.1522,361,0,0,2,0,0,0,2,62,0.266,0.075,0,2,0,41027,3,4.8,7.1,0,1,23,1,1,0,5,3,56989,3
B11160,Aadhya Yadav,31,Kolkata,business,9.7,62193,4,0,107000,18,home-repair,0,7,7,0,2.2,0,0,60749,39131,16512,0.081,-0.0112,-0.1038,366,0,0,2,2,2,2,2,69,0.399,0.091,0,1,0,62219,6,3.7,8.7,1,2,105,4,1,1,22,4,198076,1
B11161,Krishna Yadav,25,Indore,salaried,12.3,81498,3,3,162000,12,home-repair,0,4,4,0,1.1,0,0,79632,48707,20909,0.061,-0.0945,0.1408,349,0,0,2,2,1,2,2,99,0.18,0.093,0,1,0,84685,6,4.1,11.4,1,3,100,4,1,1,24,6,226545,2
B11162,Aarav Pillai,28,Mumbai,business,12.8,87467,4,3,305000,12,education,0,7,7,0,1.0,0,0,91140,63969,29693,0.078,-0.027,-0.0297,388,0,0,2,2,2,2,2,85,0.295,0.039,0,1,1,97170,5,4.7,4.7,2,3,42,2,0,0,35,2,230681,2
B11163,Vihaan Rao,29,Delhi,self-employed,0.2,12476,1,2,63000,12,personal,1,0,0,0,1.2,0,0,12571,8189,9140,0.038,-0.0065,0.1926,307,0,0,1,2,0,2,0,64,0.273,0.127,0,1,0,12143,1,4.6,4.2,0,0,62,2,1,0,0,5,0,1
B11164,Amit Kulkarni,19,Delhi,salaried,1.1,42852,6,3,344000,18,home-repair,0,4,2,2,28.7,2,43,45105,29495,33662,0.041,0.0223,-0.1579,339,0,1,2,2,2,2,2,61,0.327,0.255,0,3,0,24474,2,4.8,10.1,0,1,103,0,1,1,5,4,42618,4
B11165,Aadhya Verma,40,Mumbai,salaried,3.7,47215,4,0,119000,18,education,0,1,1,1,27.4,0,37,47829,30063,11883,0.07,-0.0624,0.0088,319,0,0,2,1,2,2,1,86,0.35,0.035,0,2,0,42501,6,4.6,5.2,2,3,113,2,1,0,27,6,98298,0
B11166,Meera Singh,27,Mumbai,self-employed,6.6,57385,1,0,173000,18,personal,0,5,5,2,7.0,0,58,55000,29623,16388,0.049,0.0273,-0.1609,406,0,1,2,2,2,2,2,79,0.322,0.068,0,1,1,48322,5,4.4,4.0,0,3,55,4,0,0,9,2,62944,1
B11167,Aarav Reddy,34,Kochi,salaried,6.3,54905,4,1,148000,12,home-repair,0,2,2,1,19.7,0,40,52105,31889,16936,0.064,-0.0374,0.0049,341,0,0,2,2,2,2,2,79,0.307,0.038,0,1,0,46336,5,4.7,1.4,1,1,89,3,0,0,12,6,90066,0
B11168,Meera Chopra,19,Hyderabad,daily-wage,0.2,23024,5,1,72000,18,business,0,1,1,0,3.2,0,0,22442,15390,13712,0.06,0.0257,0.1382,290,1,2,2,1,2,2,2,77,0.465,0.081,0,1,0,22748,0,0,3.9,1,0,86,3,0,0,2,4,15560,0
B11169,Kavya Singh,38,Chennai,self-employed,8.7,66556,2,2,129000,12,medical,0,6,6,0,4.6,0,0,63838,40028,23440,0.029,-0.0113,-0.0364,314,0,0,1,2,2,2,2,86,0.329,0.099,0,2,0,61402,3,4.9,6.5,3,1,45,1,0,0,32,5,287067,0
B11170,Pooja Das,24,Pune,salaried,2.0,19878,6,3,127000,12,business,0,4,0,6,4.8,3,26,20323,13162,11094,0.114,-0.0225,0.1086,377,1,0,2,0,0,0,0,89,0.316,0.273,1,5,0,11371,3,4.2,8.2,1,0,103,4,3,0,2,1,11547,0
B11171,Divya Mishra,19,Hyderabad,self-employed,2.7,31179,6,3,207000,3,medical,0,2,1,4,11.9,0,58,29216,19922,21111,0.084,-0.0195,-0.1691,232,0,3,2,2,2,0,2,54,0.331,0.192,0,2,0,31428,2,4.8,6.2,0,1,103,4,1,0,7,5,27997,3
B11172,Ananya Rao,27,Jaipur,salaried,4.8,74242,6,2,205000,3,medical,0,4,4,0,2.4,0,0,75594,52394,20244,0.036,-0.0093,0.0046,287,0,0,2,2,2,2,2,69,0.265,0.075,0,1,1,70721,2,3.9,6.1,2,2,74,0,0,0,30,6,93469,2
B11173,Manoj Rao,29,Bengaluru,business,3.0,30588,1,3,103000,12,home-repair,0,5,5,2,26.5,0,17,30277,22406,25654,0.059,0.0512,-0.1007,257,3,0,0,0,2,2,2,73,0.442,0.126,0,2,0,26234,3,3.7,8.3,1,1,82,1,1,0,8,5,28772,2
B11174,Myra Pillai,49,Pune,salaried,1.0,16103,4,1,62000,12,business,1,0,0,0,4.1,0,0,15584,11710,7907,0.096,0.0789,-0.0621,334,1,0,2,0,0,2,2,54,0.316,0.244,0,1,1,14228,3,4.9,1.7,2,1,36,2,0,0,2,6,21358,2
B11175,Rajesh Mishra,35,Delhi,business,9.8,49169,2,1,138000,3,education,0,7,7,1,15.3,0,38,47627,29900,15858,0.092,0.041,0.0004,387,0,0,2,1,2,2,2,99,0.247,0.11,0,1,2,46966,5,4.9,8.9,1,0,77,1,0,0,34,5,90103,1
B11176,Pooja Patel,47,Jaipur,daily-wage,8.5,46598,4,2,135000,3,medical,0,7,7,1,17.8,0,35,46716,25907,12956,0.061,0.0393,0.0508,304,0,0,2,2,2,2,2,80,0.285,0.101,0,2,0,39986,5,3.5,3.0,4,3,47,1,0,0,33,3,162919,2
B11177,Priya Rao,28,Nagpur,salaried,3.9,46068,5,4,110000,6,personal,0,4,4,0,4.8,0,0,46377,28398,8936,0.096,0.0729,-0.0041,388,0,0,2,2,2,2,2,62,0.196,0.108,0,1,0,46349,6,4.7,10.8,2,1,68,1,1,0,23,6,17207,1
B11178,Kiran Yadav,24,Pune,self-employed,7.3,46950,2,3,116000,24,home-repair,0,3,3,2,29.2,0,40,48642,29843,16656,0.069,-0.1052,0.0121,299,0,0,2,2,2,1,2,60,0.312,0.057,0,1,0,50825,5,5.0,11.0,4,2,82,2,0,0,33,2,79851,2
B11179,Manoj Verma,44,Hyderabad,salaried,9.2,104006,6,1,160000,6,home-repair,0,7,7,0,1.1,0,0,105999,56332,38059,0.063,0.0379,-0.0193,399,0,0,2,1,2,2,1,91,0.279,0.02,0,1,0,98360,3,5.0,7.7,3,2,110,4,1,0,7,6,233923,0
B11180,Sara Joshi,23,Ahmedabad,salaried,5.1,23620,6,1,184000,6,medical,0,3,3,3,15.1,0,22,24165,17023,20049,0.049,-0.0418,-0.016,337,2,0,1,1,2,2,2,60,0.304,0.084,0,1,0,22233,2,4.4,3.1,2,1,76,3,0,0,8,6,9858,1
B11181,Anil Chopra,30,Chennai,daily-wage,4.0,42826,6,4,133000,18,personal,0,1,1,0,1.9,0,0,43083,27720,10704,0.038,-0.0387,-0.0598,357,1,0,2,0,2,2,2,99,0.287,0.111,0,1,0,39363,6,3.8,11.1,1,0,18,0,0,0,27,3,107909,0
B11182,Divya Mehta,31,Bengaluru,daily-wage,0.8,8460,1,3,34000,12,medical,0,1,1,0,3.8,0,0,9143,6361,5828,0.06,0.0024,-0.0858,406,1,3,0,2,0,2,1,62,0.231,0.151,0,3,1,9444,3,4.9,9.2,4,1,90,0,0,0,7,0,4589,3
B11183,Sanjay Verma,53,Mumbai,daily-wage,0.3,18986,1,2,151000,18,personal,1,0,0,0,1.9,0,0,19380,14146,17115,0.075,0.0294,-0.0877,304,1,1,1,0,1,0,2,65,0.303,0.055,0,2,0,20670,1,4.9,7.7,1,1,23,1,1,1,9,5,18901,5
B11184,Diya Verma,19,Chennai,daily-wage,1.3,36498,6,4,185000,6,education,0,2,1,2,19.4,1,8,36114,26249,36177,0.026,0.0172,-0.097,281,2,1,2,1,1,0,2,63,0.456,0.119,0,3,0,39191,1,4.5,6.8,4,1,14,0,0,0,4,5,0,4
B11185,Reyansh Reddy,36,Hyderabad,salaried,10.5,35470,5,1,121000,6,business,0,2,2,1,26.7,0,23,35458,23407,10424,0.063,-0.0431,-0.0865,282,0,0,2,2,2,2,2,92,0.313,0.027,0,1,0,36302,6,4.6,4.7,0,1,46,4,1,1,27,6,66784,2
B11186,Aarav Agarwal,35,Nagpur,daily-wage,12.3,70667,4,3,126000,12,home-repair,0,8,8,1,13.5,0,7,66209,46532,25399,0.064,0.0254,-0.0154,403,0,0,2,2,2,2,2,83,0.275,0.064,0,2,0,71573,2,4.3,1.6,4,2,71,1,1,1,11,4,216982,0
B11187,Kavya Gupta,41,Delhi,daily-wage,1.8,17136,6,3,141000,18,home-repair,0,1,1,0,1.0,0,0,17025,13332,12106,0.059,0.018,-0.1264,269,0,2,2,2,0,2,0,61,0.37,0.023,0,1,0,14947,2,4.6,9.2,2,0,18,0,0,0,8,0,30108,0
B11188,Neha Rao,29,Ahmedabad,salaried,4.0,21939,3,3,190000,6,education,0,5,5,2,21.0,0,59,19675,14004,16757,0.036,0.0805,0.0526,281,1,1,2,0,2,2,0,43,0.283,0.041,0,1,0,18278,1,4.8,1.7,3,1,64,4,1,1,1,6,54787,3
B11189,Rohan Gupta,21,Delhi,salaried,5.0,32415,6,4,105000,3,education,0,4,4,0,3.9,0,0,31667,18652,9614,0.038,-0.0035,0.0874,255,0,1,1,2,2,2,2,53,0.372,0.039,0,2,0,33531,5,4.4,8.9,0,3,42,1,0,0,7,6,6144,2
B11190,Myra Singh,37,Jaipur,salaried,1.1,26631,1,2,93000,3,education,0,1,1,0,1.2,0,0,28040,18683,16301,0.058,-0.0691,-0.0176,367,1,0,1,0,2,2,0,30,0.159,0.272,0,1,0,29179,1,4.4,3.8,4,0,48,0,1,0,6,6,36034,1
B11191,Rohan Das,23,Kolkata,self-employed,6.2,53028,5,0,130000,6,education,0,1,1,1,7.6,0,51,52418,31033,13303,0.034,0.0578,-0.1045,326,0,0,2,0,2,2,2,78,0.362,0.053,0,1,0,54849,2,5.0,5.4,2,3,20,4,1,0,16,5,40829,2
B11192,Aadhya Sharma,51,Jaipur,daily-wage,3.8,34645,5,2,87000,6,education,0,6,6,2,4.9,0,52,31460,20659,12081,0.066,-0.0427,0.0847,343,0,0,2,0,2,2,2,55,0.309,0.026,0,2,0,27174,2,4.2,8.5,0,1,23,3,1,1,25,3,21975,0
B11193,Neha Sharma,19,Hyderabad,salaried,7.7,56155,2,4,162000,3,education,0,2,2,2,9.9,0,42,52849,31210,15694,0.055,0.0512,-0.1188,309,0,0,2,2,1,2,2,51,0.307,0.084,1,1,0,56140,5,4.7,3.0,2,1,26,4,1,0,23,6,0,0
B11194,Vihaan Chopra,43,Lucknow,self-employed,6.8,30968,5,1,87000,12,home-repair,0,4,4,1,27.5,0,57,30300,18264,9260,0.051,0.0736,0.0519,344,0,1,2,1,2,2,2,81,0.23,0.093,0,1,0,28743,4,4.4,1.8,2,3,52,2,1,0,34,5,0,1
B11195,Manoj Bose,42,Ahmedabad,salaried,2.6,41967,6,1,254000,24,medical,0,2,2,3,14.7,0,12,40615,24417,29527,0.078,-0.0875,0.0944,409,1,1,2,2,2,2,0,42,0.288,0.215,0,2,0,35822,1,4.9,3.7,1,1,19,4,1,1,4,6,20803,0
B11196,Ishaan Verma,46,Ahmedabad,salaried,3.3,27809,1,0,93000,12,personal,0,2,2,1,9.7,0,6,26576,18004,9861,0.083,0.0479,0.0113,361,0,0,2,1,2,2,2,70,0.28,0.038,0,2,0,24206,6,4.5,9.7,2,3,23,4,0,0,34,6,53190,0
B11197,Ananya Patel,34,Chennai,self-employed,10.6,80662,5,3,137000,6,education,0,5,5,1,5.0,0,45,84243,49367,23922,0.051,-0.0859,-0.0222,293,1,0,2,1,2,2,2,78,0.294,0.044,0,4,0,78311,3,4.2,2.5,2,2,17,1,1,0,9,3,179881,2
B11198,Sunita Reddy,43,Bengaluru,self-employed,3.0,36839,6,4,138000,6,medical,0,2,2,1,20.9,0,11,35006,26428,26718,0.088,-0.0171,-0.0833,396,0,1,2,2,1,2,1,70,0.188,0.088,0,1,0,33624,3,4.8,8.7,0,0,92,1,1,1,4,0,72386,2
B11199,Aarav Sharma,41,Indore,self-employed,0.3,25192,5,4,119000,6,business,1,0,0,0,2.8,0,0,25364,16193,19713,0.055,-0.0594,0.007,384,0,1,2,0,2,0,0,43,0.236,0.27,0,1,0,27586,1,5.0,5.3,3,0,109,1,0,0,7,1,56430,1
B11200,Arun Kulkarni,42,Pune,salaried,4.7,13785,4,0,76000,18,business,0,2,1,1,20.8,1,47,13998,8554,8877,0.055,0.0145,0.2255,329,0,0,2,2,2,2,2,55,0.301,0.045,0,2,1,13710,2,4.1,3.2,4,0,99,3,1,0,6,6,30318,0
B11201,Priya Reddy,42,Delhi,salaried,0.7,31743,3,1,117000,3,home-repair,0,6,4,5,10.1,1,18,32031,23357,23826,0.06,0.0202,0.08,356,2,1,0,0,0,2,0,61,0.316,0.272,1,1,0,28676,2,4.5,7.7,4,0,80,0,0,0,6,4,37181,0
B11202,Kabir Chopra,32,Kolkata,daily-wage,3.3,24549,1,1,184000,12,personal,0,1,1,1,21.0,0,55,23434,14540,14034,0.049,0.0044,0.0758,338,1,0,1,0,2,1,2,49,0.332,0.246,0,1,1,20838,2,4.3,1.8,1,1,96,0,1,1,7,0,21176,4
B11203,Manoj Reddy,46,Mumbai,salaried,4.4,55796,2,0,190000,24,personal,0,5,5,1,6.0,0,36,51198,31532,18348,0.038,-0.0293,0.1323,254,0,0,2,2,2,2,2,79,0.268,0.079,0,1,0,47092,3,4.0,1.3,1,1,57,3,1,0,22,6,0,0
B11204,Aadhya Chopra,51,Chennai,self-employed,2.0,31480,5,2,83000,12,business,0,6,6,0,2.8,0,0,29296,20458,9693,0.046,-0.0032,-0.0224,323,0,0,2,2,2,2,2,92,0.256,0.081,0,1,1,26978,6,3.8,2.3,2,1,110,3,0,0,9,0,0,2
B11205,Rajesh Bose,51,Pune,self-employed,5.8,35536,4,0,107000,18,home-repair,0,4,4,2,28.7,0,39,33837,24205,28427,0.077,-0.0052,-0.0025,358,2,2,1,2,2,2,2,63,0.241,0.024,0,1,0,33433,3,4.8,7.5,1,1,112,0,1,1,7,1,66188,1
B11206,Divya Chopra,19,Kolkata,daily-wage,5.1,61183,6,4,201000,18,education,0,2,2,2,11.4,0,9,63574,43966,20977,0.033,-0.0468,-0.0963,395,1,0,2,2,2,1,2,79,0.239,0.039,0,2,0,66324,6,4.9,11.8,2,0,41,3,0,0,8,1,5320,1
B11207,Priya Singh,27,Hyderabad,salaried,5.5,36565,6,1,193000,3,home-repair,0,1,1,2,14.8,0,43,35239,22942,30290,0.051,-0.037,0.0011,254,1,0,2,0,2,2,2,62,0.197,0.151,0,2,0,38307,2,4.9,1.8,1,0,24,4,1,1,1,6,58726,4
B11208,Neha Sharma,37,Kolkata,salaried,6.5,90219,5,2,356000,24,education,0,4,4,1,10.5,0,23,87349,57678,26878,0.091,0.1219,-0.1151,287,0,0,2,2,2,2,2,96,0.424,0.099,0,1,0,95599,3,4.4,10.9,4,0,79,1,0,0,7,6,341492,1
B11209,Sneha Nair,33,Chennai,daily-wage,4.0,34011,6,4,63000,12,home-repair,0,4,4,0,1.1,0,0,31461,17598,8864,0.049,0.0178,-0.0051,289,0,0,1,2,2,2,2,99,0.336,0.119,0,1,1,28343,6,5.0,2.2,4,1,96,2,0,0,21,3,76464,0
B11210,Priya Agarwal,20,Pune,salaried,2.9,34027,2,1,192000,18,business,0,1,1,1,5.2,0,53,33224,20627,23665,0.06,-0.0071,-0.0192,353,1,1,0,0,2,2,1,64,0.405,0.064,0,1,2,29223,3,5.0,9.7,1,0,58,1,1,1,4,6,46137,1
B11211,Manoj Agarwal,37,Pune,daily-wage,0.8,12147,4,0,103000,6,medical,0,1,1,0,3.7,0,0,12168,9302,10780,0.058,0.0463,-0.0127,466,2,0,2,0,2,2,0,67,0.107,0.239,0,1,0,10989,1,4.0,7.8,4,1,21,1,0,0,2,3,27120,2
B11212,Kabir Nair,26,Hyderabad,business,4.6,50658,6,2,379000,12,education,0,2,2,3,26.3,0,49,47283,35128,30958,0.038,0.069,0.0999,362,0,0,2,2,1,2,2,69,0.301,0.227,0,1,0,47144,3,4.8,5.9,3,1,111,1,0,0,4,2,63620,4
B11213,Vikram Das,37,Kochi,business,0.8,18778,4,3,105000,3,medical,0,5,3,4,14.4,1,30,19160,16050,14583,0.163,0.1201,-0.0657,406,1,1,0,2,1,0,0,42,0.228,0.118,0,2,0,27438,1,4.6,8.6,1,0,49,1,1,1,0,3,47731,1
B11214,Kavya Rao,42,Indore,business,2.5,52190,6,0,155000,18,home-repair,0,1,1,1,6.4,0,15,50993,30574,11682,0.056,-0.0651,-0.0421,288,0,0,2,2,1,2,2,82,0.232,0.108,0,2,0,44780,2,3.8,5.5,3,1,74,1,0,0,22,3,75215,1
B11215,Diya Agarwal,28,Mumbai,salaried,3.1,28207,5,1,90000,12,education,0,6,6,0,4.1,0,0,26539,17896,8963,0.057,0.024,-0.0886,372,0,0,2,1,0,2,2,80,0.246,0.072,0,1,0,24753,5,4.0,11.4,0,0,78,2,0,0,21,6,3962,0
B11216,Rajesh Khan,49,Hyderabad,self-employed,6.4,38604,4,0,63000,12,home-repair,0,6,6,1,17.3,0,56,35980,22449,10772,0.096,0.0581,0.0677,313,0,1,2,2,2,2,1,74,0.297,0.098,0,3,0,36719,3,4.3,4.0,3,2,45,0,0,0,24,2,76977,1
B11217,Vihaan Bose,59,Delhi,business,1.7,24983,5,2,214000,12,medical,0,1,1,0,0.2,0,0,26263,17818,22631,0.057,-0.0762,0.025,342,1,2,0,2,2,2,2,45,0.278,0.145,0,1,0,26650,1,4.3,6.4,1,0,38,0,0,0,8,3,78887,1
B11218,Diya Yadav,48,Chennai,self-employed,6.4,58728,3,0,126000,3,home-repair,0,4,4,1,15.1,0,15,56028,37154,14726,0.059,-0.0204,-0.1718,228,0,0,2,2,2,2,2,51,0.098,0.107,0,1,1,59497,4,3.7,5.5,4,1,16,3,1,0,10,1,191954,0
B11219,Neha Khan,23,Delhi,daily-wage,2.7,26322,4,2,45000,18,medical,0,2,2,1,16.3,0,7,22880,13010,10086,0.038,0.0083,-0.0515,378,0,0,1,2,2,2,2,47,0.276,0.075,0,3,0,23796,3,3.9,7.3,3,1,68,0,0,0,31,5,2904,2
B11220,Reyansh Rao,34,Delhi,business,4.5,25507,6,2,202000,18,home-repair,0,2,2,3,6.0,0,47,26667,19380,19815,0.046,-0.0557,0.0027,341,1,2,2,2,1,2,2,39,0.279,0.211,0,3,2,28275,0,0,8.9,1,0,75,4,0,0,3,0,6792,0
B11221,Rahul Singh,27,Ahmedabad,self-employed,4.5,64315,1,0,123000,12,home-repair,0,6,6,2,15.1,0,10,60102,36344,23396,0.076,0.0445,-0.0711,293,0,0,1,2,1,2,2,60,0.399,0.039,0,3,0,64598,3,4.4,8.0,4,0,28,1,0,0,11,2,14369,2
B11222,Arun Patel,45,Delhi,self-employed,1.2,22476,4,0,67000,3,home-repair,1,0,0,0,2.5,0,0,22269,14932,14557,0.072,-0.0619,0.0423,338,1,1,2,0,2,2,2,69,0.306,0.073,0,2,0,22980,0,0,11.0,2,1,39,2,0,0,6,5,44055,5
B11223,Suresh Agarwal,49,Mumbai,self-employed,5.5,66357,1,3,251000,18,personal,0,4,4,0,2.4,0,0,70616,39348,21530,0.061,0.055,-0.1149,353,1,0,2,2,2,2,2,91,0.325,0.041,0,1,0,72042,2,3.6,6.9,4,0,43,2,0,0,35,5,234303,2
B11224,Ravi Das,34,Delhi,salaried,6.4,52492,2,2,160000,12,medical,0,1,1,0,4.1,0,0,54594,34529,16848,0.056,-0.0607,0.1958,351,0,0,2,2,2,2,2,68,0.294,0.054,0,2,1,50681,3,4.4,1.9,0,2,98,2,0,0,27,6,68682,2
B11225,Rahul Verma,59,Chennai,business,8.9,17357,3,2,35000,12,business,0,4,4,0,4.8,0,0,16206,10500,4620,0.066,0.0103,-0.0213,348,0,0,2,2,2,2,2,91,0.24,0.056,0,2,0,15934,2,4.6,2.5,2,3,21,1,1,0,21,5,27717,0
B11226,Rahul Reddy,42,Kolkata,business,2.1,50198,3,2,193000,3,personal,0,2,1,2,15.3,1,29,50947,35848,38886,0.062,0.0013,-0.0151,313,1,1,1,0,1,2,1,73,0.298,0.194,0,1,1,29116,1,3.8,7.9,3,1,56,0,2,0,4,5,120201,1
B11227,Priya Agarwal,52,Delhi,business,0.4,9752,2,4,74000,12,home-repair,1,0,0,0,0.4,0,0,9103,6724,6599,0.072,-0.0446,-0.135,345,2,0,2,0,2,2,2,40,0.342,0.272,0,1,0,8132,3,4.5,7.7,3,1,32,0,1,1,1,2,0,3
B11228,Anil Verma,39,Kolkata,self-employed,7.6,37490,5,2,71000,24,personal,0,5,5,2,24.6,0,27,38724,24084,11433,0.044,0.0005,0.1681,337,0,1,2,2,2,2,2,54,0.213,0.074,0,2,0,35277,6,4.4,5.6,0,0,21,4,1,0,24,4,25016,1
B11229,Kavya Khan,21,Kolkata,business,4.4,33524,6,3,133000,24,personal,0,4,2,4,14.8,1,31,33592,20946,26206,0.044,0.0605,0.0279,318,1,0,2,0,2,2,2,75,0.251,0.212,0,2,0,28877,1,3.8,8.5,0,0,27,1,0,0,8,5,0,3
B11230,Vihaan Verma,47,Mumbai,daily-wage,3.7,42227,4,1,127000,6,personal,0,5,5,2,26.9,0,35,42357,28642,9973,0.034,0.0024,0.0789,380,0,0,2,2,1,2,1,73,0.292,0.063,0,1,0,40717,6,4.0,4.2,1,0,19,4,1,1,12,2,48021,1
B11231,Divya Patel,19,Hyderabad,business,4.0,38560,3,0,85000,12,education,0,4,4,1,24.1,0,8,35848,23505,14709,0.059,-0.0185,-0.0723,311,0,0,2,2,1,1,2,90,0.188,0.027,0,2,0,39259,2,3.6,3.5,4,0,51,2,0,0,7,3,47791,1
B11232,Rajesh Iyer,31,Ahmedabad,salaried,3.3,36761,5,1,63000,18,home-repair,0,3,3,2,6.3,0,52,34690,21174,11921,0.072,-0.0515,0.1431,293,1,0,2,2,2,2,2,83,0.349,0.021,0,1,0,29692,4,3.9,10.0,0,2,58,2,1,0,24,6,13530,0
B11233,Geeta Iyer,30,Lucknow,self-employed,8.8,73102,4,4,178000,12,home-repair,0,7,7,1,24.3,0,14,69930,43571,27244,0.061,0.0102,-0.0863,365,0,0,2,2,2,2,2,84,0.339,0.028,0,1,0,71542,4,4.0,10.2,4,0,29,0,1,1,35,0,184991,1
B11234,Ishaan Reddy,25,Chennai,self-employed,3.0,33949,4,3,112000,6,business,0,4,4,1,18.7,0,54,34040,20456,10313,0.054,-0.0093,0.025,377,0,0,1,2,1,2,2,59,0.358,0.119,0,1,0,35405,6,4.6,3.3,0,3,79,4,1,0,26,1,45046,2
B11235,Rajesh Chopra,44,Mumbai,daily-wage,8.0,63847,6,1,192000,12,education,0,1,1,0,2.1,0,0,64539,40472,16924,0.07,0.0618,-0.0288,318,0,0,2,2,2,2,1,66,0.306,0.068,0,2,0,58016,5,4.2,1.1,0,3,78,4,1,0,14,2,31719,0
B11236,Arjun Pillai,33,Hyderabad,daily-wage,7.3,29806,1,2,112000,6,business,0,5,5,1,10.7,0,51,27359,15010,9456,0.049,0.0006,0.0569,334,0,0,2,2,2,1,2,70,0.313,0.092,0,1,1,28322,6,3.7,11.7,4,2,42,4,0,0,12,2,8904,1
B11237,Arun Gupta,34,Delhi,salaried,8.6,57236,5,4,113000,12,business,0,8,8,0,3.2,0,0,62638,39888,12785,0.019,-0.0461,-0.2358,395,0,0,2,2,2,2,2,85,0.246,0.036,0,1,0,63567,4,3.9,9.1,4,1,97,2,1,0,34,6,91420,0
B11238,Sneha Reddy,50,Mumbai,self-employed,2.7,40120,6,1,302000,18,personal,0,4,4,3,18.6,0,13,40516,29294,36470,0.044,0.0579,0.031,336,0,1,2,2,0,1,2,55,0.383,0.208,0,1,1,35198,0,0,8.5,2,1,69,4,1,0,7,3,37019,4
B11239,Reyansh Pillai,29,Mumbai,self-employed,0.5,42481,2,1,192000,18,education,0,6,4,5,29.9,1,41,41087,28029,35048,0.057,-0.0259,0.1399,355,2,0,1,2,0,2,2,54,0.232,0.238,1,1,2,44173,3,4.6,9.8,2,1,47,2,0,0,4,5,61382,3
B11240,Aarav Rao,30,Delhi,self-employed,4.6,80062,2,0,273000,12,home-repair,0,7,7,0,1.5,0,0,75673,54048,26642,0.037,0.0036,-0.0232,342,0,1,2,2,2,2,2,99,0.334,0.067,0,3,1,80455,3,4.4,4.8,4,1,116,2,0,0,30,3,324674,2
B11241,Vihaan Kulkarni,42,Ahmedabad,self-employed,1.2,40718,4,4,358000,12,business,0,5,5,1,9.1,0,46,38422,29334,28034,0.055,0.0835,-0.2136,338,2,0,0,2,2,0,2,44,0.277,0.033,0,1,0,41134,3,3.6,3.8,4,1,92,3,1,0,4,1,42695,2
B11242,Amit Pillai,36,Kochi,salaried,7.2,46215,4,4,112000,24,home-repair,0,6,6,1,9.7,0,46,45065,27610,14439,0.084,0.0792,-0.0827,325,0,1,2,2,1,2,2,70,0.181,0.102,0,1,0,45386,5,4.2,5.4,2,0,97,3,1,1,13,6,88556,2
B11243,Divya Mishra,34,Mumbai,salaried,5.1,41011,1,2,159000,3,business,0,4,4,1,19.0,0,33,38329,23755,11712,0.051,-0.0055,0.1036,369,0,0,2,2,2,1,2,65,0.287,0.116,0,1,0,38830,6,3.7,2.5,1,0,71,0,0,0,29,6,0,2
B11244,Diya Yadav,20,Chennai,salaried,3.9,91085,1,4,194000,24,business,0,3,3,0,2.2,0,0,87986,56706,32603,0.099,0.048,0.0167,376,0,0,2,2,2,2,2,91,0.28,0.101,0,1,0,94087,4,4.2,8.9,3,2,25,0,1,1,7,6,225146,1
B11245,Divya Sharma,58,Delhi,self-employed,2.2,30108,6,2,136000,12,personal,0,6,3,5,25.5,2,53,28836,21414,29218,0.125,0.0773,0.0685,305,0,1,0,0,0,1,0,68,0.276,0.12,0,1,1,42273,1,3.7,7.8,4,0,45,2,1,0,2,0,51891,4
B11246,Ananya Yadav,19,Mumbai,self-employed,4.0,53603,5,3,148000,6,personal,0,2,2,1,17.3,0,24,52048,33673,13742,0.057,0.0137,0.0804,262,0,0,2,2,2,2,2,52,0.34,0.077,0,1,1,48572,2,4.9,9.4,1,0,66,3,1,0,15,3,111155,1
B11247,Ishaan Agarwal,53,Bengaluru,salaried,5.8,24677,5,3,211000,18,home-repair,0,5,3,4,19.2,1,50,22682,15678,14842,0.091,0.0568,-0.0831,264,1,1,1,0,2,2,2,50,0.398,0.285,0,2,0,20149,2,4.8,10.4,4,1,27,0,1,0,3,6,46707,5
B11248,Vihaan Chopra,25,Mumbai,self-employed,1.7,58148,1,0,224000,12,medical,0,2,2,2,17.1,0,42,55143,32684,19172,0.062,0.0654,0.0069,345,0,0,2,2,2,2,2,81,0.339,0.088,1,1,0,57870,5,3.8,11.6,3,0,106,2,1,1,34,0,37139,1
B11249,Pooja Singh,38,Hyderabad,daily-wage,0.3,34277,4,2,150000,6,education,0,5,2,4,10.7,2,11,33441,24582,18531,0.039,0.0026,-0.0874,266,1,0,0,1,0,2,1,51,0.328,0.169,0,5,0,20770,3,4.0,4.5,3,0,107,4,0,0,1,4,33925,1
B11250,Pooja Chopra,31,Indore,salaried,13.7,74520,6,2,226000,24,business,0,3,3,0,1.1,0,0,67889,38641,24223,0.055,-0.0054,0.0967,391,1,0,2,2,2,2,2,99,0.317,0.09,0,1,0,59663,6,3.6,7.4,4,2,23,3,1,1,18,6,226866,1
B11251,Sai Kulkarni,39,Mumbai,business,4.2,23155,6,3,178000,18,education,0,2,2,2,14.9,0,43,23094,19154,18685,0.044,0.0585,0.0609,410,0,0,2,2,1,2,1,48,0.153,0.084,0,1,0,19653,3,4.9,2.6,3,1,117,0,1,1,8,1,33948,1
B11252,Kabir Das,27,Chennai,salaried,2.8,20635,4,1,136000,6,personal,0,2,2,2,5.5,0,17,19513,14094,20700,0.074,0.0711,-0.0474,361,1,0,2,0,2,2,2,58,0.323,0.175,0,1,0,17736,2,4.8,7.8,3,1,54,3,1,0,5,6,0,0
B11253,Anita Patel,25,Nagpur,daily-wage,5.3,49039,3,4,81000,3,medical,0,5,5,2,5.5,0,33,45641,25684,20755,0.037,0.0753,-0.025,346,0,0,1,1,2,2,1,43,0.424,0.047,0,1,0,44049,5,4.5,11.8,1,2,104,3,1,0,11,5,12664,2
B11254,Rahul Reddy,49,Delhi,salaried,7.3,82923,3,0,211000,24,medical,0,4,4,1,12.6,0,49,74229,50020,22798,0.05,-0.0199,0.0619,304,0,0,2,2,2,2,2,99,0.22,0.115,0,1,0,72435,4,5.0,11.0,3,3,117,0,0,0,33,6,298213,2
B11255,Kavitha Yadav,19,Bengaluru,self-employed,10.5,61915,5,0,206000,18,medical,0,3,3,0,0.9,0,0,62677,40288,20563,0.09,0.0468,-0.0395,279,0,0,2,2,2,2,2,83,0.362,0.118,0,1,0,56781,2,5.0,4.4,0,3,101,3,0,0,13,3,93537,0
B11256,Sneha Iyer,47,Kolkata,daily-wage,3.7,33908,5,2,212000,12,personal,0,5,3,4,4.1,1,38,35405,22778,20014,0.057,0.0111,0.0052,303,2,1,2,2,2,2,0,54,0.346,0.077,0,3,0,32435,2,3.6,10.9,2,0,34,1,1,0,7,4,70035,5
B11257,Aadhya Pillai,23,Pune,business,3.8,76395,4,2,199000,18,education,0,7,7,1,21.3,0,47,74766,40111,20642,0.057,-0.0107,0.1486,275,0,0,2,1,2,2,2,83,0.294,0.036,0,3,0,69866,5,4.9,10.1,4,1,37,2,1,0,11,5,215641,0
B11258,Sneha Verma,58,Indore,self-employed,7.0,67427,6,3,119000,6,business,0,7,7,0,2.5,0,0,69348,42177,19307,0.072,0.0909,-0.0761,434,0,0,1,2,2,2,2,82,0.181,0.081,0,1,0,72407,4,4.9,4.9,4,0,56,3,0,0,9,0,311723,1
B11259,Vikram Rao,45,Kolkata,salaried,1.6,56634,4,0,220000,12,education,0,1,1,0,3.7,0,0,56072,36258,19071,0.039,0.043,0.0885,343,0,0,1,2,2,2,2,49,0.174,0.087,0,1,1,50658,2,3.9,10.5,2,3,118,0,1,0,32,6,80049,1
B11260,Meera Bose,43,Surat,self-employed,5.0,62345,4,4,141000,6,home-repair,0,7,7,1,15.5,0,57,62712,42974,17024,0.042,0.0364,0.1642,277,0,1,2,2,2,2,2,63,0.183,0.052,0,1,0,57356,6,5.0,5.1,0,2,95,0,0,0,14,4,209770,0
B11261,Rahul Mishra,34,Ahmedabad,business,2.0,45365,4,1,316000,24,personal,0,1,1,3,10.7,0,9,43304,26111,25106,0.067,0.0409,-0.0407,263,0,0,2,0,0,2,1,48,0.186,0.205,0,1,0,40316,0,0,10.4,2,1,18,1,1,1,7,0,0,1
B11262,Anita Mishra,48,Delhi,salaried,3.2,31253,1,4,206000,6,education,0,4,4,3,10.0,0,51,29754,19809,22552,0.084,0.0399,-0.1464,320,0,0,2,2,2,0,2,53,0.291,0.107,0,1,2,31129,1,3.7,7.1,0,1,118,1,1,0,7,6,10239,2
B11263,Anita Mishra,44,Hyderabad,salaried,1.2,34131,3,3,214000,18,medical,0,2,0,4,13.0,1,9,35751,24886,19799,0.057,-0.0877,-0.0343,361,0,0,2,2,2,2,2,68,0.361,0.296,0,1,0,36194,2,4.7,2.3,0,0,21,4,0,0,6,6,43046,3
B11264,Kiran Nair,50,Delhi,daily-wage,7.6,76227,1,3,282000,24,education,0,7,7,1,11.0,0,50,77000,47941,21994,0.071,0.0816,0.0364,257,0,0,2,2,2,2,2,93,0.273,0.064,0,2,0,80286,6,4.9,4.3,0,3,118,3,0,0,34,4,296620,1
B11265,Sara Verma,41,Bengaluru,daily-wage,0.7,18108,3,3,147000,12,personal,0,3,0,2,25.7,3,7,18017,11786,14272,0.12,0.0987,0.1497,316,1,1,2,0,0,2,0,45,0.385,0.091,0,1,0,21928,2,4.7,7.7,3,0,31,1,2,2,2,1,12366,1
B11266,Rohan Kulkarni,51,Delhi,salaried,5.0,49882,2,0,123000,6,medical,0,2,2,1,20.9,0,26,49632,34201,38895,0.04,-0.0271,-0.0935,366,0,1,2,0,2,2,2,40,0.32,0.19,0,1,0,48957,0,0,7.3,4,0,73,1,1,0,8,6,72300,1
B11267,Arun Kulkarni,35,Jaipur,salaried,7.0,24272,4,1,91000,12,business,0,1,1,2,8.1,0,9,22994,13575,8262,0.042,-0.0262,-0.0234,265,0,0,2,2,2,2,2,73,0.167,0.114,0,2,1,19978,6,3.7,2.6,0,0,65,0,0,0,18,6,23841,2
B11268,Sara Mishra,34,Bengaluru,salaried,1.7,48911,4,2,125000,12,medical,0,3,2,3,12.0,1,45,48138,31165,29395,0.085,0.1365,0.2078,217,0,0,0,1,1,1,2,60,0.243,0.164,0,1,0,44549,1,4.6,9.5,3,1,112,1,1,0,4,3,63594,4
B11269,Kavitha Patel,50,Delhi,self-employed,4.7,18476,3,1,130000,3,medical,0,3,2,4,14.4,0,34,18356,13353,10518,0.056,0.0726,0.0853,417,2,1,2,2,1,2,2,46,0.244,0.062,0,1,1,19606,2,4.8,11.1,3,1,100,2,0,0,6,2,34624,4
B11270,Rahul Patel,38,Mumbai,salaried,3.6,38866,4,1,281000,6,business,0,3,2,4,26.5,0,53,40092,25188,27787,0.072,0.068,-0.1756,340,2,1,2,2,2,2,0,76,0.265,0.121,0,3,0,37769,3,3.9,10.5,2,1,61,0,0,0,2,6,76280,5
B11271,Deepak Reddy,45,Chennai,daily-wage,2.2,28721,2,1,84000,12,personal,0,4,4,1,6.3,0,32,28111,18550,8420,0.022,0.0116,0.0233,359,0,1,2,2,2,2,1,78,0.284,0.088,0,1,0,30136,3,3.7,6.2,0,3,17,3,0,0,29,5,26277,2
B11272,Manoj Patel,38,Bengaluru,business,9.5,73558,3,2,235000,3,medical,0,8,8,1,25.2,0,10,69884,45889,22395,0.071,0.0242,-0.0561,338,0,0,2,2,2,2,2,99,0.353,0.042,0,1,0,76509,6,4.3,3.2,4,1,119,3,0,0,28,2,299255,1
B11273,Diya Pillai,41,Mumbai,salaried,5.6,45205,5,2,391000,6,medical,0,3,3,2,18.8,0,28,45242,35512,32640,0.055,0.0446,-0.0145,295,1,1,0,2,2,2,2,55,0.407,0.223,0,1,1,45380,0,0,3.3,2,1,75,3,0,0,2,6,98934,1
B11274,Meera Nair,46,Bengaluru,salaried,1.5,50102,1,2,128000,6,medical,0,1,1,3,15.9,0,37,48484,30548,43762,0.061,-0.0315,-0.0998,307,0,3,0,2,2,2,2,54,0.319,0.066,0,1,1,50570,3,3.9,6.9,1,0,57,0,1,0,8,6,83108,0
B11275,Ravi Patel,46,Kochi,salaried,4.4,34655,6,2,126000,12,medical,0,6,6,2,7.7,0,45,31328,19219,11312,0.059,-0.0371,0.018,292,0,0,1,2,2,2,2,75,0.35,0.038,0,3,0,28952,6,3.7,11.3,2,0,92,0,0,0,18,6,92275,1
B11276,Kavya Iyer,31,Mumbai,self-employed,1.5,38547,6,3,240000,24,business,0,1,1,3,14.9,0,12,40062,27912,23306,0.081,0.0562,0.1877,292,2,2,0,0,2,2,2,63,0.297,0.276,0,2,0,39788,3,4.5,10.9,1,1,74,0,0,0,1,4,92002,4
B11277,Aarav Iyer,41,Delhi,salaried,9.4,80274,1,0,155000,6,home-repair,0,3,3,0,5.0,0,0,81367,50262,28005,0.04,0.0625,0.0527,272,0,0,2,2,2,2,2,93,0.315,0.115,0,1,0,83739,3,3.6,8.5,2,0,99,3,1,1,34,6,124304,1
B11278,Anita Gupta,35,Chennai,self-employed,3.1,60275,6,1,147000,3,business,0,3,3,0,3.9,0,0,61361,38913,19776,0.043,-0.0227,-0.0194,402,0,0,2,2,2,2,2,98,0.281,0.107,0,1,0,59324,6,4.5,2.7,1,0,112,2,0,0,20,2,55222,2
B11279,Sneha Nair,36,Mumbai,salaried,3.5,20331,1,4,138000,12,home-repair,0,1,1,2,13.2,0,6,20296,14393,14743,0.044,0.0416,0.028,420,1,2,0,2,2,0,2,57,0.261,0.105,0,1,2,22003,1,3.8,9.3,4,0,19,4,0,0,6,6,9917,0
B11280,Sara Chopra,23,Chennai,self-employed,7.8,42058,2,0,78000,12,education,0,5,5,0,2.9,0,0,40478,27090,12602,0.079,-0.0434,0.0521,294,0,0,1,1,2,2,2,60,0.397,0.022,0,3,0,36165,2,4.5,8.0,0,2,65,0,0,0,21,5,69258,2
B11281,Meera Mehta,39,Mumbai,salaried,11.8,87058,6,4,144000,6,personal,0,4,4,0,2.2,0,0,81838,50361,26299,0.064,0.0988,0.172,336,0,0,2,2,2,2,2,83,0.279,0.117,0,1,0,78597,5,3.5,6.8,1,1,22,3,0,0,33,6,135458,0
B11282,Kavya Bose,27,Pune,salaried,12.3,56870,6,1,176000,12,medical,0,8,8,0,4.8,0,0,54605,35328,20952,0.094,0.0618,0.0566,353,0,0,2,1,2,2,2,99,0.25,0.104,1,1,0,57994,4,4.7,8.3,3,0,61,3,0,0,15,6,210835,1
B11283,Nikhil Gupta,25,Ahmedabad,daily-wage,3.1,88793,2,2,347000,6,education,0,6,6,0,0.4,0,0,84462,60128,31971,0.053,-0.0594,0.0524,347,0,0,2,2,2,2,2,99,0.283,0.069,0,3,0,85753,6,3.8,1.2,1,3,55,0,0,0,34,2,165239,0
B11284,Krishna Singh,39,Mumbai,salaried,1.9,35619,2,1,252000,3,education,0,2,2,1,5.6,0,10,35467,25679,19530,0.054,0.0484,0.0191,261,2,0,1,2,0,2,2,75,0.266,0.03,1,2,0,31895,3,4.3,8.3,0,0,56,3,0,0,7,6,8105,3
B11285,Amit Gupta,38,Delhi,daily-wage,7.7,38968,4,2,120000,12,business,0,6,6,2,16.8,0,53,38836,23510,15138,0.035,0.0674,-0.0319,373,0,0,2,2,1,2,2,63,0.346,0.101,0,4,0,40049,3,3.9,3.5,2,2,85,4,0,0,11,1,50326,1
B11286,Sunita Chopra,26,Bengaluru,salaried,7.6,77545,3,3,144000,18,personal,0,6,6,1,8.0,0,37,68683,43254,19157,0.038,-0.0235,-0.1491,361,0,0,2,2,2,2,2,78,0.341,0.085,0,1,0,66913,4,4.3,11.2,4,0,41,1,0,0,32,6,254514,0
B11287,Myra Reddy,27,Chennai,daily-wage,8.5,86467,5,3,339000,18,business,0,5,5,0,3.3,0,0,85321,53506,29272,0.049,-0.0364,0.0241,331,0,0,2,1,2,2,1,69,0.381,0.091,0,1,0,80099,6,4.8,9.3,1,2,47,4,0,0,8,2,280147,1
B11288,Sneha Singh,27,Lucknow,self-employed,5.7,66480,1,4,109000,18,business,0,5,5,0,1.1,0,0,68090,42594,19876,0.049,0.0169,-0.0354,232,0,1,2,2,2,0,2,63,0.429,0.036,0,1,0,65797,5,4.2,8.4,0,3,98,4,0,0,8,0,260155,2
B11289,Priya Gupta,40,Bengaluru,self-employed,4.4,22484,2,3,51000,12,medical,0,1,1,2,26.2,0,53,22956,13430,13501,0.039,0.0995,-0.2278,346,1,0,0,1,2,1,2,58,0.436,0.081,0,1,1,24745,0,0,5.9,1,1,113,0,0,0,5,3,38759,4
B11290,Kabir Agarwal,38,Delhi,daily-wage,2.3,46084,5,4,70000,18,medical,0,5,5,0,2.6,0,0,46970,30967,16354,0.051,0.0617,0.0353,310,0,0,1,2,2,2,2,80,0.349,0.075,1,1,0,49176,5,4.2,2.3,4,0,95,4,0,0,7,4,33986,0
B11291,Myra Iyer,40,Mumbai,daily-wage,1.8,27261,6,1,87000,3,business,0,4,4,1,15.3,0,23,29451,20993,19552,0.057,0.0246,0.1663,371,3,0,2,1,2,2,1,45,0.274,0.045,0,1,0,29275,0,0,8.9,3,0,113,3,0,0,4,4,26880,2
B11292,Arjun Kulkarni,21,Indore,daily-wage,1.8,17826,4,4,51000,12,personal,1,0,0,0,2.8,0,0,17754,13518,12188,0.051,0.1095,0.0982,311,3,0,0,0,2,2,0,57,0.272,0.287,0,1,0,17376,0,0,9.6,2,0,30,3,1,1,4,3,27336,5
B11293,Ishaan Gupta,36,Delhi,business,0.9,21296,3,2,132000,12,education,0,1,1,0,2.0,0,0,20403,12955,17628,0.034,0.0251,-0.0662,384,0,1,2,2,0,0,2,48,0.255,0.055,0,1,1,18693,2,4.2,7.4,1,1,26,0,0,0,2,4,25515,4
B11294,Nikhil Nair,32,Hyderabad,daily-wage,13.8,63554,4,1,122000,12,medical,0,6,6,0,3.6,0,0,62772,40317,22871,0.028,0.0234,-0.1064,276,0,0,2,2,1,1,2,94,0.212,0.037,0,1,0,54938,5,4.9,6.8,3,0,75,4,0,0,16,4,233428,0
B11295,Kiran Bose,53,Ahmedabad,self-employed,4.9,21858,3,1,123000,18,education,0,2,2,2,18.8,0,32,20871,16539,14050,0.086,0.0366,0.0101,372,2,1,2,2,2,2,2,37,0.229,0.217,0,2,0,21096,3,4.7,3.3,3,0,88,0,0,0,2,3,16994,0
B11296,Geeta Khan,27,Mumbai,self-employed,1.3,36620,5,1,296000,6,medical,0,1,1,1,20.1,0,39,35510,27972,23962,0.049,-0.0873,0.0034,336,2,1,0,2,1,2,0,48,0.373,0.211,0,1,0,37372,1,3.8,5.1,1,0,111,3,0,0,4,5,54772,4
B11297,Pooja Verma,33,Mumbai,salaried,3.9,51022,3,1,181000,12,education,0,4,4,2,13.6,0,12,52528,30353,17276,0.043,0.05,0.0312,322,0,0,2,2,2,2,2,71,0.247,0.078,0,1,0,48566,3,3.6,11.0,3,1,105,2,1,0,16,6,118080,2
B11298,Ira Reddy,37,Bengaluru,salaried,3.0,46371,6,1,161000,18,personal,0,5,5,1,25.4,0,19,41920,27247,15650,0.061,-0.074,-0.1222,359,0,0,2,2,2,2,2,77,0.359,0.046,0,2,0,37613,4,3.5,8.9,0,0,37,2,1,0,33,6,67935,0
B11299,Rajesh Iyer,41,Hyderabad,self-employed,1.6,53935,5,2,313000,6,business,0,2,0,6,7.7,3,50,49473,30380,34435,0.135,0.1323,-0.1027,340,1,1,2,0,0,0,2,60,0.388,0.231,1,1,0,27324,1,4.9,7.0,0,1,63,3,1,0,7,1,168917,1
B11300,Kiran Joshi,30,Hyderabad,self-employed,2.4,21729,4,2,58000,3,business,0,2,1,4,29.1,0,18,20715,16594,17980,0.066,-0.0214,0.0868,372,1,1,2,2,2,2,1,40,0.357,0.081,0,1,0,21944,2,3.9,11.5,4,0,39,2,1,1,1,3,29343,5
B11301,Anil Pillai,34,Mumbai,salaried,5.9,42148,5,4,87000,12,home-repair,0,3,2,3,27.3,1,22,36834,27142,24890,0.02,-0.0881,0.1264,274,1,2,2,0,2,0,0,48,0.326,0.205,0,1,1,32073,1,4.1,10.0,3,0,84,1,0,0,2,6,90662,0
B11302,Rohan Pillai,26,Chennai,salaried,8.7,78750,5,4,159000,3,home-repair,0,7,7,1,7.0,0,47,77955,48788,26316,0.059,0.0114,0.0211,317,0,0,2,2,2,2,2,77,0.343,0.077,0,1,0,84137,6,4.0,11.1,3,1,76,0,1,0,19,6,84918,2
B11303,Priya Nair,21,Mumbai,self-employed,14.8,79726,6,0,239000,3,education,0,8,8,0,1.0,0,0,81302,55009,22310,0.085,0.0514,-0.1305,366,0,0,2,2,2,2,2,99,0.333,0.052,0,1,1,85549,3,3.7,7.9,1,2,67,2,1,1,27,3,255186,2
B11304,Ananya Singh,23,Indore,daily-wage,0.0,25904,3,1,81000,6,home-repair,0,1,1,0,2.5,0,0,24767,14997,18960,0.059,-0.0513,0.0214,307,1,0,2,0,2,1,2,61,0.403,0.103,0,1,1,23636,0,0,4.7,2,0,81,3,0,0,1,5,23189,1
B11305,Aadhya Iyer,42,Mumbai,salaried,14.1,65467,3,3,214000,6,personal,0,2,2,1,14.5,0,24,63389,37200,18346,0.018,-0.0505,-0.1214,350,0,0,2,2,2,2,2,85,0.293,0.082,0,1,0,62562,6,4.5,7.6,2,3,114,2,1,0,21,6,209761,2
B11306,Pooja Mehta,41,Delhi,salaried,3.0,59775,4,2,127000,6,home-repair,0,3,3,1,25.4,0,48,54534,33964,15426,0.067,-0.0577,-0.0959,382,0,0,2,2,2,2,2,99,0.324,0.11,0,2,0,52289,4,4.4,1.7,3,2,18,2,0,0,32,6,208915,0
B11307,Nikhil Chopra,27,Delhi,self-employed,1.0,50653,1,2,207000,24,education,0,5,5,3,14.6,0,41,49220,33742,37949,0.059,-0.0385,-0.2075,449,1,1,1,2,2,2,2,62,0.154,0.083,0,1,0,44273,1,4.3,6.9,2,1,88,4,1,1,9,1,91858,1
B11308,Rahul Rao,35,Kolkata,daily-wage,0.4,16594,4,4,98000,24,medical,0,1,1,0,1.9,0,0,16600,11228,14144,0.042,0.0153,-0.0415,338,0,0,2,0,0,0,2,35,0.253,0.089,0,1,2,17442,0,0,11.1,4,1,63,1,1,1,7,2,47892,4
B11309,Kabir Nair,30,Delhi,business,5.6,34149,2,4,117000,24,medical,0,5,5,0,2.2,0,0,31730,21036,10136,0.052,0.0038,-0.0349,367,0,0,2,2,2,2,1,74,0.133,0.081,0,1,1,33900,4,3.6,9.3,1,1,63,3,1,0,18,3,44805,0
B11310,Kiran Nair,54,Mumbai,salaried,5.7,24349,5,3,168000,18,education,0,2,2,2,6.1,0,22,23172,14123,18196,0.06,0.0496,0.0783,278,1,1,2,1,2,2,2,49,0.469,0.169,0,4,0,21554,1,3.9,7.6,1,0,87,1,0,0,2,6,59807,3
B11311,Neha Nair,29,Mumbai,salaried,3.8,65721,2,1,162000,6,business,0,5,5,1,22.4,0,22,64585,37026,16794,0.032,0.0307,-0.1722,417,0,0,2,2,2,2,2,76,0.188,0.07,0,1,2,70030,3,4.7,9.1,3,0,111,4,1,0,15,6,146262,1
B11312,Sneha Das,40,Bengaluru,self-employed,3.0,58526,5,2,145000,24,medical,0,2,2,0,3.9,0,0,55859,35017,18716,0.061,0.0508,-0.0677,339,0,0,2,1,2,2,2,59,0.246,0.116,1,2,0,51112,4,3.5,1.9,0,2,16,1,0,0,7,3,19686,0
B11313,Sunita Pillai,26,Delhi,salaried,3.4,78106,2,3,183000,6,business,0,6,6,0,4.5,0,0,81759,47377,27701,0.062,-0.0357,-0.065,296,1,0,2,2,2,2,2,83,0.451,0.116,0,2,1,77449,4,4.9,1.4,4,2,15,3,1,1,24,6,17560,0
B11314,Diya Kulkarni,35,Jaipur,salaried,4.2,27278,5,2,43000,12,personal,0,6,6,1,20.7,0,15,26597,18549,8206,0.041,-0.0351,-0.0962,272,0,0,2,2,2,2,2,56,0.436,0.119,0,2,0,27274,3,4.3,10.6,1,0,42,2,1,1,18,6,41351,0
B11315,Sanjay Agarwal,32,Nagpur,salaried,4.4,23611,1,1,60000,24,medical,0,5,4,2,16.6,1,16,23967,19530,19072,0.047,-0.0305,0.0285,253,0,1,2,0,2,2,0,64,0.305,0.187,0,1,2,20463,0,0,6.1,3,0,103,1,0,0,2,6,31113,1
B11316,Myra Chopra,37,Delhi,salaried,0.4,33321,3,3,222000,6,business,0,6,2,4,6.7,3,42,33669,27365,29742,0.101,0.0599,0.0557,307,1,1,1,1,2,2,2,59,0.277,0.076,1,2,0,48123,2,4.0,6.9,2,1,36,4,3,3,5,2,35799,1
B11317,Kabir Reddy,28,Bengaluru,daily-wage,8.7,50493,1,3,86000,6,personal,0,3,3,1,9.5,0,13,50281,30871,16056,0.075,-0.0226,0.1333,360,0,0,2,1,2,2,2,99,0.208,0.02,0,1,0,46279,6,4.0,4.3,0,2,68,4,0,0,19,5,196009,2
B11318,Anita Reddy,35,Kochi,salaried,3.5,31803,1,3,104000,12,home-repair,0,1,0,4,11.1,0,8,31730,23202,24926,0.045,-0.024,0.057,269,1,0,2,0,1,2,2,45,0.259,0.097,0,1,0,27210,3,3.6,10.3,1,1,73,2,1,0,6,6,0,1
B11319,Kabir Nair,49,Hyderabad,salaried,1.6,11988,5,2,106000,18,education,0,1,1,0,3.8,0,0,11033,7360,10124,0.07,0.0757,0.1019,336,0,2,2,0,2,2,1,52,0.428,0.169,0,1,0,9845,2,4.0,5.8,2,0,94,2,1,1,2,6,12032,5
B11320,Deepak Verma,53,Surat,salaried,4.7,41872,5,2,74000,12,business,0,1,1,1,28.4,0,48,41273,28419,12846,0.031,-0.0393,0.0476,315,0,0,2,2,2,1,2,71,0.373,0.058,0,1,0,44462,3,3.8,11.1,3,0,77,3,0,0,29,6,131047,0
B11321,Sunita Iyer,19,Lucknow,daily-wage,6.7,37014,6,1,85000,12,business,0,6,6,1,15.4,0,9,38231,20952,11996,0.069,0.0139,-0.0124,332,0,0,2,2,1,2,2,66,0.203,0.029,0,1,1,40162,6,3.9,4.7,2,1,118,4,1,1,8,5,0,2
B11322,Ira Pillai,24,Bengaluru,salaried,2.6,39774,4,0,93000,12,home-repair,0,4,4,0,2.3,0,0,36864,19595,12105,0.031,-0.0507,-0.0083,301,1,0,2,2,2,0,1,61,0.375,0.116,0,1,0,34274,4,4.4,7.4,4,1,104,4,0,0,30,6,0,2
B11323,Aarav Iyer,43,Delhi,daily-wage,1.2,14961,4,3,41000,18,education,1,0,0,0,0.1,0,0,14251,8882,11178,0.078,-0.0288,0.1033,296,0,1,2,0,0,1,2,50,0.216,0.085,0,2,0,13174,3,4.1,10.8,2,1,81,1,1,1,1,3,30826,3
B11324,Ira Pillai,39,Bengaluru,self-employed,7.0,87940,6,4,273000,12,personal,0,6,6,0,0.9,0,0,81973,56154,25276,0.066,-0.0288,0.0285,392,0,0,2,2,2,2,2,89,0.335,0.097,0,1,1,71926,4,4.1,8.9,0,1,97,0,1,1,18,0,293712,0
B11325,Vihaan Khan,27,Hyderabad,self-employed,6.0,45756,6,0,158000,12,medical,0,3,3,1,11.5,0,33,46729,33247,16390,0.069,0.0381,0.0253,247,0,0,2,2,1,2,1,79,0.271,0.072,0,1,1,51100,2,4.1,9.2,0,0,107,0,0,0,19,2,73216,2
B11326,Neha Das,38,Delhi,salaried,10.0,73524,3,0,280000,12,personal,0,8,8,1,24.7,0,16,75081,43208,24396,0.027,0.0903,0.1692,211,0,0,2,2,2,2,2,82,0.232,0.068,1,1,0,74114,6,3.5,2.2,0,0,75,0,0,0,6,6,312253,1
B11327,Reyansh Patel,28,Bengaluru,salaried,10.4,98179,4,4,369000,12,medical,0,7,7,0,1.3,0,0,91363,54360,24306,0.062,-0.0572,-0.021,358,0,0,2,2,2,2,2,88,0.387,0.115,0,1,0,77865,6,3.6,7.9,4,2,119,1,0,0,15,6,340074,1
B11328,Amit Kulkarni,45,Jaipur,self-employed,1.4,21830,5,4,142000,3,personal,0,3,1,5,20.9,1,26,19941,13718,14800,0.079,-0.0024,0.1557,397,0,2,0,1,0,1,1,38,0.219,0.196,0,3,0,15193,0,0,1.9,4,1,102,3,0,0,0,3,0,1
B11329,Ravi Sharma,38,Delhi,business,3.2,54959,6,1,165000,6,home-repair,0,4,4,1,5.8,0,58,54228,40387,18263,0.066,0.0412,-0.0199,275,0,0,2,2,2,2,1,67,0.393,0.051,0,4,0,51952,5,4.1,2.5,4,2,16,1,0,0,29,2,160271,1
B11330,Ishaan Khan,50,Delhi,salaried,4.0,32813,6,4,211000,3,education,0,5,4,1,17.2,1,18,33639,22713,22524,0.061,0.0678,0.159,248,2,0,2,2,2,0,1,68,0.378,0.136,0,1,1,31512,2,4.7,5.0,4,1,61,0,1,0,1,6,13039,1
B11331,Anita Kulkarni,40,Bengaluru,self-employed,0.1,24898,4,1,57000,24,education,1,0,0,0,3.0,0,0,23030,14912,19414,0.084,0.0582,-0.0929,339,1,0,2,2,0,0,2,52,0.402,0.258,0,1,0,23208,1,3.8,1.6,4,0,53,3,1,1,2,5,40135,4
B11332,Ira Mehta,46,Delhi,salaried,11.9,91758,1,0,295000,12,home-repair,0,2,2,1,22.5,0,14,87650,56975,28549,0.063,0.0864,0.001,351,0,0,2,2,2,2,1,56,0.284,0.106,0,1,0,87941,3,4.9,9.5,2,0,53,3,1,0,13,6,357636,1
B11333,Myra Joshi,44,Bengaluru,business,3.3,66326,6,3,218000,18,business,0,4,4,2,25.6,0,25,62958,39443,17700,0.076,-0.0414,0.0139,234,0,0,2,2,1,1,1,84,0.298,0.052,0,1,0,65842,4,4.4,6.6,1,3,109,0,1,1,13,1,16876,0
B11334,Priya Singh,34,Bengaluru,business,2.1,55881,6,3,86000,6,home-repair,0,6,6,2,8.8,0,25,55302,37242,19400,0.066,0.077,0.0644,359,0,2,2,2,2,2,2,74,0.445,0.055,0,1,1,58750,3,4.6,9.6,1,1,36,4,0,0,17,4,104045,2
B11335,Kavya Verma,47,Mumbai,daily-wage,1.1,17194,3,2,130000,3,personal,0,1,1,0,3.3,0,0,16056,10900,14211,0.06,0.0932,0.0274,378,1,1,2,2,2,2,2,31,0.253,0.024,1,1,0,14951,3,4.8,1.6,0,1,101,0,0,0,9,4,22981,4
B11336,Amit Khan,25,Chennai,salaried,5.3,41605,5,1,228000,6,medical,0,5,5,3,20.1,0,24,45343,28888,26502,0.013,-0.046,-0.1499,307,1,0,2,2,2,0,2,66,0.233,0.091,0,3,0,38794,2,4.1,9.5,2,0,99,0,1,1,4,6,37946,4
B11337,Amit Gupta,44,Delhi,salaried,3.0,82900,3,3,263000,24,home-repair,0,3,3,1,9.8,0,23,84628,50879,27877,0.036,0.0124,0.047,401,0,0,2,2,2,2,1,93,0.307,0.098,0,2,0,84939,5,4.2,10.7,2,0,47,3,1,1,13,6,278416,1
B11338,Amit Mehta,39,Bengaluru,self-employed,2.9,40341,1,0,294000,12,business,0,2,1,3,6.4,1,30,39793,31307,26093,0.045,0.0233,-0.2842,327,1,1,1,2,1,2,2,48,0.299,0.082,0,3,0,35642,0,0,1.1,3,0,113,4,1,0,3,0,20874,4
B11339,Neha Chopra,46,Delhi,salaried,3.9,30985,4,2,64000,3,home-repair,0,4,3,3,28.1,1,50,30628,22704,14457,0.064,0.0298,0.1001,348,0,0,0,2,1,2,0,60,0.381,0.075,0,2,0,28450,0,0,3.0,4,1,60,2,0,0,2,6,98544,3
B11340,Sai Gupta,41,Indore,daily-wage,13.1,80906,1,2,156000,12,medical,0,4,4,0,1.1,0,0,74269,46432,31057,0.046,0.0118,-0.0762,330,1,0,2,2,2,2,2,93,0.394,0.093,0,1,0,65752,4,4.4,9.9,3,3,91,3,0,0,30,0,298255,1
B11341,Rahul Reddy,35,Kochi,self-employed,2.2,65050,6,2,155000,18,home-repair,0,1,1,1,21.8,0,10,61008,37392,24501,0.055,-0.0749,-0.0463,308,0,0,2,2,2,2,2,68,0.271,0.095,0,1,0,53343,3,4.6,3.6,2,3,59,4,0,0,6,3,148003,0
B11342,Ira Verma,44,Hyderabad,business,0.1,34849,3,0,80000,18,education,0,2,0,6,28.2,2,23,32298,22843,27377,0.039,0.0192,-0.0628,342,1,0,2,1,2,0,2,63,0.211,0.227,1,5,0,46948,0,0,6.9,4,0,84,1,3,0,3,4,41207,3
B11343,Ishaan Verma,32,Hyderabad,self-employed,5.2,47239,1,0,82000,18,business,0,4,4,2,24.3,0,46,48759,34124,15810,0.054,0.0295,0.164,388,1,0,2,2,1,2,2,50,0.168,0.059,0,1,0,52951,4,4.7,3.6,0,0,51,2,1,1,34,3,16454,0
B11344,Diya Sharma,49,Lucknow,daily-wage,2.1,40881,4,4,134000,6,education,0,2,2,2,25.5,0,32,37866,20779,14533,0.045,-0.0361,0.1316,304,0,0,1,2,2,2,2,63,0.19,0.021,0,1,0,41010,6,4.2,1.1,0,0,44,3,1,1,29,5,39206,0
B11345,Geeta Iyer,35,Pune,salaried,2.4,43531,6,3,208000,6,personal,0,2,0,6,22.3,1,55,40107,26898,33291,0.085,0.0024,-0.0603,371,0,0,2,0,0,2,0,59,0.324,0.133,0,5,0,23796,2,4.4,4.4,1,1,81,2,3,0,0,1,88671,3
B11346,Sneha Joshi,26,Pune,salaried,7.0,25546,6,0,70000,12,home-repair,0,4,4,0,4.9,0,0,26752,16372,8081,0.056,-0.0845,-0.105,362,0,0,1,2,2,1,2,47,0.196,0.113,0,1,2,27621,5,4.2,5.5,0,1,34,1,0,0,19,6,2867,2
B11347,Kavitha Khan,58,Bengaluru,self-employed,6.1,54407,3,3,92000,18,education,0,1,1,0,0.3,0,0,58500,38507,16617,0.06,-0.0258,-0.1273,397,0,0,2,1,2,2,2,70,0.313,0.038,0,1,1,58880,6,4.4,3.8,0,1,62,3,1,1,35,3,119931,0
B11348,Krishna Iyer,38,Bengaluru,salaried,3.1,50755,2,3,184000,6,home-repair,0,3,3,1,10.5,0,23,48078,30742,14237,0.029,-0.0025,-0.124,326,0,0,2,2,2,2,2,71,0.42,0.042,0,1,0,48034,6,4.7,6.2,3,1,70,0,0,0,18,6,0,2
B11349,Suresh Gupta,38,Bengaluru,salaried,10.3,73175,1,3,252000,18,medical,0,2,2,0,3.7,0,0,72595,47428,18438,0.06,0.036,-0.0048,286,1,0,2,1,2,2,2,80,0.308,0.066,0,1,0,62776,3,4.6,8.6,0,0,26,2,1,1,31,6,246286,2
B11350,Myra Khan,31,Delhi,salaried,5.5,31369,3,1,228000,24,personal,0,1,0,4,18.7,1,21,34658,27622,28924,0.034,0.0146,0.0209,373,1,1,0,2,0,2,2,85,0.271,0.243,0,2,1,34998,3,4.9,5.1,2,1,29,1,0,0,3,6,61804,2
B11351,Amit Joshi,27,Pune,salaried,3.7,65321,1,3,229000,12,personal,0,6,6,1,5.1,0,39,64009,37474,21300,0.065,0.0844,0.0747,321,0,0,2,2,2,2,1,86,0.386,0.084,0,3,1,62795,5,3.8,3.4,4,0,106,2,0,0,28,6,151205,1
B11352,Ira Khan,24,Ahmedabad,self-employed,4.4,35583,6,1,295000,3,home-repair,0,3,3,2,21.3,0,20,34920,28522,38823,0.061,-0.0148,0.0369,304,1,0,0,2,2,2,2,67,0.299,0.097,0,4,0,31144,3,4.7,8.2,0,1,93,0,1,1,8,4,46487,2
B11353,Ananya Reddy,43,Pune,business,4.1,42846,4,0,79000,3,medical,0,5,5,0,3.0,0,0,42687,26683,15379,0.08,0.0945,-0.0556,333,0,1,2,2,2,2,2,94,0.301,0.07,0,1,1,43407,2,4.4,7.6,1,2,76,4,1,1,29,5,62090,2
B11354,Manoj Mishra,39,Kolkata,daily-wage,1.8,22068,2,3,109000,6,home-repair,0,1,1,0,3.9,0,0,20760,15714,15521,0.071,0.0974,0.0335,361,0,0,2,0,1,2,2,56,0.29,0.039,0,2,0,19268,2,4.1,11.6,0,0,69,0,0,0,6,0,21458,5
B11355,Ira Iyer,28,Bengaluru,salaried,0.7,36918,3,1,150000,3,personal,0,2,0,2,8.1,2,15,35299,19102,36266,0.031,-0.0376,0.1106,323,1,0,2,0,0,0,0,63,0.261,0.063,0,3,1,50729,2,4.1,7.0,1,0,113,1,0,0,6,3,93615,4
B11356,Ananya Rao,45,Indore,salaried,1.9,35342,6,3,265000,12,education,0,2,2,2,28.7,0,57,34225,21610,14650,0.056,-0.0957,0.0385,353,1,1,2,1,2,0,2,63,0.358,0.259,0,1,0,36317,3,4.3,11.4,3,1,103,1,1,1,4,6,50405,3
B11357,Priya Patel,43,Jaipur,self-employed,2.8,38411,2,0,137000,3,personal,0,4,2,6,24.6,1,56,37352,22482,24937,0.046,-0.0253,-0.2147,313,1,1,2,1,2,1,1,42,0.446,0.128,0,1,0,25295,3,3.6,4.6,0,0,115,0,3,2,8,4,22304,1
B11358,Sunita Gupta,20,Delhi,business,4.8,41562,1,1,151000,12,education,0,5,5,1,29.9,0,32,42536,26439,14164,0.08,0.0839,-0.0712,341,0,0,1,0,2,1,2,64,0.296,0.101,0,1,1,43683,6,3.7,5.7,3,1,22,2,1,0,22,3,44837,0
B11359,Manoj Singh,45,Hyderabad,self-employed,3.6,42377,1,3,98000,12,personal,0,5,5,2,17.0,0,16,43118,30161,28343,0.062,-0.0506,-0.0163,378,1,1,1,2,0,2,2,70,0.306,0.105,0,1,0,36920,3,4.8,11.5,2,0,61,4,0,0,9,3,10407,1
B11360,Kavitha Pillai,45,Mumbai,daily-wage,7.8,66741,2,4,122000,6,education,0,4,4,2,24.5,0,35,70372,41661,17399,0.064,-0.0179,0.0191,410,0,1,2,2,2,2,1,68,0.254,0.091,0,1,1,63686,5,4.1,9.2,3,0,24,3,0,0,24,1,50105,0
B11361,Sneha Nair,27,Jaipur,self-employed,1.5,43962,5,2,293000,6,education,0,5,1,6,21.2,3,16,47773,26794,37398,0.057,0.0657,0.1351,370,3,0,0,0,2,1,0,47,0.344,0.173,1,5,1,44940,2,4.4,7.8,2,1,45,3,3,1,2,1,87975,2
B11362,Priya Mishra,29,Pune,self-employed,4.9,45418,6,4,117000,12,business,0,7,7,1,28.9,0,56,42938,28435,14035,0.043,0.0416,-0.164,296,0,0,2,2,2,2,2,80,0.296,0.034,0,1,0,40601,4,4.1,3.1,4,0,57,4,0,0,21,0,143117,0
B11363,Aadhya Pillai,42,Hyderabad,business,14.7,78623,4,3,129000,3,home-repair,0,7,7,0,0.7,0,0,81317,45536,23197,0.067,-0.0081,-0.0404,354,0,1,2,2,2,2,2,78,0.359,0.043,0,1,0,84479,4,4.2,10.8,1,2,21,3,1,0,8,4,208459,1
B11364,Reyansh Sharma,27,Indore,salaried,6.6,48345,4,0,146000,12,medical,0,1,1,0,2.2,0,0,49328,31386,14459,0.055,-0.0234,-0.0892,298,0,0,2,2,2,2,2,74,0.174,0.089,0,1,0,43621,5,4.5,9.7,0,2,66,0,0,0,30,6,0,1
B11365,Kavya Joshi,47,Mumbai,self-employed,7.2,29436,4,1,101000,18,personal,0,1,1,2,15.7,0,41,29957,19875,9273,0.072,-0.0187,-0.0306,300,0,0,1,2,2,2,2,77,0.378,0.023,0,1,0,29282,2,4.8,3.0,3,2,68,2,1,1,18,5,31472,0
B11366,Krishna Nair,58,Ahmedabad,daily-wage,6.2,48535,4,2,127000,6,home-repair,0,6,6,1,10.3,0,59,47131,26844,12788,0.061,0.0249,0.0322,321,0,0,1,2,2,2,2,73,0.307,0.113,1,1,0,47960,3,4.2,8.8,4,2,29,1,0,0,32,4,34689,0
B11367,Lakshmi Joshi,43,Indore,salaried,1.9,58549,6,0,180000,18,home-repair,0,2,2,2,28.3,0,56,52938,33023,18996,0.057,-0.0162,-0.137,364,0,0,2,2,2,2,2,78,0.396,0.046,0,4,0,53261,5,4.8,2.5,1,3,85,2,1,0,6,6,68636,2
B11368,Krishna Mehta,39,Jaipur,daily-wage,5.4,77248,1,3,224000,12,home-repair,0,3,3,1,11.6,0,58,79232,52786,20202,0.065,0.0145,0.0145,332,0,0,2,2,2,2,2,99,0.143,0.054,0,4,0,71049,5,4.9,9.4,2,0,14,4,1,1,31,4,68785,1
B11369,Sara Gupta,24,Chennai,daily-wage,2.6,38748,4,1,110000,12,business,0,4,4,1,12.9,0,38,37439,25379,11901,0.031,0.0622,-0.0722,300,0,0,2,2,1,2,2,55,0.409,0.042,0,3,0,40602,3,3.8,3.5,4,3,23,0,0,0,25,2,0,2
B11370,Vihaan Mishra,48,Pune,daily-wage,4.9,35565,1,4,243000,12,medical,0,1,1,2,17.2,0,39,31960,22913,27556,0.047,-0.0934,-0.0557,331,0,1,2,2,0,2,1,69,0.353,0.163,0,1,0,29697,3,4.4,8.0,3,1,30,4,1,1,2,2,63650,1
B11371,Anita Patel,42,Jaipur,business,4.6,35755,1,3,90000,3,personal,0,4,4,0,3.9,0,0,37628,22601,10368,0.072,-0.0224,-0.1006,374,0,0,2,2,2,2,2,76,0.259,0.039,0,1,0,37767,3,3.8,1.9,4,0,97,0,1,1,22,2,69945,2
B11372,Ishaan Kulkarni,43,Kochi,self-employed,10.0,90367,2,2,349000,6,business,0,5,5,0,0.6,0,0,89422,52827,23564,0.068,0.0748,0.0893,366,0,0,2,2,2,2,2,92,0.279,0.02,0,2,0,85593,5,4.2,3.3,4,2,92,2,1,0,24,0,376481,1
B11373,Manoj Nair,32,Mumbai,self-employed,5.6,48875,4,3,227000,3,medical,0,5,5,2,25.7,0,48,47432,31218,31056,0.063,0.0057,0.2913,461,0,0,2,2,1,2,2,46,0.133,0.099,0,1,1,48101,0,0,3.6,2,0,58,2,1,1,8,5,71231,4
B11374,Nikhil Joshi,41,Mumbai,business,2.9,8203,3,0,70000,6,home-repair,0,2,0,4,15.6,2,41,8368,6512,5393,0.056,-0.0127,0.1292,381,1,1,0,2,2,2,0,73,0.209,0.124,0,1,0,11708,3,4.4,6.2,1,1,69,1,3,1,8,0,28442,0
B11375,Priya Yadav,37,Mumbai,self-employed,12.1,43086,1,3,94000,18,medical,0,6,6,0,1.6,0,0,43562,24412,13987,0.052,-0.0279,-0.0089,304,0,0,2,2,2,2,2,76,0.236,0.075,0,1,1,45717,5,4.9,2.8,0,2,119,4,1,0,30,2,90930,1
B11376,Vikram Agarwal,32,Pune,salaried,12.4,79671,2,3,149000,18,education,0,2,2,0,1.3,0,0,79340,50228,28832,0.081,0.0512,0.0059,236,0,0,2,2,2,2,2,95,0.362,0.098,0,2,1,82159,3,3.6,8.5,4,3,39,2,0,0,11,6,288012,1
B11377,Deepak Kulkarni,34,Bengaluru,salaried,3.6,53918,2,2,149000,6,home-repair,0,1,1,1,15.2,0,12,56130,39128,13062,0.048,0.0503,0.0281,318,0,0,2,2,2,2,2,79,0.472,0.1,0,1,0,51636,5,4.3,10.5,3,1,53,1,0,0,18,6,46970,1
B11378,Rohan Yadav,40,Mumbai,salaried,0.6,22079,1,1,67000,12,education,0,1,1,0,0.7,0,0,22180,13789,18415,0.025,-0.0352,-0.1416,305,1,1,2,2,2,2,2,57,0.312,0.197,0,2,0,23403,3,3.9,9.3,3,1,109,2,1,1,2,6,65009,0
B11379,Kavya Agarwal,46,Pune,self-employed,12.0,90077,2,1,165000,24,business,0,6,6,0,2.7,0,0,91377,52673,20472,0.025,0.0191,0.2596,366,0,0,2,2,2,2,2,99,0.339,0.078,0,1,0,88335,4,4.0,11.6,4,3,86,4,0,0,10,3,254528,2
B11380,Sneha Khan,38,Mumbai,salaried,5.4,41558,6,4,126000,12,personal,0,2,2,2,24.8,0,20,42263,27666,10574,0.112,0.0355,-0.0337,263,0,0,2,2,2,0,2,70,0.29,0.041,0,1,0,35951,6,4.3,11.2,1,3,113,2,1,1,21,6,15096,1
B11381,Lakshmi Iyer,31,Pune,daily-wage,1.4,20929,5,2,136000,3,business,1,0,0,0,0.2,0,0,22104,14993,15554,0.036,-0.0407,0.2254,360,0,1,2,0,0,2,2,70,0.305,0.165,0,1,0,18916,1,4.7,3.1,2,1,54,3,1,1,1,2,0,0
B11382,Sara Chopra,25,Bengaluru,salaried,4.2,45879,2,1,130000,6,home-repair,0,4,4,0,2.1,0,0,46051,32815,16317,0.032,-0.0694,-0.0315,320,0,0,2,2,1,2,1,63,0.4,0.119,0,3,1,48415,2,3.6,10.2,1,2,64,4,0,0,12,6,0,1
B11383,Nikhil Kulkarni,29,Chennai,salaried,4.8,43154,4,2,98000,12,education,0,3,3,0,4.4,0,0,39847,24832,15471,0.048,0.0455,0.044,369,0,0,2,1,2,2,2,65,0.349,0.116,0,2,0,41775,2,3.5,2.7,4,1,103,3,1,1,31,6,4098,1
B11384,Rajesh Pillai,20,Delhi,self-employed,1.5,26518,3,2,100000,3,medical,1,0,0,0,2.1,0,0,25711,17875,21865,0.036,-0.0222,-0.2208,296,3,1,1,0,1,2,2,51,0.493,0.057,0,1,0,27232,3,4.0,2.7,1,0,55,1,0,0,2,4,65907,2
B11385,Ishaan Bose,38,Bengaluru,salaried,5.7,45796,2,2,179000,12,personal,0,2,2,0,2.8,0,0,47929,31875,10918,0.08,-0.0526,0.0795,261,0,0,2,2,1,2,2,75,0.232,0.083,0,1,0,43043,4,4.7,8.3,1,3,72,4,0,0,9,6,65860,1
B11386,Sara Rao,29,Bengaluru,self-employed,3.8,54896,1,0,184000,18,personal,0,2,2,1,7.5,0,30,52865,31169,18347,0.069,-0.0619,-0.0773,309,0,0,2,2,2,2,2,63,0.3,0.084,0,1,0,48587,3,4.2,11.2,0,2,42,1,0,0,28,2,164528,2
B11387,Pooja Joshi,27,Pune,salaried,9.3,81901,5,3,254000,6,personal,0,4,4,0,3.5,0,0,87389,55422,20537,0.043,0.0088,0.0766,300,1,0,2,2,2,1,2,99,0.409,0.041,0,1,0,96066,5,4.3,3.6,2,0,37,4,0,0,16,6,344713,1
B11388,Aarav Sharma,40,Hyderabad,salaried,5.2,32935,3,4,105000,24,medical,0,2,2,0,1.8,0,0,30702,18889,11448,0.095,0.0347,-0.0172,382,0,0,2,2,2,2,2,79,0.355,0.078,0,1,2,30231,5,4.2,3.2,3,1,49,2,0,0,20,6,44500,2
B11389,Deepak Verma,28,Hyderabad,business,7.0,72853,5,4,217000,12,business,0,5,5,0,0.6,0,0,64563,41236,24710,0.035,0.0579,0.1353,373,1,0,2,2,2,2,2,82,0.323,0.062,0,2,0,65940,3,4.9,2.7,2,0,112,1,1,0,20,3,204161,0
B11390,Ishaan Khan,24,Ahmedabad,business,6.1,35379,5,4,64000,6,business,0,1,1,0,1.6,0,0,35535,23044,13955,0.038,-0.0665,-0.0908,394,0,0,2,2,2,2,2,59,0.238,0.039,0,1,0,36608,2,4.4,7.7,3,0,38,2,0,0,26,3,98248,0
B11391,Rohan Bose,45,Delhi,salaried,7.3,53169,1,0,102000,6,medical,0,1,1,1,28.6,0,12,52946,35865,16108,0.084,0.1225,-0.0975,349,0,0,2,2,2,2,2,59,0.376,0.111,0,4,0,46431,6,3.8,6.3,1,1,116,2,1,1,34,6,79332,0
B11392,Neha Gupta,48,Pune,salaried,4.7,38335,2,2,74000,12,business,0,6,6,0,3.3,0,0,40447,23222,12318,0.06,0.0644,0.126,286,0,0,2,2,2,2,2,56,0.359,0.104,0,1,0,43265,4,4.4,4.9,1,1,29,2,1,0,25,6,63731,1
B11393,Anita Kulkarni,35,Mumbai,self-employed,1.3,21416,4,1,92000,18,medical,0,3,0,5,30.0,2,45,19964,12814,18880,0.103,0.0598,-0.1925,320,2,1,1,0,0,2,0,63,0.327,0.278,0,2,0,10281,0,0,5.0,2,1,82,0,1,1,3,5,14551,0
B11394,Amit Nair,25,Chennai,salaried,12.5,67762,2,2,142000,6,home-repair,0,8,8,0,0.5,0,0,67474,43883,24584,0.082,0.0855,0.0507,268,0,0,2,2,2,2,2,84,0.334,0.022,0,1,0,68974,6,4.9,4.7,2,3,12,1,1,1,21,6,243149,0
B11395,Aadhya Mehta,31,Pune,salaried,7.2,45915,1,4,79000,12,medical,0,6,6,2,24.9,0,28,47862,26764,14558,0.088,-0.0833,-0.0846,250,0,0,2,2,2,2,2,66,0.262,0.083,0,1,0,47772,5,4.4,11.5,2,0,72,1,0,0,27,6,153796,1
B11396,Kavya Chopra,38,Mumbai,self-employed,0.6,32936,2,4,169000,18,home-repair,0,6,3,5,17.0,2,42,32512,23554,11556,0.128,0.127,0.1214,326,3,0,2,2,0,2,1,54,0.343,0.092,0,3,0,19526,0,0,8.1,4,1,20,3,3,3,4,1,44901,0
B11397,Nikhil Chopra,43,Mumbai,daily-wage,4.6,37139,4,0,56000,6,business,0,4,4,1,10.7,0,16,35913,21614,9062,0.069,0.0626,-0.0156,289,0,0,2,0,2,2,2,79,0.502,0.051,0,1,0,38688,6,5.0,5.3,0,1,99,2,0,0,7,0,38125,2
B11398,Kabir Sharma,22,Indore,salaried,6.1,85770,4,4,342000,6,education,0,8,8,0,1.9,0,0,87949,53063,22728,0.061,0.0008,-0.1689,233,0,0,2,2,1,2,2,90,0.45,0.108,0,1,0,95332,3,4.5,7.0,3,2,26,0,1,0,24,6,203599,2
B11399,Kavitha Rao,48,Kolkata,salaried,6.7,57900,3,4,90000,6,education,0,3,3,2,13.5,0,51,59887,39435,13576,0.039,0.0077,0.1648,296,0,0,2,2,2,2,2,60,0.433,0.105,0,1,0,62000,4,4.7,8.7,0,0,71,2,1,1,27,6,68677,1
B11400,Amit Das,43,Mumbai,self-employed,7.2,36930,2,3,91000,6,education,0,5,5,0,4.1,0,0,35776,20854,11248,0.052,-0.0039,-0.0035,358,1,1,2,2,2,1,2,75,0.156,0.046,0,1,1,30617,2,4.5,11.5,2,1,47,3,0,0,23,4,95886,0
B11401,Vihaan Rao,24,Kolkata,salaried,5.9,74671,2,3,222000,18,personal,0,7,7,1,22.1,0,6,72735,43858,21467,0.081,0.104,0.0612,367,0,0,2,1,2,2,2,93,0.333,0.06,0,3,0,67639,5,3.7,4.0,4,1,34,4,0,0,29,6,212111,0
B11402,Ravi Singh,33,Kochi,self-employed,7.5,52932,2,1,123000,12,home-repair,0,3,3,2,24.9,0,13,52645,32411,13315,0.048,-0.0015,0.0462,410,0,0,2,2,2,2,2,59,0.199,0.117,0,1,1,48084,4,3.9,6.2,1,3,107,4,0,0,8,2,6289,2
B11403,Rahul Nair,24,Jaipur,self-employed,1.3,49441,2,2,310000,3,business,0,1,1,3,20.2,0,21,49114,35449,36472,0.066,-0.003,0.0845,334,3,1,2,2,2,0,2,64,0.334,0.034,0,2,0,45248,0,0,4.1,0,1,80,3,0,0,3,1,20720,5
B11404,Amit Rao,34,Mumbai,business,7.3,31494,6,4,105000,24,home-repair,0,1,1,1,25.2,0,9,34380,22269,11761,0.048,0.0231,0.0153,282,0,0,2,2,1,2,2,59,0.266,0.09,0,2,0,34622,5,3.9,3.5,2,0,119,4,0,0,24,2,53350,2
B11405,Vikram Patel,36,Mumbai,self-employed,6.8,68992,4,0,167000,12,medical,0,2,2,1,9.7,0,34,70660,45010,19166,0.072,0.0633,0.0898,370,0,0,2,2,2,2,2,60,0.375,0.065,0,1,0,66789,3,3.5,6.0,1,2,20,3,1,0,11,3,88333,0
B11406,Lakshmi Bose,20,Kolkata,salaried,4.0,43164,4,3,99000,18,medical,0,2,2,2,27.4,0,18,42481,24337,12306,0.045,0.0119,0.0986,361,0,0,1,1,2,2,2,59,0.332,0.095,0,1,0,41648,6,5.0,2.4,2,3,81,0,1,0,19,6,163318,1
B11407,Kiran Kulkarni,27,Hyderabad,self-employed,3.3,29429,3,4,185000,18,home-repair,0,2,2,1,6.6,0,58,30659,23339,24070,0.05,0.008,-0.0258,309,0,0,2,2,1,2,2,62,0.37,0.23,0,2,1,28071,1,4.2,5.4,0,0,115,4,0,0,0,0,19084,1
B11408,Geeta Nair,28,Bengaluru,salaried,10.0,97002,2,1,315000,12,personal,0,5,5,1,5.7,0,16,99244,65192,28659,0.08,0.0456,-0.1538,381,0,0,2,2,2,2,2,77,0.311,0.078,0,3,0,101858,2,4.8,8.2,3,0,30,4,1,1,27,6,352849,2
B11409,Amit Khan,21,Chennai,self-employed,2.6,19576,3,0,116000,12,education,0,4,3,4,25.6,0,8,17949,12390,21664,0.093,0.126,-0.0523,419,0,0,2,2,2,2,2,64,0.21,0.094,0,1,0,19570,0,0,9.4,0,0,119,2,1,1,3,1,21770,1
B11410,Meera Bose,19,Kolkata,salaried,5.0,65796,2,1,149000,3,home-repair,0,3,3,0,0.2,0,0,67058,37456,18930,0.06,0.0062,0.0251,404,0,0,2,2,2,1,2,81,0.3,0.033,0,2,0,63411,5,4.3,3.5,1,0,83,4,1,1,30,6,114911,2
B11411,Diya Das,42,Pune,self-employed,1.2,20766,6,2,133000,3,business,1,0,0,0,4.7,0,0,20765,13085,14469,0.047,0.0225,-0.1723,308,1,2,0,1,2,0,2,41,0.368,0.058,0,2,1,20322,0,0,3.9,2,0,90,4,0,0,1,3,63990,0
B11412,Aarav Mishra,32,Ahmedabad,salaried,11.9,51905,5,3,187000,12,business,0,3,3,0,1.9,0,0,53164,31465,13152,0.053,0.0243,0.1708,262,0,0,2,2,2,2,2,88,0.327,0.021,0,1,0,47931,3,4.7,4.6,1,1,27,2,1,1,34,6,155394,1
B11413,Ravi Nair,40,Hyderabad,daily-wage,1.8,32284,6,3,195000,6,home-repair,0,1,1,0,0.4,0,0,30277,21525,20002,0.068,0.0319,0.0057,355,3,0,2,2,0,2,2,33,0.221,0.167,0,1,1,31529,3,4.7,9.5,0,0,96,4,0,0,4,3,98251,1
B11414,Sneha Khan,28,Chennai,daily-wage,0.0,43589,6,3,256000,3,home-repair,1,0,0,0,3.9,0,0,39786,24114,26984,0.026,-0.0855,-0.3622,421,2,1,2,2,1,0,0,48,0.209,0.264,0,1,0,37039,2,4.5,10.4,1,0,39,2,1,0,1,4,18068,0
B11415,Priya Mishra,33,Chennai,daily-wage,4.6,42791,4,1,147000,6,medical,0,5,5,0,1.9,0,0,40087,21922,16474,0.057,0.0412,0.0256,288,0,0,2,2,2,2,2,78,0.427,0.099,0,1,0,42500,5,3.8,3.3,2,1,110,2,0,0,8,3,127770,2
B11416,Rahul Das,51,Ahmedabad,self-employed,2.1,54298,6,2,118000,6,personal,0,3,3,1,9.4,0,49,46894,29592,17144,0.027,-0.02,-0.0216,319,0,0,2,1,1,2,1,74,0.241,0.068,0,2,0,41582,6,4.7,3.7,0,1,79,4,1,0,18,0,77440,1
B11417,Reyansh Singh,44,Bengaluru,business,5.6,54373,6,0,193000,12,home-repair,0,6,6,1,26.3,0,58,53394,31656,15523,0.072,-0.0146,0.0855,338,0,0,2,2,2,2,2,99,0.253,0.082,0,1,1,57868,3,3.6,7.8,0,0,97,4,1,0,16,2,37648,0
B11418,Krishna Patel,38,Bengaluru,self-employed,2.2,71414,6,2,262000,12,personal,0,3,3,0,2.1,0,0,67439,41901,23570,0.053,-0.0125,0.0186,311,0,0,2,2,2,2,1,68,0.415,0.07,0,1,0,60097,3,3.9,4.3,0,3,60,4,0,0,13,4,109575,2
B11419,Sneha Das,29,Kolkata,self-employed,7.5,67883,1,1,104000,6,education,0,3,3,1,22.5,0,25,63532,35644,14319,0.049,-0.0869,-0.148,287,0,0,2,2,2,2,2,88,0.42,0.052,0,3,1,57219,6,3.9,5.7,3,0,38,0,1,0,24,5,156229,2
B11420,Priya Rao,32,Pune,self-employed,13.2,96518,4,4,379000,6,business,0,6,6,0,3.6,0,0,95199,60541,29736,0.032,-0.0513,-0.1482,362,0,0,2,2,2,2,2,92,0.246,0.037,0,1,0,96785,6,4.6,1.5,2,1,68,1,0,0,12,2,147888,0
B11421,Sanjay Nair,37,Jaipur,business,2.1,23262,1,2,194000,6,education,0,5,5,3,5.0,0,30,20814,15839,21515,0.056,0.0759,0.097,441,0,0,1,2,2,2,1,44,0.198,0.158,0,2,0,20739,0,0,2.8,3,0,119,4,1,1,8,2,45546,5
B11422,Kiran Gupta,19,Kolkata,salaried,1.0,36632,4,3,295000,12,business,0,5,5,3,13.0,0,35,37288,25923,17686,0.04,0.0422,0.0812,292,2,0,2,2,2,2,0,51,0.519,0.192,0,1,1,33620,2,4.7,1.8,4,1,92,2,0,0,2,6,89274,1
B11423,Divya Verma,39,Delhi,daily-wage,0.5,28839,5,1,228000,6,medical,1,0,0,0,2.5,0,0,26484,18231,21740,0.058,-0.0317,0.0707,279,2,0,2,0,2,0,0,48,0.371,0.17,0,2,0,24120,0,0,6.1,1,1,109,0,0,0,1,3,29019,1
B11424,Rohan Pillai,19,Delhi,self-employed,1.7,22988,4,0,92000,6,business,0,5,5,3,24.4,0,42,22496,17002,22400,0.042,0.0711,-0.0091,298,1,0,2,2,0,1,2,52,0.343,0.294,0,3,1,23065,0,0,2.6,2,1,62,2,0,0,4,4,79727,2
B11425,Kiran Bose,59,Kolkata,salaried,0.9,19906,6,1,52000,3,personal,0,5,2,4,10.4,2,17,18113,12778,15137,0.163,0.04,0.0908,364,0,0,2,0,0,2,2,68,0.292,0.126,1,1,0,25828,1,3.8,8.4,0,0,54,1,3,3,5,1,16040,1
B11426,Kabir Iyer,25,Lucknow,daily-wage,12.5,57630,1,0,215000,24,education,0,7,7,1,11.9,0,25,58042,35860,16526,0.092,-0.1026,-0.0808,366,0,0,2,2,2,1,2,99,0.199,0.106,0,1,0,53801,4,3.8,6.6,3,1,102,3,0,0,17,5,269026,2
B11427,Sunita Reddy,39,Hyderabad,salaried,4.5,25951,5,0,83000,18,business,0,3,3,2,27.7,0,52,26274,17196,10516,0.061,-0.0537,-0.0098,263,0,0,1,2,2,2,1,55,0.3,0.025,0,1,0,26809,4,3.9,2.0,1,2,103,0,1,1,18,6,38409,2
B11428,Manoj Chopra,26,Surat,salaried,2.9,41681,5,2,312000,12,personal,0,1,1,3,28.0,0,26,39226,29846,37152,0.047,0.0049,0.0573,309,1,1,2,1,0,0,2,72,0.448,0.039,0,1,1,42258,3,4.4,2.1,0,1,107,4,1,1,0,6,0,4
B11429,Deepak Mehta,42,Chennai,daily-wage,9.6,76628,5,2,280000,12,medical,0,8,8,0,2.4,0,0,74864,44532,22772,0.071,-0.045,-0.159,328,0,0,2,2,2,2,2,85,0.459,0.033,0,2,0,64372,3,3.8,8.0,3,2,98,2,0,0,28,4,0,1
B11430,Sneha Joshi,39,Pune,self-employed,4.7,52518,3,4,403000,12,business,0,3,3,1,9.4,0,48,54039,37304,39719,0.047,0.0048,0.1115,291,1,0,2,0,1,2,1,67,0.363,0.202,0,2,0,57236,1,4.1,2.3,1,1,52,3,1,1,9,5,66355,5
B11431,Deepak Mehta,36,Bengaluru,salaried,3.2,33429,2,3,238000,12,education,0,4,4,2,20.8,0,23,33529,27179,28395,0.08,0.0206,-0.1388,359,0,0,2,2,1,2,2,63,0.261,0.172,0,3,0,34411,3,3.8,2.2,2,1,112,3,0,0,4,6,53050,4
B11432,Kiran Verma,34,Bengaluru,salaried,4.6,62324,3,1,208000,12,business,0,2,2,0,2.9,0,0,57584,35702,10928,0.066,0.0023,0.0746,376,0,0,2,2,2,2,1,99,0.264,0.083,0,3,0,61046,2,4.1,3.6,3,2,82,0,1,1,32,6,184552,2
B11433,Sunita Kulkarni,38,Bengaluru,daily-wage,0.1,26895,2,1,237000,12,business,1,0,0,0,4.1,0,0,26518,16046,14531,0.04,-0.0039,-0.0876,331,2,2,0,0,0,1,0,73,0.346,0.25,0,1,2,26302,0,0,3.1,0,0,98,1,0,0,0,0,49935,4
B11434,Reyansh Das,48,Mumbai,daily-wage,9.1,100375,6,3,364000,12,education,0,8,8,0,3.9,0,0,93584,61220,33968,0.061,0.0405,-0.0214,429,0,1,2,1,2,2,2,86,0.259,0.057,0,1,0,93117,5,4.6,1.3,4,0,110,3,1,0,7,0,376060,2
B11435,Nikhil Singh,33,Pune,salaried,4.2,43093,2,2,110000,6,business,0,2,2,2,22.9,0,55,41283,27080,12111,0.058,-0.0155,-0.168,269,0,0,2,2,1,2,1,71,0.332,0.02,0,1,0,35410,6,4.9,10.4,1,0,52,2,0,0,15,6,144744,2
B11436,Rohan Patel,51,Jaipur,daily-wage,1.1,37356,3,0,74000,24,home-repair,1,0,0,0,4.5,0,0,38634,27834,28661,0.051,-0.1334,-0.0981,369,0,1,0,1,2,2,2,37,0.218,0.212,1,1,0,39355,1,5.0,11.1,2,1,66,4,1,0,2,0,76165,0
B11437,Reyansh Patel,22,Bengaluru,salaried,3.4,44618,5,0,244000,18,education,0,1,1,1,21.6,0,13,47112,33229,33070,0.04,0.1014,-0.0059,360,1,1,2,2,2,0,0,29,0.305,0.261,0,1,0,49166,0,0,6.0,2,0,13,2,1,0,9,6,46792,2
B11438,Amit Reddy,35,Ahmedabad,daily-wage,1.8,32850,3,4,183000,6,education,0,4,3,1,29.9,1,23,30655,23748,24459,0.048,-0.0171,0.1441,413,1,2,2,2,2,2,2,53,0.207,0.098,0,1,0,28139,3,3.6,6.3,3,0,16,2,0,0,8,1,77444,0
B11439,Aadhya Singh,36,Chennai,daily-wage,11.4,65909,5,1,187000,3,business,0,5,5,0,2.4,0,0,60706,35657,15903,0.067,0.03,-0.1072,308,0,0,2,2,2,2,2,99,0.345,0.097,0,1,1,60727,6,4.6,9.1,2,0,100,2,0,0,30,4,272618,2
B11440,Krishna Yadav,29,Jaipur,business,2.1,45637,2,0,75000,6,personal,0,3,3,1,26.1,0,21,42644,29966,16250,0.053,-0.0265,-0.0098,386,0,0,2,1,2,2,2,56,0.331,0.076,0,1,0,40225,4,4.2,8.6,3,0,94,3,1,0,20,5,0,2
B11441,Ravi Yadav,39,Delhi,salaried,1.7,23027,2,0,175000,12,education,1,0,0,0,2.7,0,0,21903,16318,19294,0.057,0.0093,-0.1045,315,2,0,1,2,1,0,0,81,0.303,0.283,0,1,0,23622,3,4.6,1.3,1,1,43,4,1,1,1,6,34523,4
B11442,Manoj Khan,30,Bengaluru,daily-wage,7.0,54244,6,3,201000,3,home-repair,0,4,4,1,17.4,0,13,50569,28511,15663,0.067,0.0112,-0.0437,332,0,0,2,2,2,2,2,79,0.348,0.088,0,1,0,52535,5,4.1,8.6,0,3,39,4,0,0,12,1,53241,0
B11443,Krishna Mehta,23,Jaipur,daily-wage,3.3,84622,6,2,246000,6,business,0,6,6,0,4.7,0,0,86614,53196,17116,0.045,-0.0064,0.0207,380,0,1,2,2,2,2,2,92,0.289,0.034,0,2,1,90200,3,3.6,10.3,1,0,107,0,1,0,6,1,210184,0
B11444,Rajesh Chopra,20,Delhi,business,5.7,48832,4,3,140000,12,home-repair,0,6,6,0,1.7,0,0,45570,32311,12055,0.081,0.0428,-0.0797,384,0,0,2,2,2,2,2,75,0.384,0.026,0,2,0,48879,2,4.7,1.8,3,3,32,2,1,1,21,4,73661,1
B11445,Kavitha Nair,38,Ahmedabad,salaried,11.2,43533,6,0,123000,12,home-repair,0,5,5,1,24.3,0,13,41271,25074,15103,0.068,0.0371,-0.0027,385,0,0,2,2,2,2,2,99,0.277,0.071,0,2,0,38798,5,4.8,8.5,0,3,40,2,0,0,27,6,51988,1
B11446,Manoj Iyer,34,Pune,business,0.7,35257,1,3,237000,18,medical,0,3,2,3,4.6,1,29,33840,25664,23597,0.098,0.0721,0.0945,323,2,0,2,1,2,0,2,37,0.213,0.107,1,2,1,36728,3,5.0,3.6,2,0,24,2,0,0,8,1,39826,0
B11447,Aarav Reddy,27,Nagpur,salaried,1.6,22988,2,3,68000,3,education,1,0,0,0,2.2,0,0,23980,15876,12742,0.067,-0.0131,-0.0675,398,0,3,2,2,2,1,2,57,0.229,0.107,0,1,0,21794,0,0,2.1,0,0,96,2,0,0,7,6,19264,3
B11448,Nikhil Kulkarni,27,Delhi,salaried,13.4,81166,2,0,302000,12,personal,0,7,7,0,0.0,0,0,77419,47347,16685,0.052,0.0312,-0.1771,366,0,0,2,2,2,2,2,92,0.35,0.033,0,1,0,73837,6,4.1,8.2,2,1,87,2,1,1,16,6,119671,0
B11449,Sara Patel,40,Delhi,self-employed,0.5,9616,4,0,65000,6,business,1,0,0,0,3.4,0,0,9617,6834,5596,0.021,-0.0275,0.0948,314,1,0,2,0,1,1,0,52,0.346,0.163,0,1,0,8455,0,0,11.7,3,0,119,1,1,1,3,5,23966,0
B11450,Meera Yadav,38,Kolkata,salaried,7.1,85159,3,4,171000,12,medical,0,4,4,1,25.4,0,41,81917,55803,29901,0.08,0.0823,0.0222,467,0,0,2,2,2,2,2,85,0.106,0.056,0,1,1,85327,2,4.3,8.3,2,3,85,0,0,0,27,6,186361,0
B11451,Amit Khan,41,Jaipur,salaried,2.8,18360,5,2,158000,18,business,0,1,1,1,9.3,0,12,18858,13164,15705,0.093,-0.14,0.1448,354,0,1,2,2,2,2,2,66,0.356,0.042,0,1,0,17376,2,4.6,1.8,1,0,102,3,1,0,1,6,32522,2
B11452,Sunita Chopra,54,Chennai,salaried,3.3,57316,6,0,122000,12,education,0,4,4,0,0.8,0,0,52066,29362,18496,0.073,0.0486,0.0558,339,0,0,2,2,2,1,2,95,0.35,0.024,0,1,0,46094,6,4.5,5.7,4,0,29,1,1,1,12,6,114939,2
B11453,Kavya Reddy,19,Pune,salaried,4.2,41611,5,1,367000,12,business,0,2,2,1,23.4,0,55,37844,25445,30433,0.078,-0.023,-0.0762,351,1,1,2,2,2,1,2,44,0.169,0.073,0,1,1,36204,3,4.1,7.9,4,1,87,4,1,1,1,6,116676,5
B11454,Sunita Verma,45,Mumbai,salaried,4.7,66037,4,2,123000,6,personal,0,6,6,1,29.6,0,52,68673,41304,14727,0.075,0.0768,-0.0193,388,0,0,2,2,2,2,2,79,0.282,0.074,0,4,0,67947,4,4.9,4.8,3,3,117,4,1,1,20,6,118162,2
B11455,Pooja Iyer,39,Delhi,salaried,1.1,31573,6,3,270000,12,medical,0,1,1,0,1.9,0,0,32609,25263,23191,0.066,-0.0018,-0.019,363,0,0,1,2,1,2,1,63,0.292,0.12,0,1,2,32355,0,0,1.1,2,1,52,1,1,1,2,6,57557,0
B11456,Rahul Pillai,35,Nagpur,salaried,1.1,13795,6,0,85000,18,home-repair,1,0,0,0,2.9,0,0,13203,9060,10140,0.056,0.041,0.0346,441,0,0,2,0,2,1,2,59,0.134,0.079,0,1,0,13142,2,4.6,5.2,0,0,91,4,0,0,2,6,23598,1
B11457,Geeta Nair,41,Chennai,daily-wage,0.6,32865,2,1,238000,12,medical,0,1,1,0,4.0,0,0,30482,23379,22896,0.083,0.0684,-0.1096,422,1,0,0,1,0,2,2,62,0.171,0.119,0,1,0,33511,1,4.8,7.4,0,0,70,4,1,0,1,1,63578,2
B11458,Sara Patel,35,Indore,daily-wage,0.4,17536,5,1,56000,3,home-repair,0,1,1,0,3.7,0,0,17116,11376,15746,0.069,-0.1318,0.095,302,0,1,2,0,0,0,2,51,0.294,0.121,0,1,0,14932,2,3.9,1.2,0,0,118,2,1,0,6,5,26051,5
B11459,Ira Kulkarni,44,Chennai,business,12.7,78577,6,3,132000,12,personal,0,2,2,0,3.5,0,0,72039,51223,24944,0.079,-0.007,-0.1873,381,0,0,2,2,2,2,2,89,0.216,0.052,0,1,1,62279,5,4.2,6.7,4,2,63,2,1,1,11,3,203512,1
B11460,Anil Rao,34,Mumbai,self-employed,4.1,47809,3,2,313000,18,personal,0,2,2,2,22.8,0,58,45648,27830,32413,0.074,-0.0786,0.0545,333,1,1,1,1,2,2,2,59,0.305,0.124,0,4,0,42225,3,4.3,1.3,1,1,42,0,1,0,8,5,30333,1
B11461,Ananya Agarwal,36,Mumbai,daily-wage,1.6,27877,3,2,98000,6,home-repair,0,1,1,0,4.3,0,0,29473,22042,22774,0.041,-0.0231,-0.0464,278,2,1,0,1,0,2,1,41,0.318,0.263,0,3,0,28714,0,0,1.5,1,0,64,0,1,1,3,3,2548,3
B11462,Nikhil Reddy,38,Bengaluru,self-employed,4.7,24388,5,3,94000,6,education,0,5,4,4,19.3,0,8,23367,14932,18596,0.065,0.016,0.0606,375,1,2,1,2,2,2,2,67,0.193,0.142,0,2,0,25035,3,4.9,10.3,3,1,72,3,1,1,8,1,26464,5
B11463,Anil Patel,37,Hyderabad,daily-wage,4.0,37143,3,0,126000,12,education,0,5,5,0,4.7,0,0,38648,25787,10390,0.076,0.0182,-0.0066,317,0,0,2,2,2,2,1,65,0.216,0.046,0,2,0,40815,5,3.5,1.9,3,0,34,4,1,1,33,5,40620,2
B11464,Ravi Iyer,26,Kolkata,salaried,4.9,45787,3,4,155000,6,education,0,3,3,3,28.8,0,40,49093,33846,32575,0.058,-0.0587,-0.1301,345,1,0,2,2,2,0,2,55,0.253,0.073,0,1,0,50158,0,0,8.6,1,0,108,4,1,0,1,6,73389,2
B11465,Aarav Khan,48,Mumbai,business,0.1,18014,4,3,103000,3,business,0,2,0,5,20.5,1,23,19442,13612,15593,0.117,0.1215,0.0478,380,1,1,0,1,0,2,0,56,0.312,0.238,0,1,0,16075,3,3.7,11.3,0,0,101,2,0,0,8,2,34111,3
B11466,Vikram Yadav,37,Hyderabad,self-employed,13.3,61254,4,3,209000,3,medical,0,6,6,1,13.0,0,27,56954,34229,15580,0.06,-0.0498,0.0122,365,0,0,1,2,2,2,2,93,0.358,0.023,0,1,2,50539,3,4.4,8.8,2,2,69,1,1,1,27,0,87029,2
B11467,Manoj Nair,43,Jaipur,business,1.6,30029,5,2,122000,3,business,1,0,0,0,1.3,0,0,29421,19984,12627,0.04,-0.0005,0.0067,320,0,0,1,0,0,2,1,44,0.455,0.136,0,1,0,29745,0,0,5.0,1,1,43,3,0,0,4,4,57741,0
B11468,Vikram Iyer,32,Ahmedabad,business,3.0,22426,5,4,126000,12,home-repair,0,3,1,4,23.4,1,38,20773,13833,16986,0.052,-0.0215,0.2096,318,1,1,2,1,2,2,0,69,0.323,0.046,0,1,0,18935,2,4.7,8.2,0,0,26,1,0,0,9,4,26516,3
B11469,Geeta Yadav,49,Mumbai,self-employed,2.1,63383,2,2,145000,24,personal,0,4,4,2,4.7,0,43,64874,40509,17050,0.064,-0.0186,-0.0252,362,0,0,2,2,2,2,2,61,0.323,0.1,0,1,0,58426,4,3.5,10.2,4,3,100,1,0,0,29,0,141803,1
B11470,Vihaan Kulkarni,54,Hyderabad,self-employed,2.2,32595,1,1,174000,12,medical,0,3,2,4,5.4,0,9,31230,20920,22518,0.016,-0.0179,0.1376,403,0,1,2,2,2,2,2,54,0.196,0.053,1,1,1,27232,3,5.0,9.0,4,1,78,3,1,1,6,5,72466,5
B11471,Rohan Agarwal,40,Mumbai,daily-wage,5.8,53891,1,4,81000,6,home-repair,0,6,6,1,24.3,0,59,52333,33900,15960,0.056,-0.0192,0.0948,329,0,0,2,0,2,2,1,67,0.376,0.023,0,3,0,54620,2,4.5,8.1,2,3,86,3,0,0,6,0,111023,2
B11472,Kiran Gupta,41,Bengaluru,salaried,2.7,58383,6,1,150000,18,education,0,1,1,1,18.6,0,39,57828,31603,18693,0.025,0.0267,0.0273,368,0,0,2,2,2,2,1,60,0.328,0.112,1,1,0,62140,4,4.3,10.7,1,0,114,2,1,1,20,6,103630,0
B11473,Rajesh Yadav,56,Bengaluru,salaried,2.0,59651,3,1,159000,6,personal,0,6,6,1,26.8,0,45,58389,35738,22257,0.04,0.0485,0.0482,242,1,0,2,2,2,2,2,56,0.321,0.067,0,1,0,54476,5,3.8,6.1,0,1,85,4,1,0,13,6,56640,0
B11474,Meera Das,44,Nagpur,daily-wage,3.9,29830,5,4,46000,12,medical,0,5,5,2,6.8,0,37,28624,18959,8583,0.05,0.0003,0.1766,429,0,0,2,2,2,2,2,74,0.145,0.042,0,1,0,27194,6,3.7,3.7,1,1,116,3,0,0,10,4,5189,1
B11475,Krishna Mishra,50,Chennai,self-employed,13.6,76058,2,4,239000,3,education,0,4,4,1,11.0,0,9,76918,51792,24249,0.039,0.0426,0.0687,329,0,0,2,2,2,2,2,77,0.351,0.056,0,1,0,78104,2,4.8,9.1,1,1,108,3,0,0,16,1,215071,1
B11476,Anil Iyer,33,Delhi,self-employed,0.2,40012,1,1,199000,18,personal,1,0,0,0,4.4,0,0,37517,24438,34400,0.037,0.0211,0.1601,322,3,0,1,1,2,2,0,56,0.353,0.286,0,2,0,37344,1,3.6,3.1,0,0,81,4,1,1,5,5,72951,2
B11477,Kiran Das,45,Nagpur,self-employed,1.6,57319,2,0,213000,12,home-repair,0,6,6,0,3.5,0,0,59383,38726,14797,0.053,0.0559,0.0489,335,0,0,1,1,2,0,2,88,0.437,0.036,0,1,0,56288,4,3.7,8.3,3,1,114,3,1,0,30,4,47567,2
B11478,Nikhil Khan,44,Surat,salaried,8.5,123505,6,4,256000,12,business,0,5,5,0,1.7,0,0,119806,74823,32497,0.033,0.0398,0.0605,381,0,0,2,2,2,2,2,88,0.304,0.064,0,1,2,130253,2,4.2,6.4,0,0,84,3,0,0,25,6,336623,0
B11479,Diya Sharma,49,Hyderabad,salaried,1.7,34759,1,0,147000,12,business,0,5,4,2,9.9,1,26,35760,25066,18410,0.066,0.0567,0.1947,314,0,0,2,2,0,1,2,76,0.311,0.176,0,1,0,32908,3,4.3,3.2,0,0,96,2,1,0,0,6,0,3
B11480,Nikhil Patel,25,Ahmedabad,salaried,6.0,36129,4,0,138000,18,personal,0,3,3,0,1.7,0,0,35032,20980,8876,0.063,-0.0335,0.27,317,0,0,1,1,1,2,2,53,0.354,0.072,0,2,0,34474,2,4.6,5.6,1,3,112,3,1,1,14,6,73909,2
B11481,Ira Sharma,29,Bengaluru,self-employed,14.9,72875,1,1,166000,24,medical,0,3,3,0,3.2,0,0,75126,43726,24368,0.074,-0.0753,0.0585,318,0,0,2,2,2,2,2,97,0.262,0.082,0,1,0,80074,3,4.6,8.5,3,3,49,0,1,0,21,4,217205,1
B11482,Rohan Verma,31,Delhi,self-employed,3.2,28702,1,2,120000,12,home-repair,0,4,3,4,8.5,0,39,27005,17134,24938,0.091,0.0059,0.0544,281,1,1,1,2,2,2,2,54,0.273,0.03,0,1,0,28169,0,0,8.5,1,1,85,1,0,0,7,5,19862,5
B11483,Rohan Das,38,Surat,daily-wage,2.5,41826,1,0,106000,12,medical,0,5,2,6,25.2,2,59,38910,26441,28783,0.102,-0.0301,0.0648,317,1,1,0,2,0,2,2,61,0.392,0.075,0,5,0,46685,3,4.2,6.9,1,0,78,4,1,1,4,5,110587,3
B11484,Nikhil Nair,44,Hyderabad,salaried,6.0,51646,4,3,113000,18,education,0,2,2,1,22.3,0,39,54365,32884,12742,0.06,-0.037,0.0467,343,0,0,2,2,2,1,2,56,0.269,0.065,0,2,0,53949,6,4.7,2.2,3,2,109,2,0,0,8,6,0,2
B11485,Rajesh Nair,35,Delhi,salaried,3.1,68908,5,2,254000,6,medical,0,2,2,0,2.2,0,0,70825,44579,25737,0.078,0.0098,0.029,318,0,0,2,2,2,2,2,98,0.388,0.062,0,1,2,73146,3,4.7,7.8,2,3,106,0,0,0,32,6,355252,2
B11486,Meera Agarwal,40,Jaipur,salaried,8.3,58047,3,1,117000,18,business,0,2,2,1,12.1,0,37,54462,33840,17986,0.048,-0.0053,0.1074,336,0,0,2,2,2,2,2,74,0.328,0.03,0,1,1,52888,2,3.7,11.9,4,2,73,4,0,0,14,6,211514,2
B11487,Diya Kulkarni,34,Kolkata,self-employed,1.9,38462,5,1,268000,3,education,0,2,2,1,4.7,0,43,40476,29476,30939,0.052,0.0686,-0.0407,303,0,0,2,2,2,2,2,41,0.44,0.216,1,1,0,38876,0,0,9.0,1,0,101,3,1,0,8,3,2092,3
B11488,Amit Singh,32,Bengaluru,daily-wage,0.3,14900,4,3,117000,3,business,0,1,1,0,2.2,0,0,14753,11324,12504,0.059,-0.0158,-0.0423,273,1,0,2,2,1,2,1,71,0.496,0.07,0,1,0,13999,2,4.5,6.6,4,0,83,4,1,0,1,1,14987,4
B11489,Ishaan Khan,19,Kolkata,self-employed,3.0,11777,5,4,62000,12,business,0,3,1,2,16.8,2,53,12361,7902,9327,0.121,0.1085,-0.0841,320,0,1,0,0,2,2,1,60,0.335,0.243,1,1,1,17184,3,4.2,9.6,2,1,107,4,0,0,5,0,5006,0
B11490,Myra Sharma,19,Mumbai,business,2.5,34853,2,2,301000,12,home-repair,0,4,4,2,25.2,0,44,33556,22246,27174,0.089,0.061,0.1349,374,3,1,0,1,2,2,2,52,0.27,0.087,0,1,0,33381,1,4.5,2.9,3,0,24,4,1,1,5,1,70241,5
B11491,Ravi Iyer,19,Pune,self-employed,5.6,21543,4,0,97000,24,personal,0,1,0,1,21.3,1,32,22365,16226,21998,0.039,0.0204,-0.0161,344,0,1,0,2,2,2,2,60,0.305,0.121,0,1,0,19281,0,0,3.4,3,1,96,1,0,0,3,1,23026,0
B11492,Myra Mishra,19,Mumbai,salaried,0.8,22049,4,3,51000,12,medical,0,1,1,0,0.5,0,0,21726,13708,19354,0.051,0.0325,-0.0348,279,4,0,2,1,2,0,1,76,0.284,0.033,0,3,2,21265,3,4.3,2.7,3,1,23,1,1,0,7,6,45600,0
B11493,Pooja Singh,33,Indore,business,5.2,26761,5,1,137000,12,home-repair,0,3,3,1,16.8,0,58,25445,17517,19077,0.082,-0.0941,-0.0296,297,2,1,2,2,2,0,2,46,0.414,0.265,0,2,0,23987,0,0,4.4,0,1,37,0,1,0,0,0,0,5
B11494,Kabir Yadav,35,Bengaluru,self-employed,7.5,43016,6,1,161000,18,home-repair,0,1,1,0,0.7,0,0,39341,20523,11284,0.055,0.0278,0.0193,341,0,0,2,1,2,2,1,86,0.229,0.022,0,2,0,42079,2,4.9,4.2,2,1,63,0,1,1,24,0,30121,0
B11495,Krishna Agarwal,26,Pune,daily-wage,0.6,11628,2,2,50000,12,medical,0,1,1,0,3.0,0,0,11432,6778,7787,0.066,-0.0423,0.1401,351,1,0,0,0,1,1,0,49,0.28,0.253,1,1,0,11633,2,3.9,9.4,2,1,100,3,0,0,1,2,5457,1
B11496,Kiran Rao,33,Kolkata,salaried,3.5,36599,1,1,129000,12,business,0,5,4,3,15.9,1,53,34308,22394,17312,0.058,-0.013,-0.047,290,2,1,1,2,2,2,2,69,0.434,0.025,0,3,0,34390,2,4.3,2.2,1,0,109,3,0,0,4,6,74207,5
B11497,Geeta Sharma,37,Pune,daily-wage,6.2,58374,1,4,185000,3,home-repair,0,4,4,0,0.6,0,0,59744,38559,11651,0.053,0.0177,-0.1999,321,0,0,2,2,2,2,2,93,0.431,0.043,0,2,0,62597,3,3.9,9.4,2,3,81,0,0,0,8,5,79634,0
B11498,Sai Bose,37,Delhi,salaried,7.9,43177,1,4,86000,6,home-repair,0,2,2,0,0.8,0,0,38957,27440,15328,0.041,-0.0132,-0.0987,310,1,0,2,2,2,0,1,83,0.235,0.108,0,1,0,33821,2,4.3,4.7,0,3,102,4,1,0,10,6,17806,0
B11499,Sanjay Iyer,38,Delhi,daily-wage,13.0,57310,1,3,115000,12,business,0,2,2,1,5.0,0,21,60226,34687,20741,0.045,-0.0574,0.1053,359,0,0,2,2,2,2,2,87,0.214,0.077,1,3,0,62235,3,4.5,6.0,3,3,40,3,1,1,32,3,99177,0
B11500,Amit Bose,50,Bengaluru,self-employed,1.8,25350,5,4,190000,18,medical,1,0,0,0,3.2,0,0,25037,18666,25389,0.056,-0.0131,0.0386,345,0,0,0,2,2,2,1,49,0.323,0.124,0,1,0,26914,2,4.1,9.3,0,0,18,1,1,1,9,2,4564,0
