borrower_id,doc_type,file_name,status,quality_score,note
B10001,identity,b10001_identity.pdf,verified,75,Structured checks passed
B10001,bank_statement,b10001_bank_statement.pdf,verified,69,Structured checks passed
B10001,income_document,b10001_income_document.pdf,verified,59,Structured checks passed
B10001,business_document,b10001_business_document.pdf,verified,63,Structured checks passed
B10002,identity,b10002_identity.pdf,verified,78,Structured checks passed
B10002,bank_statement,b10002_bank_statement.pdf,verified,73,Structured checks passed
B10002,income_document,b10002_income_document.pdf,verified,81,Structured checks passed
B10002,business_document,b10002_business_document.pdf,verified,71,Structured checks passed
B10003,identity,b10003_identity.pdf,verified,61,Structured checks passed
B10003,bank_statement,b10003_bank_statement.pdf,verified,50,Structured checks passed
B10003,income_document,b10003_income_document.pdf,needs_review,61,OCR pending — status from structured verification
B10003,business_document,b10003_business_document.pdf,verified,62,Structured checks passed
B10004,identity,b10004_identity.pdf,verified,85,Structured checks passed
B10004,bank_statement,b10004_bank_statement.pdf,verified,93,Structured checks passed
B10004,income_document,b10004_income_document.pdf,needs_review,99,OCR pending — status from structured verification
B10004,salary_slip,b10004_salary_slip.pdf,needs_review,95,OCR pending — status from structured verification
B10005,identity,b10005_identity.pdf,suspicious,54,OCR pending — status from structured verification
B10005,bank_statement,b10005_bank_statement.pdf,verified,59,Structured checks passed
B10005,income_document,b10005_income_document.pdf,suspicious,42,OCR pending — status from structured verification
B10005,salary_slip,b10005_salary_slip.pdf,suspicious,51,OCR pending — status from structured verification
B10006,identity,b10006_identity.pdf,verified,59,Structured checks passed
B10006,bank_statement,b10006_bank_statement.pdf,verified,55,Structured checks passed
B10006,income_document,b10006_income_document.pdf,needs_review,66,OCR pending — status from structured verification
B10007,identity,b10007_identity.pdf,needs_review,88,OCR pending — status from structured verification
B10007,bank_statement,b10007_bank_statement.pdf,needs_review,75,OCR pending — status from structured verification
B10007,income_document,b10007_income_document.pdf,verified,71,Structured checks passed
B10007,business_document,b10007_business_document.pdf,needs_review,77,OCR pending — status from structured verification
B10008,identity,b10008_identity.pdf,verified,52,Structured checks passed
B10008,bank_statement,b10008_bank_statement.pdf,needs_review,53,OCR pending — status from structured verification
B10008,income_document,b10008_income_document.pdf,verified,53,Structured checks passed
B10009,identity,b10009_identity.pdf,verified,77,Structured checks passed
B10009,bank_statement,b10009_bank_statement.pdf,verified,68,Structured checks passed
B10009,income_document,b10009_income_document.pdf,verified,73,Structured checks passed
B10010,identity,b10010_identity.pdf,verified,88,Structured checks passed
B10010,bank_statement,b10010_bank_statement.pdf,verified,93,Structured checks passed
B10010,income_document,b10010_income_document.pdf,verified,95,Structured checks passed
B10011,identity,b10011_identity.pdf,verified,32,Structured checks passed
B10011,bank_statement,b10011_bank_statement.pdf,needs_review,33,OCR pending — status from structured verification
B10011,income_document,b10011_income_document.pdf,suspicious,42,OCR pending — status from structured verification
B10012,identity,b10012_identity.pdf,verified,61,Structured checks passed
B10012,bank_statement,b10012_bank_statement.pdf,verified,55,Structured checks passed
B10012,income_document,b10012_income_document.pdf,verified,56,Structured checks passed
B10012,business_document,b10012_business_document.pdf,verified,49,Structured checks passed
B10013,identity,b10013_identity.pdf,verified,49,Structured checks passed
B10013,bank_statement,b10013_bank_statement.pdf,verified,52,Structured checks passed
B10013,income_document,b10013_income_document.pdf,suspicious,46,OCR pending — status from structured verification
B10014,identity,b10014_identity.pdf,verified,48,Structured checks passed
B10014,bank_statement,b10014_bank_statement.pdf,needs_review,61,OCR pending — status from structured verification
B10014,income_document,b10014_income_document.pdf,suspicious,45,OCR pending — status from structured verification
B10015,identity,b10015_identity.pdf,verified,40,Structured checks passed
B10015,bank_statement,b10015_bank_statement.pdf,verified,37,Structured checks passed
B10015,income_document,b10015_income_document.pdf,verified,52,Structured checks passed
B10015,salary_slip,b10015_salary_slip.pdf,verified,50,Structured checks passed
B10016,identity,b10016_identity.pdf,verified,82,Structured checks passed
B10016,bank_statement,b10016_bank_statement.pdf,verified,81,Structured checks passed
B10016,income_document,b10016_income_document.pdf,verified,65,Structured checks passed
B10016,business_document,b10016_business_document.pdf,verified,78,Structured checks passed
B10017,identity,b10017_identity.pdf,needs_review,53,OCR pending — status from structured verification
B10017,bank_statement,b10017_bank_statement.pdf,verified,60,Structured checks passed
B10017,income_document,b10017_income_document.pdf,verified,65,Structured checks passed
B10018,identity,b10018_identity.pdf,verified,79,Structured checks passed
B10018,bank_statement,b10018_bank_statement.pdf,verified,68,Structured checks passed
B10018,income_document,b10018_income_document.pdf,verified,65,Structured checks passed
B10018,salary_slip,b10018_salary_slip.pdf,verified,70,Structured checks passed
B10019,identity,b10019_identity.pdf,verified,80,Structured checks passed
B10019,bank_statement,b10019_bank_statement.pdf,verified,89,Structured checks passed
B10019,income_document,b10019_income_document.pdf,verified,86,Structured checks passed
B10020,identity,b10020_identity.pdf,verified,50,Structured checks passed
B10020,bank_statement,b10020_bank_statement.pdf,verified,51,Structured checks passed
B10020,income_document,b10020_income_document.pdf,verified,48,Structured checks passed
B10020,business_document,b10020_business_document.pdf,verified,48,Structured checks passed
B10021,identity,b10021_identity.pdf,verified,61,Structured checks passed
B10021,bank_statement,b10021_bank_statement.pdf,suspicious,64,OCR pending — status from structured verification
B10021,income_document,b10021_income_document.pdf,verified,71,Structured checks passed
B10021,business_document,b10021_business_document.pdf,suspicious,65,OCR pending — status from structured verification
B10022,identity,b10022_identity.pdf,verified,69,Structured checks passed
B10022,bank_statement,b10022_bank_statement.pdf,verified,67,Structured checks passed
B10022,income_document,b10022_income_document.pdf,verified,67,Structured checks passed
B10022,business_document,b10022_business_document.pdf,verified,56,Structured checks passed
B10023,identity,b10023_identity.pdf,verified,63,Structured checks passed
B10023,bank_statement,b10023_bank_statement.pdf,verified,51,Structured checks passed
B10023,income_document,b10023_income_document.pdf,needs_review,52,OCR pending — status from structured verification
B10023,business_document,b10023_business_document.pdf,verified,48,Structured checks passed
B10024,identity,b10024_identity.pdf,suspicious,83,OCR pending — status from structured verification
B10024,bank_statement,b10024_bank_statement.pdf,needs_review,77,OCR pending — status from structured verification
B10024,income_document,b10024_income_document.pdf,needs_review,94,OCR pending — status from structured verification
B10025,identity,b10025_identity.pdf,suspicious,42,OCR pending — status from structured verification
B10025,bank_statement,b10025_bank_statement.pdf,suspicious,47,OCR pending — status from structured verification
B10025,income_document,b10025_income_document.pdf,verified,50,Structured checks passed
B10025,salary_slip,b10025_salary_slip.pdf,verified,46,Structured checks passed
B10026,identity,b10026_identity.pdf,verified,82,Structured checks passed
B10026,bank_statement,b10026_bank_statement.pdf,verified,64,Structured checks passed
B10026,income_document,b10026_income_document.pdf,verified,65,Structured checks passed
B10026,salary_slip,b10026_salary_slip.pdf,verified,69,Structured checks passed
B10027,identity,b10027_identity.pdf,suspicious,70,OCR pending — status from structured verification
B10027,bank_statement,b10027_bank_statement.pdf,suspicious,55,OCR pending — status from structured verification
B10027,income_document,b10027_income_document.pdf,verified,55,Structured checks passed
B10028,identity,b10028_identity.pdf,verified,73,Structured checks passed
B10028,bank_statement,b10028_bank_statement.pdf,needs_review,71,OCR pending — status from structured verification
B10028,income_document,b10028_income_document.pdf,verified,61,Structured checks passed
B10029,identity,b10029_identity.pdf,suspicious,54,OCR pending — status from structured verification
B10029,bank_statement,b10029_bank_statement.pdf,verified,58,Structured checks passed
B10029,income_document,b10029_income_document.pdf,verified,57,Structured checks passed
B10029,business_document,b10029_business_document.pdf,verified,49,Structured checks passed
B10030,identity,b10030_identity.pdf,verified,64,Structured checks passed
B10030,bank_statement,b10030_bank_statement.pdf,verified,66,Structured checks passed
B10030,income_document,b10030_income_document.pdf,verified,75,Structured checks passed
B10031,identity,b10031_identity.pdf,verified,81,Structured checks passed
B10031,bank_statement,b10031_bank_statement.pdf,verified,88,Structured checks passed
B10031,income_document,b10031_income_document.pdf,verified,87,Structured checks passed
B10031,salary_slip,b10031_salary_slip.pdf,verified,97,Structured checks passed
B10032,identity,b10032_identity.pdf,needs_review,78,OCR pending — status from structured verification
B10032,bank_statement,b10032_bank_statement.pdf,suspicious,90,OCR pending — status from structured verification
B10032,income_document,b10032_income_document.pdf,needs_review,96,OCR pending — status from structured verification
B10033,identity,b10033_identity.pdf,suspicious,50,OCR pending — status from structured verification
B10033,bank_statement,b10033_bank_statement.pdf,verified,65,Structured checks passed
B10033,income_document,b10033_income_document.pdf,verified,59,Structured checks passed
B10033,salary_slip,b10033_salary_slip.pdf,verified,58,Structured checks passed
B10034,identity,b10034_identity.pdf,verified,38,Structured checks passed
B10034,bank_statement,b10034_bank_statement.pdf,verified,43,Structured checks passed
B10034,income_document,b10034_income_document.pdf,verified,53,Structured checks passed
B10034,salary_slip,b10034_salary_slip.pdf,verified,49,Structured checks passed
B10035,identity,b10035_identity.pdf,verified,78,Structured checks passed
B10035,bank_statement,b10035_bank_statement.pdf,needs_review,58,OCR pending — status from structured verification
B10035,income_document,b10035_income_document.pdf,verified,68,Structured checks passed
B10035,salary_slip,b10035_salary_slip.pdf,verified,58,Structured checks passed
B10036,identity,b10036_identity.pdf,needs_review,51,OCR pending — status from structured verification
B10036,bank_statement,b10036_bank_statement.pdf,verified,45,Structured checks passed
B10036,income_document,b10036_income_document.pdf,suspicious,43,OCR pending — status from structured verification
B10037,identity,b10037_identity.pdf,verified,52,Structured checks passed
B10037,bank_statement,b10037_bank_statement.pdf,suspicious,61,OCR pending — status from structured verification
B10037,income_document,b10037_income_document.pdf,verified,63,Structured checks passed
B10037,salary_slip,b10037_salary_slip.pdf,verified,55,Structured checks passed
B10038,identity,b10038_identity.pdf,verified,85,Structured checks passed
B10038,bank_statement,b10038_bank_statement.pdf,verified,84,Structured checks passed
B10038,income_document,b10038_income_document.pdf,verified,90,Structured checks passed
B10038,salary_slip,b10038_salary_slip.pdf,verified,85,Structured checks passed
B10039,identity,b10039_identity.pdf,verified,81,Structured checks passed
B10039,bank_statement,b10039_bank_statement.pdf,verified,85,Structured checks passed
B10039,income_document,b10039_income_document.pdf,verified,83,Structured checks passed
B10040,identity,b10040_identity.pdf,verified,54,Structured checks passed
B10040,bank_statement,b10040_bank_statement.pdf,verified,56,Structured checks passed
B10040,income_document,b10040_income_document.pdf,suspicious,57,OCR pending — status from structured verification
B10041,identity,b10041_identity.pdf,needs_review,43,OCR pending — status from structured verification
B10041,bank_statement,b10041_bank_statement.pdf,verified,55,Structured checks passed
B10041,income_document,b10041_income_document.pdf,suspicious,55,OCR pending — status from structured verification
B10042,identity,b10042_identity.pdf,needs_review,57,OCR pending — status from structured verification
B10042,bank_statement,b10042_bank_statement.pdf,verified,70,Structured checks passed
B10042,income_document,b10042_income_document.pdf,needs_review,57,OCR pending — status from structured verification
B10042,business_document,b10042_business_document.pdf,verified,67,Structured checks passed
B10043,identity,b10043_identity.pdf,needs_review,78,OCR pending — status from structured verification
B10043,bank_statement,b10043_bank_statement.pdf,needs_review,69,OCR pending — status from structured verification
B10043,income_document,b10043_income_document.pdf,verified,82,Structured checks passed
B10044,identity,b10044_identity.pdf,verified,90,Structured checks passed
B10044,bank_statement,b10044_bank_statement.pdf,verified,92,Structured checks passed
B10044,income_document,b10044_income_document.pdf,verified,92,Structured checks passed
B10044,business_document,b10044_business_document.pdf,verified,81,Structured checks passed
B10045,identity,b10045_identity.pdf,suspicious,49,OCR pending — status from structured verification
B10045,bank_statement,b10045_bank_statement.pdf,verified,53,Structured checks passed
B10045,income_document,b10045_income_document.pdf,suspicious,46,OCR pending — status from structured verification
B10045,business_document,b10045_business_document.pdf,verified,56,Structured checks passed
B10046,identity,b10046_identity.pdf,needs_review,73,OCR pending — status from structured verification
B10046,bank_statement,b10046_bank_statement.pdf,verified,84,Structured checks passed
B10046,income_document,b10046_income_document.pdf,verified,68,Structured checks passed
B10047,identity,b10047_identity.pdf,needs_review,57,OCR pending — status from structured verification
B10047,bank_statement,b10047_bank_statement.pdf,verified,60,Structured checks passed
B10047,income_document,b10047_income_document.pdf,verified,53,Structured checks passed
B10047,business_document,b10047_business_document.pdf,verified,66,Structured checks passed
B10048,identity,b10048_identity.pdf,verified,38,Structured checks passed
B10048,bank_statement,b10048_bank_statement.pdf,verified,49,Structured checks passed
B10048,income_document,b10048_income_document.pdf,needs_review,40,OCR pending — status from structured verification
B10048,salary_slip,b10048_salary_slip.pdf,needs_review,29,OCR pending — status from structured verification
B10049,identity,b10049_identity.pdf,verified,52,Structured checks passed
B10049,bank_statement,b10049_bank_statement.pdf,verified,59,Structured checks passed
B10049,income_document,b10049_income_document.pdf,verified,60,Structured checks passed
B10049,business_document,b10049_business_document.pdf,verified,55,Structured checks passed
B10050,identity,b10050_identity.pdf,verified,71,Structured checks passed
B10050,bank_statement,b10050_bank_statement.pdf,suspicious,74,OCR pending — status from structured verification
B10050,income_document,b10050_income_document.pdf,suspicious,88,OCR pending — status from structured verification
B10050,business_document,b10050_business_document.pdf,suspicious,88,OCR pending — status from structured verification
B10051,identity,b10051_identity.pdf,verified,99,Structured checks passed
B10051,bank_statement,b10051_bank_statement.pdf,verified,87,Structured checks passed
B10051,income_document,b10051_income_document.pdf,verified,99,Structured checks passed
B10051,salary_slip,b10051_salary_slip.pdf,verified,99,Structured checks passed
B10052,identity,b10052_identity.pdf,verified,83,Structured checks passed
B10052,bank_statement,b10052_bank_statement.pdf,verified,83,Structured checks passed
B10052,income_document,b10052_income_document.pdf,verified,98,Structured checks passed
B10053,identity,b10053_identity.pdf,verified,86,Structured checks passed
B10053,bank_statement,b10053_bank_statement.pdf,needs_review,76,OCR pending — status from structured verification
B10053,income_document,b10053_income_document.pdf,verified,87,Structured checks passed
B10054,identity,b10054_identity.pdf,verified,79,Structured checks passed
B10054,bank_statement,b10054_bank_statement.pdf,verified,67,Structured checks passed
B10054,income_document,b10054_income_document.pdf,verified,71,Structured checks passed
B10055,identity,b10055_identity.pdf,verified,72,Structured checks passed
B10055,bank_statement,b10055_bank_statement.pdf,verified,74,Structured checks passed
B10055,income_document,b10055_income_document.pdf,verified,69,Structured checks passed
B10056,identity,b10056_identity.pdf,verified,71,Structured checks passed
B10056,bank_statement,b10056_bank_statement.pdf,verified,76,Structured checks passed
B10056,income_document,b10056_income_document.pdf,verified,84,Structured checks passed
B10056,salary_slip,b10056_salary_slip.pdf,verified,73,Structured checks passed
B10057,identity,b10057_identity.pdf,verified,57,Structured checks passed
B10057,bank_statement,b10057_bank_statement.pdf,verified,76,Structured checks passed
B10057,income_document,b10057_income_document.pdf,verified,68,Structured checks passed
B10057,salary_slip,b10057_salary_slip.pdf,verified,76,Structured checks passed
B10058,identity,b10058_identity.pdf,verified,78,Structured checks passed
B10058,bank_statement,b10058_bank_statement.pdf,verified,87,Structured checks passed
B10058,income_document,b10058_income_document.pdf,verified,75,Structured checks passed
B10059,identity,b10059_identity.pdf,verified,64,Structured checks passed
B10059,bank_statement,b10059_bank_statement.pdf,needs_review,77,OCR pending — status from structured verification
B10059,income_document,b10059_income_document.pdf,needs_review,80,OCR pending — status from structured verification
B10059,salary_slip,b10059_salary_slip.pdf,needs_review,63,OCR pending — status from structured verification
B10060,identity,b10060_identity.pdf,verified,74,Structured checks passed
B10060,bank_statement,b10060_bank_statement.pdf,verified,78,Structured checks passed
B10060,income_document,b10060_income_document.pdf,verified,76,Structured checks passed
B10061,identity,b10061_identity.pdf,verified,64,Structured checks passed
B10061,bank_statement,b10061_bank_statement.pdf,verified,64,Structured checks passed
B10061,income_document,b10061_income_document.pdf,verified,57,Structured checks passed
B10061,business_document,b10061_business_document.pdf,verified,68,Structured checks passed
B10062,identity,b10062_identity.pdf,verified,99,Structured checks passed
B10062,bank_statement,b10062_bank_statement.pdf,verified,92,Structured checks passed
B10062,income_document,b10062_income_document.pdf,verified,90,Structured checks passed
B10062,business_document,b10062_business_document.pdf,verified,89,Structured checks passed
B10063,identity,b10063_identity.pdf,verified,91,Structured checks passed
B10063,bank_statement,b10063_bank_statement.pdf,verified,93,Structured checks passed
B10063,income_document,b10063_income_document.pdf,verified,99,Structured checks passed
B10063,business_document,b10063_business_document.pdf,verified,96,Structured checks passed
B10064,identity,b10064_identity.pdf,verified,77,Structured checks passed
B10064,bank_statement,b10064_bank_statement.pdf,verified,85,Structured checks passed
B10064,income_document,b10064_income_document.pdf,needs_review,82,OCR pending — status from structured verification
B10064,business_document,b10064_business_document.pdf,verified,70,Structured checks passed
B10065,identity,b10065_identity.pdf,verified,63,Structured checks passed
B10065,bank_statement,b10065_bank_statement.pdf,verified,56,Structured checks passed
B10065,income_document,b10065_income_document.pdf,verified,70,Structured checks passed
B10065,business_document,b10065_business_document.pdf,verified,69,Structured checks passed
B10066,identity,b10066_identity.pdf,verified,45,Structured checks passed
B10066,bank_statement,b10066_bank_statement.pdf,verified,49,Structured checks passed
B10066,income_document,b10066_income_document.pdf,verified,47,Structured checks passed
B10066,salary_slip,b10066_salary_slip.pdf,verified,61,Structured checks passed
B10067,identity,b10067_identity.pdf,suspicious,72,OCR pending — status from structured verification
B10067,bank_statement,b10067_bank_statement.pdf,suspicious,65,OCR pending — status from structured verification
B10067,income_document,b10067_income_document.pdf,verified,55,Structured checks passed
B10067,salary_slip,b10067_salary_slip.pdf,verified,55,Structured checks passed
B10068,identity,b10068_identity.pdf,needs_review,61,OCR pending — status from structured verification
B10068,bank_statement,b10068_bank_statement.pdf,verified,55,Structured checks passed
B10068,income_document,b10068_income_document.pdf,needs_review,61,OCR pending — status from structured verification
B10068,business_document,b10068_business_document.pdf,verified,63,Structured checks passed
B10069,identity,b10069_identity.pdf,needs_review,90,OCR pending — status from structured verification
B10069,bank_statement,b10069_bank_statement.pdf,needs_review,99,OCR pending — status from structured verification
B10069,income_document,b10069_income_document.pdf,verified,96,Structured checks passed
B10069,business_document,b10069_business_document.pdf,needs_review,89,OCR pending — status from structured verification
B10070,identity,b10070_identity.pdf,verified,48,Structured checks passed
B10070,bank_statement,b10070_bank_statement.pdf,verified,46,Structured checks passed
B10070,income_document,b10070_income_document.pdf,verified,49,Structured checks passed
B10071,identity,b10071_identity.pdf,verified,88,Structured checks passed
B10071,bank_statement,b10071_bank_statement.pdf,verified,75,Structured checks passed
B10071,income_document,b10071_income_document.pdf,verified,91,Structured checks passed
B10071,salary_slip,b10071_salary_slip.pdf,verified,83,Structured checks passed
B10072,identity,b10072_identity.pdf,verified,69,Structured checks passed
B10072,bank_statement,b10072_bank_statement.pdf,verified,61,Structured checks passed
B10072,income_document,b10072_income_document.pdf,verified,74,Structured checks passed
B10073,identity,b10073_identity.pdf,needs_review,70,OCR pending — status from structured verification
B10073,bank_statement,b10073_bank_statement.pdf,needs_review,78,OCR pending — status from structured verification
B10073,income_document,b10073_income_document.pdf,verified,75,Structured checks passed
B10074,identity,b10074_identity.pdf,verified,76,Structured checks passed
B10074,bank_statement,b10074_bank_statement.pdf,verified,69,Structured checks passed
B10074,income_document,b10074_income_document.pdf,needs_review,76,OCR pending — status from structured verification
B10075,identity,b10075_identity.pdf,verified,69,Structured checks passed
B10075,bank_statement,b10075_bank_statement.pdf,verified,59,Structured checks passed
B10075,income_document,b10075_income_document.pdf,verified,57,Structured checks passed
B10075,salary_slip,b10075_salary_slip.pdf,verified,70,Structured checks passed
B10076,identity,b10076_identity.pdf,suspicious,29,OCR pending — status from structured verification
B10076,bank_statement,b10076_bank_statement.pdf,verified,41,Structured checks passed
B10076,income_document,b10076_income_document.pdf,suspicious,32,OCR pending — status from structured verification
B10076,business_document,b10076_business_document.pdf,verified,31,Structured checks passed
B10077,identity,b10077_identity.pdf,verified,61,Structured checks passed
B10077,bank_statement,b10077_bank_statement.pdf,suspicious,70,OCR pending — status from structured verification
B10077,income_document,b10077_income_document.pdf,suspicious,59,OCR pending — status from structured verification
B10078,identity,b10078_identity.pdf,verified,85,Structured checks passed
B10078,bank_statement,b10078_bank_statement.pdf,verified,92,Structured checks passed
B10078,income_document,b10078_income_document.pdf,verified,99,Structured checks passed
B10078,salary_slip,b10078_salary_slip.pdf,verified,90,Structured checks passed
B10079,identity,b10079_identity.pdf,verified,60,Structured checks passed
B10079,bank_statement,b10079_bank_statement.pdf,verified,42,Structured checks passed
B10079,income_document,b10079_income_document.pdf,verified,52,Structured checks passed
B10080,identity,b10080_identity.pdf,verified,82,Structured checks passed
B10080,bank_statement,b10080_bank_statement.pdf,verified,87,Structured checks passed
B10080,income_document,b10080_income_document.pdf,needs_review,82,OCR pending — status from structured verification
B10080,salary_slip,b10080_salary_slip.pdf,needs_review,78,OCR pending — status from structured verification
B10081,identity,b10081_identity.pdf,needs_review,66,OCR pending — status from structured verification
B10081,bank_statement,b10081_bank_statement.pdf,verified,58,Structured checks passed
B10081,income_document,b10081_income_document.pdf,verified,72,Structured checks passed
B10082,identity,b10082_identity.pdf,suspicious,45,OCR pending — status from structured verification
B10082,bank_statement,b10082_bank_statement.pdf,suspicious,41,OCR pending — status from structured verification
B10082,income_document,b10082_income_document.pdf,suspicious,52,OCR pending — status from structured verification
B10082,business_document,b10082_business_document.pdf,suspicious,59,OCR pending — status from structured verification
B10083,identity,b10083_identity.pdf,verified,61,Structured checks passed
B10083,bank_statement,b10083_bank_statement.pdf,verified,57,Structured checks passed
B10083,income_document,b10083_income_document.pdf,verified,56,Structured checks passed
B10084,identity,b10084_identity.pdf,needs_review,29,OCR pending — status from structured verification
B10084,bank_statement,b10084_bank_statement.pdf,suspicious,25,OCR pending — status from structured verification
B10084,income_document,b10084_income_document.pdf,needs_review,22,OCR pending — status from structured verification
B10085,identity,b10085_identity.pdf,needs_review,61,OCR pending — status from structured verification
B10085,bank_statement,b10085_bank_statement.pdf,verified,60,Structured checks passed
B10085,income_document,b10085_income_document.pdf,verified,57,Structured checks passed
B10085,salary_slip,b10085_salary_slip.pdf,verified,74,Structured checks passed
B10086,identity,b10086_identity.pdf,verified,76,Structured checks passed
B10086,bank_statement,b10086_bank_statement.pdf,verified,63,Structured checks passed
B10086,income_document,b10086_income_document.pdf,verified,68,Structured checks passed
B10086,business_document,b10086_business_document.pdf,verified,72,Structured checks passed
B10087,identity,b10087_identity.pdf,needs_review,54,OCR pending — status from structured verification
B10087,bank_statement,b10087_bank_statement.pdf,verified,53,Structured checks passed
B10087,income_document,b10087_income_document.pdf,suspicious,56,OCR pending — status from structured verification
B10087,business_document,b10087_business_document.pdf,verified,64,Structured checks passed
B10088,identity,b10088_identity.pdf,suspicious,75,OCR pending — status from structured verification
B10088,bank_statement,b10088_bank_statement.pdf,needs_review,76,OCR pending — status from structured verification
B10088,income_document,b10088_income_document.pdf,suspicious,66,OCR pending — status from structured verification
B10088,business_document,b10088_business_document.pdf,needs_review,65,OCR pending — status from structured verification
B10089,identity,b10089_identity.pdf,needs_review,40,OCR pending — status from structured verification
B10089,bank_statement,b10089_bank_statement.pdf,suspicious,55,OCR pending — status from structured verification
B10089,income_document,b10089_income_document.pdf,suspicious,43,OCR pending — status from structured verification
B10090,identity,b10090_identity.pdf,verified,85,Structured checks passed
B10090,bank_statement,b10090_bank_statement.pdf,verified,81,Structured checks passed
B10090,income_document,b10090_income_document.pdf,verified,75,Structured checks passed
B10090,salary_slip,b10090_salary_slip.pdf,verified,76,Structured checks passed
B10091,identity,b10091_identity.pdf,needs_review,57,OCR pending — status from structured verification
B10091,bank_statement,b10091_bank_statement.pdf,verified,51,Structured checks passed
B10091,income_document,b10091_income_document.pdf,suspicious,51,OCR pending — status from structured verification
B10091,business_document,b10091_business_document.pdf,verified,61,Structured checks passed
B10092,identity,b10092_identity.pdf,verified,82,Structured checks passed
B10092,bank_statement,b10092_bank_statement.pdf,verified,84,Structured checks passed
B10092,income_document,b10092_income_document.pdf,verified,73,Structured checks passed
B10093,identity,b10093_identity.pdf,verified,70,Structured checks passed
B10093,bank_statement,b10093_bank_statement.pdf,verified,70,Structured checks passed
B10093,income_document,b10093_income_document.pdf,suspicious,54,OCR pending — status from structured verification
B10094,identity,b10094_identity.pdf,needs_review,88,OCR pending — status from structured verification
B10094,bank_statement,b10094_bank_statement.pdf,verified,93,Structured checks passed
B10094,income_document,b10094_income_document.pdf,verified,85,Structured checks passed
B10094,salary_slip,b10094_salary_slip.pdf,verified,99,Structured checks passed
B10095,identity,b10095_identity.pdf,verified,55,Structured checks passed
B10095,bank_statement,b10095_bank_statement.pdf,verified,59,Structured checks passed
B10095,income_document,b10095_income_document.pdf,verified,58,Structured checks passed
B10095,salary_slip,b10095_salary_slip.pdf,verified,64,Structured checks passed
B10096,identity,b10096_identity.pdf,verified,69,Structured checks passed
B10096,bank_statement,b10096_bank_statement.pdf,verified,84,Structured checks passed
B10096,income_document,b10096_income_document.pdf,verified,80,Structured checks passed
B10096,business_document,b10096_business_document.pdf,verified,79,Structured checks passed
B10097,identity,b10097_identity.pdf,verified,77,Structured checks passed
B10097,bank_statement,b10097_bank_statement.pdf,verified,80,Structured checks passed
B10097,income_document,b10097_income_document.pdf,verified,87,Structured checks passed
B10097,business_document,b10097_business_document.pdf,verified,73,Structured checks passed
B10098,identity,b10098_identity.pdf,verified,55,Structured checks passed
B10098,bank_statement,b10098_bank_statement.pdf,verified,59,Structured checks passed
B10098,income_document,b10098_income_document.pdf,verified,55,Structured checks passed
B10099,identity,b10099_identity.pdf,verified,79,Structured checks passed
B10099,bank_statement,b10099_bank_statement.pdf,verified,77,Structured checks passed
B10099,income_document,b10099_income_document.pdf,needs_review,85,OCR pending — status from structured verification
B10099,business_document,b10099_business_document.pdf,verified,79,Structured checks passed
B10100,identity,b10100_identity.pdf,verified,35,Structured checks passed
B10100,bank_statement,b10100_bank_statement.pdf,verified,46,Structured checks passed
B10100,income_document,b10100_income_document.pdf,verified,37,Structured checks passed
B10100,business_document,b10100_business_document.pdf,verified,35,Structured checks passed
B10101,identity,b10101_identity.pdf,suspicious,44,OCR pending — status from structured verification
B10101,bank_statement,b10101_bank_statement.pdf,needs_review,47,OCR pending — status from structured verification
B10101,income_document,b10101_income_document.pdf,suspicious,44,OCR pending — status from structured verification
B10101,salary_slip,b10101_salary_slip.pdf,suspicious,51,OCR pending — status from structured verification
B10102,identity,b10102_identity.pdf,verified,85,Structured checks passed
B10102,bank_statement,b10102_bank_statement.pdf,needs_review,94,OCR pending — status from structured verification
B10102,income_document,b10102_income_document.pdf,needs_review,98,OCR pending — status from structured verification
B10102,salary_slip,b10102_salary_slip.pdf,needs_review,91,OCR pending — status from structured verification
B10103,identity,b10103_identity.pdf,verified,56,Structured checks passed
B10103,bank_statement,b10103_bank_statement.pdf,needs_review,68,OCR pending — status from structured verification
B10103,income_document,b10103_income_document.pdf,needs_review,71,OCR pending — status from structured verification
B10104,identity,b10104_identity.pdf,verified,72,Structured checks passed
B10104,bank_statement,b10104_bank_statement.pdf,verified,62,Structured checks passed
B10104,income_document,b10104_income_document.pdf,needs_review,58,OCR pending — status from structured verification
B10104,salary_slip,b10104_salary_slip.pdf,needs_review,60,OCR pending — status from structured verification
B10105,identity,b10105_identity.pdf,needs_review,42,OCR pending — status from structured verification
B10105,bank_statement,b10105_bank_statement.pdf,verified,49,Structured checks passed
B10105,income_document,b10105_income_document.pdf,verified,51,Structured checks passed
B10106,identity,b10106_identity.pdf,verified,88,Structured checks passed
B10106,bank_statement,b10106_bank_statement.pdf,verified,92,Structured checks passed
B10106,income_document,b10106_income_document.pdf,verified,97,Structured checks passed
B10106,business_document,b10106_business_document.pdf,verified,99,Structured checks passed
B10107,identity,b10107_identity.pdf,verified,94,Structured checks passed
B10107,bank_statement,b10107_bank_statement.pdf,verified,86,Structured checks passed
B10107,income_document,b10107_income_document.pdf,verified,93,Structured checks passed
B10107,business_document,b10107_business_document.pdf,verified,90,Structured checks passed
B10108,identity,b10108_identity.pdf,suspicious,51,OCR pending — status from structured verification
B10108,bank_statement,b10108_bank_statement.pdf,verified,45,Structured checks passed
B10108,income_document,b10108_income_document.pdf,verified,54,Structured checks passed
B10108,business_document,b10108_business_document.pdf,verified,57,Structured checks passed
B10109,identity,b10109_identity.pdf,suspicious,77,OCR pending — status from structured verification
B10109,bank_statement,b10109_bank_statement.pdf,verified,63,Structured checks passed
B10109,income_document,b10109_income_document.pdf,verified,63,Structured checks passed
B10110,identity,b10110_identity.pdf,verified,59,Structured checks passed
B10110,bank_statement,b10110_bank_statement.pdf,verified,65,Structured checks passed
B10110,income_document,b10110_income_document.pdf,verified,55,Structured checks passed
B10110,salary_slip,b10110_salary_slip.pdf,verified,56,Structured checks passed
B10111,identity,b10111_identity.pdf,verified,52,Structured checks passed
B10111,bank_statement,b10111_bank_statement.pdf,suspicious,68,OCR pending — status from structured verification
B10111,income_document,b10111_income_document.pdf,suspicious,59,OCR pending — status from structured verification
B10111,business_document,b10111_business_document.pdf,suspicious,71,OCR pending — status from structured verification
B10112,identity,b10112_identity.pdf,verified,70,Structured checks passed
B10112,bank_statement,b10112_bank_statement.pdf,verified,72,Structured checks passed
B10112,income_document,b10112_income_document.pdf,verified,72,Structured checks passed
B10112,salary_slip,b10112_salary_slip.pdf,verified,70,Structured checks passed
B10113,identity,b10113_identity.pdf,verified,70,Structured checks passed
B10113,bank_statement,b10113_bank_statement.pdf,verified,77,Structured checks passed
B10113,income_document,b10113_income_document.pdf,verified,59,Structured checks passed
B10114,identity,b10114_identity.pdf,verified,93,Structured checks passed
B10114,bank_statement,b10114_bank_statement.pdf,verified,76,Structured checks passed
B10114,income_document,b10114_income_document.pdf,verified,78,Structured checks passed
B10115,identity,b10115_identity.pdf,suspicious,49,OCR pending — status from structured verification
B10115,bank_statement,b10115_bank_statement.pdf,verified,67,Structured checks passed
B10115,income_document,b10115_income_document.pdf,verified,60,Structured checks passed
B10115,business_document,b10115_business_document.pdf,verified,49,Structured checks passed
B10116,identity,b10116_identity.pdf,suspicious,64,OCR pending — status from structured verification
B10116,bank_statement,b10116_bank_statement.pdf,suspicious,69,OCR pending — status from structured verification
B10116,income_document,b10116_income_document.pdf,needs_review,63,OCR pending — status from structured verification
B10116,salary_slip,b10116_salary_slip.pdf,needs_review,62,OCR pending — status from structured verification
B10117,identity,b10117_identity.pdf,verified,71,Structured checks passed
B10117,bank_statement,b10117_bank_statement.pdf,needs_review,64,OCR pending — status from structured verification
B10117,income_document,b10117_income_document.pdf,needs_review,71,OCR pending — status from structured verification
B10118,identity,b10118_identity.pdf,suspicious,56,OCR pending — status from structured verification
B10118,bank_statement,b10118_bank_statement.pdf,suspicious,69,OCR pending — status from structured verification
B10118,income_document,b10118_income_document.pdf,verified,50,Structured checks passed
B10119,identity,b10119_identity.pdf,verified,67,Structured checks passed
B10119,bank_statement,b10119_bank_statement.pdf,verified,58,Structured checks passed
B10119,income_document,b10119_income_document.pdf,verified,69,Structured checks passed
B10119,salary_slip,b10119_salary_slip.pdf,verified,52,Structured checks passed
B10120,identity,b10120_identity.pdf,needs_review,70,OCR pending — status from structured verification
B10120,bank_statement,b10120_bank_statement.pdf,needs_review,65,OCR pending — status from structured verification
B10120,income_document,b10120_income_document.pdf,needs_review,72,OCR pending — status from structured verification
B10121,identity,b10121_identity.pdf,verified,63,Structured checks passed
B10121,bank_statement,b10121_bank_statement.pdf,verified,53,Structured checks passed
B10121,income_document,b10121_income_document.pdf,verified,51,Structured checks passed
B10121,business_document,b10121_business_document.pdf,verified,70,Structured checks passed
B10122,identity,b10122_identity.pdf,verified,67,Structured checks passed
B10122,bank_statement,b10122_bank_statement.pdf,verified,74,Structured checks passed
B10122,income_document,b10122_income_document.pdf,verified,78,Structured checks passed
B10123,identity,b10123_identity.pdf,verified,92,Structured checks passed
B10123,bank_statement,b10123_bank_statement.pdf,verified,99,Structured checks passed
B10123,income_document,b10123_income_document.pdf,verified,99,Structured checks passed
B10123,salary_slip,b10123_salary_slip.pdf,verified,97,Structured checks passed
B10124,identity,b10124_identity.pdf,suspicious,36,OCR pending — status from structured verification
B10124,bank_statement,b10124_bank_statement.pdf,suspicious,48,OCR pending — status from structured verification
B10124,income_document,b10124_income_document.pdf,verified,33,Structured checks passed
B10124,business_document,b10124_business_document.pdf,suspicious,49,OCR pending — status from structured verification
B10125,identity,b10125_identity.pdf,verified,49,Structured checks passed
B10125,bank_statement,b10125_bank_statement.pdf,verified,48,Structured checks passed
B10125,income_document,b10125_income_document.pdf,verified,47,Structured checks passed
B10126,identity,b10126_identity.pdf,verified,56,Structured checks passed
B10126,bank_statement,b10126_bank_statement.pdf,suspicious,58,OCR pending — status from structured verification
B10126,income_document,b10126_income_document.pdf,needs_review,57,OCR pending — status from structured verification
B10127,identity,b10127_identity.pdf,needs_review,63,OCR pending — status from structured verification
B10127,bank_statement,b10127_bank_statement.pdf,verified,64,Structured checks passed
B10127,income_document,b10127_income_document.pdf,verified,47,Structured checks passed
B10127,salary_slip,b10127_salary_slip.pdf,verified,46,Structured checks passed
B10128,identity,b10128_identity.pdf,suspicious,55,OCR pending — status from structured verification
B10128,bank_statement,b10128_bank_statement.pdf,verified,49,Structured checks passed
B10128,income_document,b10128_income_document.pdf,needs_review,49,OCR pending — status from structured verification
B10128,business_document,b10128_business_document.pdf,verified,37,Structured checks passed
B10129,identity,b10129_identity.pdf,suspicious,63,OCR pending — status from structured verification
B10129,bank_statement,b10129_bank_statement.pdf,verified,62,Structured checks passed
B10129,income_document,b10129_income_document.pdf,needs_review,66,OCR pending — status from structured verification
B10130,identity,b10130_identity.pdf,verified,54,Structured checks passed
B10130,bank_statement,b10130_bank_statement.pdf,verified,65,Structured checks passed
B10130,income_document,b10130_income_document.pdf,needs_review,65,OCR pending — status from structured verification
B10130,business_document,b10130_business_document.pdf,verified,68,Structured checks passed
B10131,identity,b10131_identity.pdf,verified,57,Structured checks passed
B10131,bank_statement,b10131_bank_statement.pdf,needs_review,63,OCR pending — status from structured verification
B10131,income_document,b10131_income_document.pdf,suspicious,62,OCR pending — status from structured verification
B10132,identity,b10132_identity.pdf,needs_review,69,OCR pending — status from structured verification
B10132,bank_statement,b10132_bank_statement.pdf,verified,82,Structured checks passed
B10132,income_document,b10132_income_document.pdf,verified,71,Structured checks passed
B10132,salary_slip,b10132_salary_slip.pdf,verified,84,Structured checks passed
B10133,identity,b10133_identity.pdf,verified,42,Structured checks passed
B10133,bank_statement,b10133_bank_statement.pdf,verified,54,Structured checks passed
B10133,income_document,b10133_income_document.pdf,verified,49,Structured checks passed
B10133,salary_slip,b10133_salary_slip.pdf,verified,44,Structured checks passed
B10134,identity,b10134_identity.pdf,needs_review,75,OCR pending — status from structured verification
B10134,bank_statement,b10134_bank_statement.pdf,needs_review,78,OCR pending — status from structured verification
B10134,income_document,b10134_income_document.pdf,verified,67,Structured checks passed
B10135,identity,b10135_identity.pdf,verified,70,Structured checks passed
B10135,bank_statement,b10135_bank_statement.pdf,verified,84,Structured checks passed
B10135,income_document,b10135_income_document.pdf,verified,81,Structured checks passed
B10135,business_document,b10135_business_document.pdf,verified,77,Structured checks passed
B10136,identity,b10136_identity.pdf,verified,76,Structured checks passed
B10136,bank_statement,b10136_bank_statement.pdf,verified,78,Structured checks passed
B10136,income_document,b10136_income_document.pdf,verified,71,Structured checks passed
B10137,identity,b10137_identity.pdf,needs_review,83,OCR pending — status from structured verification
B10137,bank_statement,b10137_bank_statement.pdf,suspicious,63,OCR pending — status from structured verification
B10137,income_document,b10137_income_document.pdf,suspicious,72,OCR pending — status from structured verification
B10137,salary_slip,b10137_salary_slip.pdf,suspicious,71,OCR pending — status from structured verification
B10138,identity,b10138_identity.pdf,verified,43,Structured checks passed
B10138,bank_statement,b10138_bank_statement.pdf,verified,34,Structured checks passed
B10138,income_document,b10138_income_document.pdf,needs_review,23,OCR pending — status from structured verification
B10138,salary_slip,b10138_salary_slip.pdf,needs_review,28,OCR pending — status from structured verification
B10139,identity,b10139_identity.pdf,verified,77,Structured checks passed
B10139,bank_statement,b10139_bank_statement.pdf,needs_review,70,OCR pending — status from structured verification
B10139,income_document,b10139_income_document.pdf,verified,75,Structured checks passed
B10140,identity,b10140_identity.pdf,verified,98,Structured checks passed
B10140,bank_statement,b10140_bank_statement.pdf,verified,88,Structured checks passed
B10140,income_document,b10140_income_document.pdf,verified,99,Structured checks passed
B10140,salary_slip,b10140_salary_slip.pdf,verified,98,Structured checks passed
B10141,identity,b10141_identity.pdf,verified,78,Structured checks passed
B10141,bank_statement,b10141_bank_statement.pdf,verified,68,Structured checks passed
B10141,income_document,b10141_income_document.pdf,verified,61,Structured checks passed
B10142,identity,b10142_identity.pdf,verified,63,Structured checks passed
B10142,bank_statement,b10142_bank_statement.pdf,verified,80,Structured checks passed
B10142,income_document,b10142_income_document.pdf,verified,73,Structured checks passed
B10142,salary_slip,b10142_salary_slip.pdf,verified,77,Structured checks passed
B10143,identity,b10143_identity.pdf,verified,65,Structured checks passed
B10143,bank_statement,b10143_bank_statement.pdf,suspicious,75,OCR pending — status from structured verification
B10143,income_document,b10143_income_document.pdf,suspicious,60,OCR pending — status from structured verification
B10143,business_document,b10143_business_document.pdf,suspicious,62,OCR pending — status from structured verification
B10144,identity,b10144_identity.pdf,verified,46,Structured checks passed
B10144,bank_statement,b10144_bank_statement.pdf,verified,57,Structured checks passed
B10144,income_document,b10144_income_document.pdf,needs_review,65,OCR pending — status from structured verification
B10144,business_document,b10144_business_document.pdf,verified,48,Structured checks passed
B10145,identity,b10145_identity.pdf,verified,56,Structured checks passed
B10145,bank_statement,b10145_bank_statement.pdf,needs_review,53,OCR pending — status from structured verification
B10145,income_document,b10145_income_document.pdf,verified,41,Structured checks passed
B10146,identity,b10146_identity.pdf,verified,86,Structured checks passed
B10146,bank_statement,b10146_bank_statement.pdf,verified,76,Structured checks passed
B10146,income_document,b10146_income_document.pdf,verified,74,Structured checks passed
B10146,salary_slip,b10146_salary_slip.pdf,verified,83,Structured checks passed
B10147,identity,b10147_identity.pdf,verified,74,Structured checks passed
B10147,bank_statement,b10147_bank_statement.pdf,verified,71,Structured checks passed
B10147,income_document,b10147_income_document.pdf,verified,58,Structured checks passed
B10147,business_document,b10147_business_document.pdf,verified,70,Structured checks passed
B10148,identity,b10148_identity.pdf,suspicious,62,OCR pending — status from structured verification
B10148,bank_statement,b10148_bank_statement.pdf,verified,55,Structured checks passed
B10148,income_document,b10148_income_document.pdf,verified,66,Structured checks passed
B10148,salary_slip,b10148_salary_slip.pdf,verified,73,Structured checks passed
B10149,identity,b10149_identity.pdf,verified,51,Structured checks passed
B10149,bank_statement,b10149_bank_statement.pdf,verified,54,Structured checks passed
B10149,income_document,b10149_income_document.pdf,needs_review,49,OCR pending — status from structured verification
B10150,identity,b10150_identity.pdf,verified,26,Structured checks passed
B10150,bank_statement,b10150_bank_statement.pdf,verified,32,Structured checks passed
B10150,income_document,b10150_income_document.pdf,verified,37,Structured checks passed
B10150,salary_slip,b10150_salary_slip.pdf,verified,42,Structured checks passed
B10151,identity,b10151_identity.pdf,needs_review,59,OCR pending — status from structured verification
B10151,bank_statement,b10151_bank_statement.pdf,verified,53,Structured checks passed
B10151,income_document,b10151_income_document.pdf,verified,51,Structured checks passed
B10152,identity,b10152_identity.pdf,verified,86,Structured checks passed
B10152,bank_statement,b10152_bank_statement.pdf,verified,74,Structured checks passed
B10152,income_document,b10152_income_document.pdf,verified,71,Structured checks passed
B10153,identity,b10153_identity.pdf,verified,69,Structured checks passed
B10153,bank_statement,b10153_bank_statement.pdf,verified,57,Structured checks passed
B10153,income_document,b10153_income_document.pdf,verified,64,Structured checks passed
B10154,identity,b10154_identity.pdf,verified,86,Structured checks passed
B10154,bank_statement,b10154_bank_statement.pdf,verified,69,Structured checks passed
B10154,income_document,b10154_income_document.pdf,verified,83,Structured checks passed
B10155,identity,b10155_identity.pdf,verified,70,Structured checks passed
B10155,bank_statement,b10155_bank_statement.pdf,verified,85,Structured checks passed
B10155,income_document,b10155_income_document.pdf,verified,76,Structured checks passed
B10155,business_document,b10155_business_document.pdf,verified,80,Structured checks passed
B10156,identity,b10156_identity.pdf,suspicious,55,OCR pending — status from structured verification
B10156,bank_statement,b10156_bank_statement.pdf,verified,56,Structured checks passed
B10156,income_document,b10156_income_document.pdf,needs_review,67,OCR pending — status from structured verification
B10156,salary_slip,b10156_salary_slip.pdf,needs_review,61,OCR pending — status from structured verification
B10157,identity,b10157_identity.pdf,suspicious,63,OCR pending — status from structured verification
B10157,bank_statement,b10157_bank_statement.pdf,needs_review,53,OCR pending — status from structured verification
B10157,income_document,b10157_income_document.pdf,suspicious,53,OCR pending — status from structured verification
B10158,identity,b10158_identity.pdf,verified,79,Structured checks passed
B10158,bank_statement,b10158_bank_statement.pdf,verified,70,Structured checks passed
B10158,income_document,b10158_income_document.pdf,verified,65,Structured checks passed
B10159,identity,b10159_identity.pdf,suspicious,43,OCR pending — status from structured verification
B10159,bank_statement,b10159_bank_statement.pdf,needs_review,44,OCR pending — status from structured verification
B10159,income_document,b10159_income_document.pdf,suspicious,39,OCR pending — status from structured verification
B10160,identity,b10160_identity.pdf,needs_review,54,OCR pending — status from structured verification
B10160,bank_statement,b10160_bank_statement.pdf,verified,69,Structured checks passed
B10160,income_document,b10160_income_document.pdf,verified,50,Structured checks passed
B10161,identity,b10161_identity.pdf,verified,52,Structured checks passed
B10161,bank_statement,b10161_bank_statement.pdf,verified,56,Structured checks passed
B10161,income_document,b10161_income_document.pdf,needs_review,55,OCR pending — status from structured verification
B10162,identity,b10162_identity.pdf,verified,60,Structured checks passed
B10162,bank_statement,b10162_bank_statement.pdf,suspicious,64,OCR pending — status from structured verification
B10162,income_document,b10162_income_document.pdf,verified,66,Structured checks passed
B10163,identity,b10163_identity.pdf,verified,92,Structured checks passed
B10163,bank_statement,b10163_bank_statement.pdf,verified,88,Structured checks passed
B10163,income_document,b10163_income_document.pdf,verified,95,Structured checks passed
B10164,identity,b10164_identity.pdf,verified,50,Structured checks passed
B10164,bank_statement,b10164_bank_statement.pdf,verified,45,Structured checks passed
B10164,income_document,b10164_income_document.pdf,verified,54,Structured checks passed
B10165,identity,b10165_identity.pdf,suspicious,56,OCR pending — status from structured verification
B10165,bank_statement,b10165_bank_statement.pdf,needs_review,68,OCR pending — status from structured verification
B10165,income_document,b10165_income_document.pdf,verified,59,Structured checks passed
B10166,identity,b10166_identity.pdf,verified,99,Structured checks passed
B10166,bank_statement,b10166_bank_statement.pdf,verified,92,Structured checks passed
B10166,income_document,b10166_income_document.pdf,verified,87,Structured checks passed
B10167,identity,b10167_identity.pdf,verified,62,Structured checks passed
B10167,bank_statement,b10167_bank_statement.pdf,verified,67,Structured checks passed
B10167,income_document,b10167_income_document.pdf,suspicious,55,OCR pending — status from structured verification
B10167,salary_slip,b10167_salary_slip.pdf,suspicious,62,OCR pending — status from structured verification
B10168,identity,b10168_identity.pdf,verified,55,Structured checks passed
B10168,bank_statement,b10168_bank_statement.pdf,suspicious,41,OCR pending — status from structured verification
B10168,income_document,b10168_income_document.pdf,verified,50,Structured checks passed
B10168,business_document,b10168_business_document.pdf,suspicious,49,OCR pending — status from structured verification
B10169,identity,b10169_identity.pdf,verified,58,Structured checks passed
B10169,bank_statement,b10169_bank_statement.pdf,verified,45,Structured checks passed
B10169,income_document,b10169_income_document.pdf,verified,48,Structured checks passed
B10169,salary_slip,b10169_salary_slip.pdf,verified,61,Structured checks passed
B10170,identity,b10170_identity.pdf,verified,49,Structured checks passed
B10170,bank_statement,b10170_bank_statement.pdf,needs_review,48,OCR pending — status from structured verification
B10170,income_document,b10170_income_document.pdf,verified,54,Structured checks passed
B10170,salary_slip,b10170_salary_slip.pdf,verified,55,Structured checks passed
B10171,identity,b10171_identity.pdf,needs_review,82,OCR pending — status from structured verification
B10171,bank_statement,b10171_bank_statement.pdf,verified,75,Structured checks passed
B10171,income_document,b10171_income_document.pdf,verified,76,Structured checks passed
B10171,business_document,b10171_business_document.pdf,verified,77,Structured checks passed
B10172,identity,b10172_identity.pdf,verified,77,Structured checks passed
B10172,bank_statement,b10172_bank_statement.pdf,verified,84,Structured checks passed
B10172,income_document,b10172_income_document.pdf,verified,78,Structured checks passed
B10172,salary_slip,b10172_salary_slip.pdf,verified,78,Structured checks passed
B10173,identity,b10173_identity.pdf,verified,94,Structured checks passed
B10173,bank_statement,b10173_bank_statement.pdf,verified,87,Structured checks passed
B10173,income_document,b10173_income_document.pdf,verified,97,Structured checks passed
B10173,salary_slip,b10173_salary_slip.pdf,verified,92,Structured checks passed
B10174,identity,b10174_identity.pdf,verified,45,Structured checks passed
B10174,bank_statement,b10174_bank_statement.pdf,verified,61,Structured checks passed
B10174,income_document,b10174_income_document.pdf,verified,44,Structured checks passed
B10174,salary_slip,b10174_salary_slip.pdf,verified,50,Structured checks passed
B10175,identity,b10175_identity.pdf,verified,78,Structured checks passed
B10175,bank_statement,b10175_bank_statement.pdf,verified,87,Structured checks passed
B10175,income_document,b10175_income_document.pdf,verified,79,Structured checks passed
B10176,identity,b10176_identity.pdf,verified,15,Structured checks passed
B10176,bank_statement,b10176_bank_statement.pdf,verified,28,Structured checks passed
B10176,income_document,b10176_income_document.pdf,verified,15,Structured checks passed
B10177,identity,b10177_identity.pdf,needs_review,79,OCR pending — status from structured verification
B10177,bank_statement,b10177_bank_statement.pdf,suspicious,83,OCR pending — status from structured verification
B10177,income_document,b10177_income_document.pdf,suspicious,76,OCR pending — status from structured verification
B10178,identity,b10178_identity.pdf,suspicious,53,OCR pending — status from structured verification
B10178,bank_statement,b10178_bank_statement.pdf,suspicious,45,OCR pending — status from structured verification
B10178,income_document,b10178_income_document.pdf,verified,61,Structured checks passed
B10179,identity,b10179_identity.pdf,verified,71,Structured checks passed
B10179,bank_statement,b10179_bank_statement.pdf,verified,66,Structured checks passed
B10179,income_document,b10179_income_document.pdf,verified,77,Structured checks passed
B10179,salary_slip,b10179_salary_slip.pdf,verified,78,Structured checks passed
B10180,identity,b10180_identity.pdf,verified,91,Structured checks passed
B10180,bank_statement,b10180_bank_statement.pdf,verified,99,Structured checks passed
B10180,income_document,b10180_income_document.pdf,verified,99,Structured checks passed
B10180,salary_slip,b10180_salary_slip.pdf,verified,99,Structured checks passed
B10181,identity,b10181_identity.pdf,verified,58,Structured checks passed
B10181,bank_statement,b10181_bank_statement.pdf,verified,68,Structured checks passed
B10181,income_document,b10181_income_document.pdf,suspicious,63,OCR pending — status from structured verification
B10181,business_document,b10181_business_document.pdf,verified,75,Structured checks passed
B10182,identity,b10182_identity.pdf,needs_review,61,OCR pending — status from structured verification
B10182,bank_statement,b10182_bank_statement.pdf,verified,60,Structured checks passed
B10182,income_document,b10182_income_document.pdf,verified,64,Structured checks passed
B10183,identity,b10183_identity.pdf,needs_review,59,OCR pending — status from structured verification
B10183,bank_statement,b10183_bank_statement.pdf,verified,71,Structured checks passed
B10183,income_document,b10183_income_document.pdf,verified,55,Structured checks passed
B10183,business_document,b10183_business_document.pdf,verified,54,Structured checks passed
B10184,identity,b10184_identity.pdf,needs_review,58,OCR pending — status from structured verification
B10184,bank_statement,b10184_bank_statement.pdf,verified,72,Structured checks passed
B10184,income_document,b10184_income_document.pdf,verified,67,Structured checks passed
B10185,identity,b10185_identity.pdf,verified,62,Structured checks passed
B10185,bank_statement,b10185_bank_statement.pdf,verified,69,Structured checks passed
B10185,income_document,b10185_income_document.pdf,suspicious,68,OCR pending — status from structured verification
B10185,business_document,b10185_business_document.pdf,verified,70,Structured checks passed
B10186,identity,b10186_identity.pdf,verified,87,Structured checks passed
B10186,bank_statement,b10186_bank_statement.pdf,verified,91,Structured checks passed
B10186,income_document,b10186_income_document.pdf,verified,73,Structured checks passed
B10186,salary_slip,b10186_salary_slip.pdf,verified,83,Structured checks passed
B10187,identity,b10187_identity.pdf,verified,44,Structured checks passed
B10187,bank_statement,b10187_bank_statement.pdf,verified,41,Structured checks passed
B10187,income_document,b10187_income_document.pdf,verified,40,Structured checks passed
B10187,business_document,b10187_business_document.pdf,verified,39,Structured checks passed
B10188,identity,b10188_identity.pdf,verified,83,Structured checks passed
B10188,bank_statement,b10188_bank_statement.pdf,verified,84,Structured checks passed
B10188,income_document,b10188_income_document.pdf,verified,97,Structured checks passed
B10188,business_document,b10188_business_document.pdf,verified,97,Structured checks passed
B10189,identity,b10189_identity.pdf,verified,93,Structured checks passed
B10189,bank_statement,b10189_bank_statement.pdf,needs_review,96,OCR pending — status from structured verification
B10189,income_document,b10189_income_document.pdf,verified,82,Structured checks passed
B10189,business_document,b10189_business_document.pdf,needs_review,99,OCR pending — status from structured verification
B10190,identity,b10190_identity.pdf,verified,73,Structured checks passed
B10190,bank_statement,b10190_bank_statement.pdf,verified,61,Structured checks passed
B10190,income_document,b10190_income_document.pdf,needs_review,74,OCR pending — status from structured verification
B10190,salary_slip,b10190_salary_slip.pdf,needs_review,57,OCR pending — status from structured verification
B10191,identity,b10191_identity.pdf,verified,28,Structured checks passed
B10191,bank_statement,b10191_bank_statement.pdf,suspicious,36,OCR pending — status from structured verification
B10191,income_document,b10191_income_document.pdf,verified,27,Structured checks passed
B10192,identity,b10192_identity.pdf,needs_review,79,OCR pending — status from structured verification
B10192,bank_statement,b10192_bank_statement.pdf,needs_review,89,OCR pending — status from structured verification
B10192,income_document,b10192_income_document.pdf,verified,72,Structured checks passed
B10193,identity,b10193_identity.pdf,suspicious,31,OCR pending — status from structured verification
B10193,bank_statement,b10193_bank_statement.pdf,verified,41,Structured checks passed
B10193,income_document,b10193_income_document.pdf,needs_review,40,OCR pending — status from structured verification
B10194,identity,b10194_identity.pdf,needs_review,96,OCR pending — status from structured verification
B10194,bank_statement,b10194_bank_statement.pdf,verified,99,Structured checks passed
B10194,income_document,b10194_income_document.pdf,verified,98,Structured checks passed
B10195,identity,b10195_identity.pdf,verified,55,Structured checks passed
B10195,bank_statement,b10195_bank_statement.pdf,verified,50,Structured checks passed
B10195,income_document,b10195_income_document.pdf,verified,51,Structured checks passed
B10195,business_document,b10195_business_document.pdf,verified,43,Structured checks passed
B10196,identity,b10196_identity.pdf,verified,74,Structured checks passed
B10196,bank_statement,b10196_bank_statement.pdf,needs_review,82,OCR pending — status from structured verification
B10196,income_document,b10196_income_document.pdf,needs_review,80,OCR pending — status from structured verification
B10196,salary_slip,b10196_salary_slip.pdf,needs_review,77,OCR pending — status from structured verification
B10197,identity,b10197_identity.pdf,needs_review,36,OCR pending — status from structured verification
B10197,bank_statement,b10197_bank_statement.pdf,verified,50,Structured checks passed
B10197,income_document,b10197_income_document.pdf,suspicious,40,OCR pending — status from structured verification
B10197,salary_slip,b10197_salary_slip.pdf,suspicious,39,OCR pending — status from structured verification
B10198,identity,b10198_identity.pdf,verified,56,Structured checks passed
B10198,bank_statement,b10198_bank_statement.pdf,verified,54,Structured checks passed
B10198,income_document,b10198_income_document.pdf,needs_review,59,OCR pending — status from structured verification
B10199,identity,b10199_identity.pdf,verified,65,Structured checks passed
B10199,bank_statement,b10199_bank_statement.pdf,verified,73,Structured checks passed
B10199,income_document,b10199_income_document.pdf,verified,55,Structured checks passed
B10200,identity,b10200_identity.pdf,verified,36,Structured checks passed
B10200,bank_statement,b10200_bank_statement.pdf,verified,32,Structured checks passed
B10200,income_document,b10200_income_document.pdf,suspicious,30,OCR pending — status from structured verification
B10200,salary_slip,b10200_salary_slip.pdf,suspicious,29,OCR pending — status from structured verification
B10201,identity,b10201_identity.pdf,verified,50,Structured checks passed
B10201,bank_statement,b10201_bank_statement.pdf,verified,69,Structured checks passed
B10201,income_document,b10201_income_document.pdf,verified,61,Structured checks passed
B10201,salary_slip,b10201_salary_slip.pdf,verified,62,Structured checks passed
B10202,identity,b10202_identity.pdf,verified,38,Structured checks passed
B10202,bank_statement,b10202_bank_statement.pdf,verified,48,Structured checks passed
B10202,income_document,b10202_income_document.pdf,suspicious,44,OCR pending — status from structured verification
B10202,business_document,b10202_business_document.pdf,verified,44,Structured checks passed
B10203,identity,b10203_identity.pdf,suspicious,71,OCR pending — status from structured verification
B10203,bank_statement,b10203_bank_statement.pdf,verified,63,Structured checks passed
B10203,income_document,b10203_income_document.pdf,verified,64,Structured checks passed
B10204,identity,b10204_identity.pdf,suspicious,55,OCR pending — status from structured verification
B10204,bank_statement,b10204_bank_statement.pdf,verified,65,Structured checks passed
B10204,income_document,b10204_income_document.pdf,verified,58,Structured checks passed
B10205,identity,b10205_identity.pdf,verified,90,Structured checks passed
B10205,bank_statement,b10205_bank_statement.pdf,verified,81,Structured checks passed
B10205,income_document,b10205_income_document.pdf,verified,93,Structured checks passed
B10206,identity,b10206_identity.pdf,verified,94,Structured checks passed
B10206,bank_statement,b10206_bank_statement.pdf,verified,97,Structured checks passed
B10206,income_document,b10206_income_document.pdf,verified,99,Structured checks passed
B10206,salary_slip,b10206_salary_slip.pdf,verified,92,Structured checks passed
B10207,identity,b10207_identity.pdf,needs_review,48,OCR pending — status from structured verification
B10207,bank_statement,b10207_bank_statement.pdf,suspicious,49,OCR pending — status from structured verification
B10207,income_document,b10207_income_document.pdf,needs_review,46,OCR pending — status from structured verification
B10208,identity,b10208_identity.pdf,verified,76,Structured checks passed
B10208,bank_statement,b10208_bank_statement.pdf,verified,75,Structured checks passed
B10208,income_document,b10208_income_document.pdf,verified,83,Structured checks passed
B10208,salary_slip,b10208_salary_slip.pdf,verified,78,Structured checks passed
B10209,identity,b10209_identity.pdf,verified,49,Structured checks passed
B10209,bank_statement,b10209_bank_statement.pdf,verified,52,Structured checks passed
B10209,income_document,b10209_income_document.pdf,needs_review,49,OCR pending — status from structured verification
B10210,identity,b10210_identity.pdf,suspicious,55,OCR pending — status from structured verification
B10210,bank_statement,b10210_bank_statement.pdf,suspicious,46,OCR pending — status from structured verification
B10210,income_document,b10210_income_document.pdf,verified,46,Structured checks passed
B10211,identity,b10211_identity.pdf,needs_review,29,OCR pending — status from structured verification
B10211,bank_statement,b10211_bank_statement.pdf,verified,30,Structured checks passed
B10211,income_document,b10211_income_document.pdf,verified,25,Structured checks passed
B10212,identity,b10212_identity.pdf,verified,90,Structured checks passed
B10212,bank_statement,b10212_bank_statement.pdf,verified,99,Structured checks passed
B10212,income_document,b10212_income_document.pdf,verified,99,Structured checks passed
B10212,salary_slip,b10212_salary_slip.pdf,verified,99,Structured checks passed
B10213,identity,b10213_identity.pdf,verified,68,Structured checks passed
B10213,bank_statement,b10213_bank_statement.pdf,verified,78,Structured checks passed
B10213,income_document,b10213_income_document.pdf,verified,84,Structured checks passed
B10213,business_document,b10213_business_document.pdf,verified,87,Structured checks passed
B10214,identity,b10214_identity.pdf,verified,80,Structured checks passed
B10214,bank_statement,b10214_bank_statement.pdf,needs_review,76,OCR pending — status from structured verification
B10214,income_document,b10214_income_document.pdf,needs_review,85,OCR pending — status from structured verification
B10215,identity,b10215_identity.pdf,verified,53,Structured checks passed
B10215,bank_statement,b10215_bank_statement.pdf,verified,61,Structured checks passed
B10215,income_document,b10215_income_document.pdf,verified,49,Structured checks passed
B10215,salary_slip,b10215_salary_slip.pdf,verified,50,Structured checks passed
B10216,identity,b10216_identity.pdf,verified,56,Structured checks passed
B10216,bank_statement,b10216_bank_statement.pdf,verified,64,Structured checks passed
B10216,income_document,b10216_income_document.pdf,verified,65,Structured checks passed
B10217,identity,b10217_identity.pdf,verified,46,Structured checks passed
B10217,bank_statement,b10217_bank_statement.pdf,verified,52,Structured checks passed
B10217,income_document,b10217_income_document.pdf,verified,44,Structured checks passed
B10217,business_document,b10217_business_document.pdf,verified,39,Structured checks passed
B10218,identity,b10218_identity.pdf,suspicious,65,OCR pending — status from structured verification
B10218,bank_statement,b10218_bank_statement.pdf,suspicious,54,OCR pending — status from structured verification
B10218,income_document,b10218_income_document.pdf,suspicious,67,OCR pending — status from structured verification
B10218,salary_slip,b10218_salary_slip.pdf,suspicious,57,OCR pending — status from structured verification
B10219,identity,b10219_identity.pdf,verified,64,Structured checks passed
B10219,bank_statement,b10219_bank_statement.pdf,verified,55,Structured checks passed
B10219,income_document,b10219_income_document.pdf,verified,49,Structured checks passed
B10220,identity,b10220_identity.pdf,verified,53,Structured checks passed
B10220,bank_statement,b10220_bank_statement.pdf,verified,52,Structured checks passed
B10220,income_document,b10220_income_document.pdf,needs_review,51,OCR pending — status from structured verification
B10221,identity,b10221_identity.pdf,suspicious,53,OCR pending — status from structured verification
B10221,bank_statement,b10221_bank_statement.pdf,verified,49,Structured checks passed
B10221,income_document,b10221_income_document.pdf,verified,52,Structured checks passed
B10222,identity,b10222_identity.pdf,verified,71,Structured checks passed
B10222,bank_statement,b10222_bank_statement.pdf,verified,90,Structured checks passed
B10222,income_document,b10222_income_document.pdf,verified,71,Structured checks passed
B10222,business_document,b10222_business_document.pdf,verified,90,Structured checks passed
B10223,identity,b10223_identity.pdf,suspicious,64,OCR pending — status from structured verification
B10223,bank_statement,b10223_bank_statement.pdf,verified,53,Structured checks passed
B10223,income_document,b10223_income_document.pdf,needs_review,60,OCR pending — status from structured verification
B10223,salary_slip,b10223_salary_slip.pdf,needs_review,67,OCR pending — status from structured verification
B10224,identity,b10224_identity.pdf,verified,57,Structured checks passed
B10224,bank_statement,b10224_bank_statement.pdf,verified,67,Structured checks passed
B10224,income_document,b10224_income_document.pdf,needs_review,59,OCR pending — status from structured verification
B10225,identity,b10225_identity.pdf,verified,59,Structured checks passed
B10225,bank_statement,b10225_bank_statement.pdf,verified,58,Structured checks passed
B10225,income_document,b10225_income_document.pdf,suspicious,68,OCR pending — status from structured verification
B10226,identity,b10226_identity.pdf,suspicious,51,OCR pending — status from structured verification
B10226,bank_statement,b10226_bank_statement.pdf,verified,54,Structured checks passed
B10226,income_document,b10226_income_document.pdf,verified,50,Structured checks passed
B10227,identity,b10227_identity.pdf,verified,71,Structured checks passed
B10227,bank_statement,b10227_bank_statement.pdf,verified,70,Structured checks passed
B10227,income_document,b10227_income_document.pdf,verified,77,Structured checks passed
B10227,salary_slip,b10227_salary_slip.pdf,verified,72,Structured checks passed
B10228,identity,b10228_identity.pdf,verified,89,Structured checks passed
B10228,bank_statement,b10228_bank_statement.pdf,verified,99,Structured checks passed
B10228,income_document,b10228_income_document.pdf,verified,93,Structured checks passed
B10229,identity,b10229_identity.pdf,verified,81,Structured checks passed
B10229,bank_statement,b10229_bank_statement.pdf,verified,63,Structured checks passed
B10229,income_document,b10229_income_document.pdf,verified,65,Structured checks passed
B10229,business_document,b10229_business_document.pdf,verified,77,Structured checks passed
B10230,identity,b10230_identity.pdf,needs_review,50,OCR pending — status from structured verification
B10230,bank_statement,b10230_bank_statement.pdf,suspicious,51,OCR pending — status from structured verification
B10230,income_document,b10230_income_document.pdf,verified,51,Structured checks passed
B10230,salary_slip,b10230_salary_slip.pdf,verified,40,Structured checks passed
B10231,identity,b10231_identity.pdf,verified,51,Structured checks passed
B10231,bank_statement,b10231_bank_statement.pdf,suspicious,58,OCR pending — status from structured verification
B10231,income_document,b10231_income_document.pdf,verified,45,Structured checks passed
B10231,business_document,b10231_business_document.pdf,suspicious,44,OCR pending — status from structured verification
B10232,identity,b10232_identity.pdf,suspicious,86,OCR pending — status from structured verification
B10232,bank_statement,b10232_bank_statement.pdf,suspicious,78,OCR pending — status from structured verification
B10232,income_document,b10232_income_document.pdf,verified,75,Structured checks passed
B10233,identity,b10233_identity.pdf,verified,61,Structured checks passed
B10233,bank_statement,b10233_bank_statement.pdf,needs_review,59,OCR pending — status from structured verification
B10233,income_document,b10233_income_document.pdf,verified,71,Structured checks passed
B10234,identity,b10234_identity.pdf,verified,55,Structured checks passed
B10234,bank_statement,b10234_bank_statement.pdf,suspicious,60,OCR pending — status from structured verification
B10234,income_document,b10234_income_document.pdf,suspicious,55,OCR pending — status from structured verification
B10234,business_document,b10234_business_document.pdf,suspicious,48,OCR pending — status from structured verification
B10235,identity,b10235_identity.pdf,verified,53,Structured checks passed
B10235,bank_statement,b10235_bank_statement.pdf,verified,56,Structured checks passed
B10235,income_document,b10235_income_document.pdf,verified,61,Structured checks passed
B10235,business_document,b10235_business_document.pdf,verified,48,Structured checks passed
B10236,identity,b10236_identity.pdf,suspicious,49,OCR pending — status from structured verification
B10236,bank_statement,b10236_bank_statement.pdf,verified,53,Structured checks passed
B10236,income_document,b10236_income_document.pdf,verified,45,Structured checks passed
B10236,salary_slip,b10236_salary_slip.pdf,verified,56,Structured checks passed
B10237,identity,b10237_identity.pdf,verified,69,Structured checks passed
B10237,bank_statement,b10237_bank_statement.pdf,needs_review,68,OCR pending — status from structured verification
B10237,income_document,b10237_income_document.pdf,verified,77,Structured checks passed
B10237,business_document,b10237_business_document.pdf,needs_review,68,OCR pending — status from structured verification
B10238,identity,b10238_identity.pdf,verified,67,Structured checks passed
B10238,bank_statement,b10238_bank_statement.pdf,verified,80,Structured checks passed
B10238,income_document,b10238_income_document.pdf,verified,79,Structured checks passed
B10238,salary_slip,b10238_salary_slip.pdf,verified,77,Structured checks passed
B10239,identity,b10239_identity.pdf,suspicious,51,OCR pending — status from structured verification
B10239,bank_statement,b10239_bank_statement.pdf,verified,56,Structured checks passed
B10239,income_document,b10239_income_document.pdf,suspicious,54,OCR pending — status from structured verification
B10240,identity,b10240_identity.pdf,verified,61,Structured checks passed
B10240,bank_statement,b10240_bank_statement.pdf,verified,69,Structured checks passed
B10240,income_document,b10240_income_document.pdf,verified,70,Structured checks passed
B10241,identity,b10241_identity.pdf,verified,88,Structured checks passed
B10241,bank_statement,b10241_bank_statement.pdf,verified,71,Structured checks passed
B10241,income_document,b10241_income_document.pdf,needs_review,75,OCR pending — status from structured verification
B10242,identity,b10242_identity.pdf,needs_review,71,OCR pending — status from structured verification
B10242,bank_statement,b10242_bank_statement.pdf,verified,75,Structured checks passed
B10242,income_document,b10242_income_document.pdf,needs_review,68,OCR pending — status from structured verification
B10242,salary_slip,b10242_salary_slip.pdf,needs_review,87,OCR pending — status from structured verification
B10243,identity,b10243_identity.pdf,verified,63,Structured checks passed
B10243,bank_statement,b10243_bank_statement.pdf,verified,69,Structured checks passed
B10243,income_document,b10243_income_document.pdf,verified,54,Structured checks passed
B10244,identity,b10244_identity.pdf,needs_review,99,OCR pending — status from structured verification
B10244,bank_statement,b10244_bank_statement.pdf,verified,99,Structured checks passed
B10244,income_document,b10244_income_document.pdf,verified,92,Structured checks passed
B10244,salary_slip,b10244_salary_slip.pdf,verified,99,Structured checks passed
B10245,identity,b10245_identity.pdf,verified,44,Structured checks passed
B10245,bank_statement,b10245_bank_statement.pdf,verified,48,Structured checks passed
B10245,income_document,b10245_income_document.pdf,verified,59,Structured checks passed
B10245,salary_slip,b10245_salary_slip.pdf,verified,57,Structured checks passed
B10246,identity,b10246_identity.pdf,verified,53,Structured checks passed
B10246,bank_statement,b10246_bank_statement.pdf,verified,39,Structured checks passed
B10246,income_document,b10246_income_document.pdf,verified,47,Structured checks passed
B10246,salary_slip,b10246_salary_slip.pdf,verified,39,Structured checks passed
B10247,identity,b10247_identity.pdf,verified,65,Structured checks passed
B10247,bank_statement,b10247_bank_statement.pdf,suspicious,67,OCR pending — status from structured verification
B10247,income_document,b10247_income_document.pdf,verified,61,Structured checks passed
B10247,business_document,b10247_business_document.pdf,suspicious,68,OCR pending — status from structured verification
B10248,identity,b10248_identity.pdf,verified,88,Structured checks passed
B10248,bank_statement,b10248_bank_statement.pdf,needs_review,90,OCR pending — status from structured verification
B10248,income_document,b10248_income_document.pdf,verified,82,Structured checks passed
B10249,identity,b10249_identity.pdf,suspicious,49,OCR pending — status from structured verification
B10249,bank_statement,b10249_bank_statement.pdf,verified,46,Structured checks passed
B10249,income_document,b10249_income_document.pdf,needs_review,48,OCR pending — status from structured verification
B10249,salary_slip,b10249_salary_slip.pdf,needs_review,42,OCR pending — status from structured verification
B10250,identity,b10250_identity.pdf,suspicious,34,OCR pending — status from structured verification
B10250,bank_statement,b10250_bank_statement.pdf,verified,44,Structured checks passed
B10250,income_document,b10250_income_document.pdf,suspicious,31,OCR pending — status from structured verification
B10251,identity,b10251_identity.pdf,verified,81,Structured checks passed
B10251,bank_statement,b10251_bank_statement.pdf,suspicious,89,OCR pending — status from structured verification
B10251,income_document,b10251_income_document.pdf,needs_review,81,OCR pending — status from structured verification
B10252,identity,b10252_identity.pdf,verified,54,Structured checks passed
B10252,bank_statement,b10252_bank_statement.pdf,verified,68,Structured checks passed
B10252,income_document,b10252_income_document.pdf,verified,60,Structured checks passed
B10252,business_document,b10252_business_document.pdf,verified,55,Structured checks passed
B10253,identity,b10253_identity.pdf,needs_review,38,OCR pending — status from structured verification
B10253,bank_statement,b10253_bank_statement.pdf,suspicious,50,OCR pending — status from structured verification
B10253,income_document,b10253_income_document.pdf,verified,45,Structured checks passed
B10254,identity,b10254_identity.pdf,verified,49,Structured checks passed
B10254,bank_statement,b10254_bank_statement.pdf,suspicious,59,OCR pending — status from structured verification
B10254,income_document,b10254_income_document.pdf,suspicious,53,OCR pending — status from structured verification
B10255,identity,b10255_identity.pdf,verified,74,Structured checks passed
B10255,bank_statement,b10255_bank_statement.pdf,verified,89,Structured checks passed
B10255,income_document,b10255_income_document.pdf,verified,76,Structured checks passed
B10256,identity,b10256_identity.pdf,verified,54,Structured checks passed
B10256,bank_statement,b10256_bank_statement.pdf,suspicious,66,OCR pending — status from structured verification
B10256,income_document,b10256_income_document.pdf,needs_review,48,OCR pending — status from structured verification
B10256,business_document,b10256_business_document.pdf,suspicious,64,OCR pending — status from structured verification
B10257,identity,b10257_identity.pdf,verified,76,Structured checks passed
B10257,bank_statement,b10257_bank_statement.pdf,verified,89,Structured checks passed
B10257,income_document,b10257_income_document.pdf,verified,89,Structured checks passed
B10258,identity,b10258_identity.pdf,verified,63,Structured checks passed
B10258,bank_statement,b10258_bank_statement.pdf,suspicious,56,OCR pending — status from structured verification
B10258,income_document,b10258_income_document.pdf,verified,55,Structured checks passed
B10259,identity,b10259_identity.pdf,verified,83,Structured checks passed
B10259,bank_statement,b10259_bank_statement.pdf,verified,79,Structured checks passed
B10259,income_document,b10259_income_document.pdf,verified,93,Structured checks passed
B10259,salary_slip,b10259_salary_slip.pdf,verified,75,Structured checks passed
B10260,identity,b10260_identity.pdf,verified,52,Structured checks passed
B10260,bank_statement,b10260_bank_statement.pdf,verified,63,Structured checks passed
B10260,income_document,b10260_income_document.pdf,suspicious,63,OCR pending — status from structured verification
B10261,identity,b10261_identity.pdf,verified,99,Structured checks passed
B10261,bank_statement,b10261_bank_statement.pdf,verified,99,Structured checks passed
B10261,income_document,b10261_income_document.pdf,verified,99,Structured checks passed
B10261,salary_slip,b10261_salary_slip.pdf,verified,99,Structured checks passed
B10262,identity,b10262_identity.pdf,suspicious,55,OCR pending — status from structured verification
B10262,bank_statement,b10262_bank_statement.pdf,suspicious,47,OCR pending — status from structured verification
B10262,income_document,b10262_income_document.pdf,verified,41,Structured checks passed
B10263,identity,b10263_identity.pdf,verified,84,Structured checks passed
B10263,bank_statement,b10263_bank_statement.pdf,verified,84,Structured checks passed
B10263,income_document,b10263_income_document.pdf,needs_review,78,OCR pending — status from structured verification
B10263,salary_slip,b10263_salary_slip.pdf,needs_review,84,OCR pending — status from structured verification
B10264,identity,b10264_identity.pdf,verified,82,Structured checks passed
B10264,bank_statement,b10264_bank_statement.pdf,verified,87,Structured checks passed
B10264,income_document,b10264_income_document.pdf,needs_review,83,OCR pending — status from structured verification
B10265,identity,b10265_identity.pdf,needs_review,57,OCR pending — status from structured verification
B10265,bank_statement,b10265_bank_statement.pdf,needs_review,54,OCR pending — status from structured verification
B10265,income_document,b10265_income_document.pdf,suspicious,44,OCR pending — status from structured verification
B10266,identity,b10266_identity.pdf,suspicious,43,OCR pending — status from structured verification
B10266,bank_statement,b10266_bank_statement.pdf,suspicious,33,OCR pending — status from structured verification
B10266,income_document,b10266_income_document.pdf,suspicious,46,OCR pending — status from structured verification
B10266,salary_slip,b10266_salary_slip.pdf,suspicious,43,OCR pending — status from structured verification
B10267,identity,b10267_identity.pdf,verified,75,Structured checks passed
B10267,bank_statement,b10267_bank_statement.pdf,verified,90,Structured checks passed
B10267,income_document,b10267_income_document.pdf,verified,84,Structured checks passed
B10268,identity,b10268_identity.pdf,verified,47,Structured checks passed
B10268,bank_statement,b10268_bank_statement.pdf,verified,49,Structured checks passed
B10268,income_document,b10268_income_document.pdf,needs_review,65,OCR pending — status from structured verification
B10269,identity,b10269_identity.pdf,verified,64,Structured checks passed
B10269,bank_statement,b10269_bank_statement.pdf,needs_review,55,OCR pending — status from structured verification
B10269,income_document,b10269_income_document.pdf,suspicious,66,OCR pending — status from structured verification
B10269,business_document,b10269_business_document.pdf,needs_review,61,OCR pending — status from structured verification
B10270,identity,b10270_identity.pdf,verified,88,Structured checks passed
B10270,bank_statement,b10270_bank_statement.pdf,verified,84,Structured checks passed
B10270,income_document,b10270_income_document.pdf,verified,70,Structured checks passed
B10270,salary_slip,b10270_salary_slip.pdf,verified,79,Structured checks passed
B10271,identity,b10271_identity.pdf,verified,47,Structured checks passed
B10271,bank_statement,b10271_bank_statement.pdf,needs_review,50,OCR pending — status from structured verification
B10271,income_document,b10271_income_document.pdf,suspicious,37,OCR pending — status from structured verification
B10271,salary_slip,b10271_salary_slip.pdf,suspicious,41,OCR pending — status from structured verification
B10272,identity,b10272_identity.pdf,verified,62,Structured checks passed
B10272,bank_statement,b10272_bank_statement.pdf,verified,62,Structured checks passed
B10272,income_document,b10272_income_document.pdf,needs_review,45,OCR pending — status from structured verification
B10273,identity,b10273_identity.pdf,verified,99,Structured checks passed
B10273,bank_statement,b10273_bank_statement.pdf,verified,99,Structured checks passed
B10273,income_document,b10273_income_document.pdf,verified,99,Structured checks passed
B10274,identity,b10274_identity.pdf,verified,49,Structured checks passed
B10274,bank_statement,b10274_bank_statement.pdf,needs_review,59,OCR pending — status from structured verification
B10274,income_document,b10274_income_document.pdf,verified,61,Structured checks passed
B10274,salary_slip,b10274_salary_slip.pdf,verified,52,Structured checks passed
B10275,identity,b10275_identity.pdf,verified,82,Structured checks passed
B10275,bank_statement,b10275_bank_statement.pdf,verified,87,Structured checks passed
B10275,income_document,b10275_income_document.pdf,verified,73,Structured checks passed
B10276,identity,b10276_identity.pdf,verified,35,Structured checks passed
B10276,bank_statement,b10276_bank_statement.pdf,verified,32,Structured checks passed
B10276,income_document,b10276_income_document.pdf,suspicious,38,OCR pending — status from structured verification
B10276,salary_slip,b10276_salary_slip.pdf,suspicious,34,OCR pending — status from structured verification
B10277,identity,b10277_identity.pdf,needs_review,76,OCR pending — status from structured verification
B10277,bank_statement,b10277_bank_statement.pdf,verified,59,Structured checks passed
B10277,income_document,b10277_income_document.pdf,verified,59,Structured checks passed
B10277,business_document,b10277_business_document.pdf,verified,71,Structured checks passed
B10278,identity,b10278_identity.pdf,verified,57,Structured checks passed
B10278,bank_statement,b10278_bank_statement.pdf,verified,56,Structured checks passed
B10278,income_document,b10278_income_document.pdf,verified,43,Structured checks passed
B10279,identity,b10279_identity.pdf,needs_review,68,OCR pending — status from structured verification
B10279,bank_statement,b10279_bank_statement.pdf,verified,71,Structured checks passed
B10279,income_document,b10279_income_document.pdf,verified,84,Structured checks passed
B10280,identity,b10280_identity.pdf,suspicious,43,OCR pending — status from structured verification
B10280,bank_statement,b10280_bank_statement.pdf,verified,43,Structured checks passed
B10280,income_document,b10280_income_document.pdf,verified,40,Structured checks passed
B10280,business_document,b10280_business_document.pdf,verified,54,Structured checks passed
B10281,identity,b10281_identity.pdf,verified,57,Structured checks passed
B10281,bank_statement,b10281_bank_statement.pdf,verified,61,Structured checks passed
B10281,income_document,b10281_income_document.pdf,needs_review,52,OCR pending — status from structured verification
B10282,identity,b10282_identity.pdf,verified,83,Structured checks passed
B10282,bank_statement,b10282_bank_statement.pdf,needs_review,79,OCR pending — status from structured verification
B10282,income_document,b10282_income_document.pdf,verified,75,Structured checks passed
B10283,identity,b10283_identity.pdf,verified,97,Structured checks passed
B10283,bank_statement,b10283_bank_statement.pdf,verified,99,Structured checks passed
B10283,income_document,b10283_income_document.pdf,verified,99,Structured checks passed
B10283,salary_slip,b10283_salary_slip.pdf,verified,91,Structured checks passed
B10284,identity,b10284_identity.pdf,verified,77,Structured checks passed
B10284,bank_statement,b10284_bank_statement.pdf,verified,76,Structured checks passed
B10284,income_document,b10284_income_document.pdf,verified,84,Structured checks passed
B10284,salary_slip,b10284_salary_slip.pdf,verified,68,Structured checks passed
B10285,identity,b10285_identity.pdf,verified,66,Structured checks passed
B10285,bank_statement,b10285_bank_statement.pdf,verified,70,Structured checks passed
B10285,income_document,b10285_income_document.pdf,verified,56,Structured checks passed
B10286,identity,b10286_identity.pdf,verified,56,Structured checks passed
B10286,bank_statement,b10286_bank_statement.pdf,verified,57,Structured checks passed
B10286,income_document,b10286_income_document.pdf,needs_review,46,OCR pending — status from structured verification
B10286,salary_slip,b10286_salary_slip.pdf,needs_review,56,OCR pending — status from structured verification
B10287,identity,b10287_identity.pdf,verified,72,Structured checks passed
B10287,bank_statement,b10287_bank_statement.pdf,verified,71,Structured checks passed
B10287,income_document,b10287_income_document.pdf,verified,86,Structured checks passed
B10288,identity,b10288_identity.pdf,verified,53,Structured checks passed
B10288,bank_statement,b10288_bank_statement.pdf,needs_review,64,OCR pending — status from structured verification
B10288,income_document,b10288_income_document.pdf,verified,56,Structured checks passed
B10288,salary_slip,b10288_salary_slip.pdf,verified,71,Structured checks passed
B10289,identity,b10289_identity.pdf,needs_review,50,OCR pending — status from structured verification
B10289,bank_statement,b10289_bank_statement.pdf,suspicious,54,OCR pending — status from structured verification
B10289,income_document,b10289_income_document.pdf,verified,58,Structured checks passed
B10290,identity,b10290_identity.pdf,verified,64,Structured checks passed
B10290,bank_statement,b10290_bank_statement.pdf,needs_review,64,OCR pending — status from structured verification
B10290,income_document,b10290_income_document.pdf,needs_review,71,OCR pending — status from structured verification
B10291,identity,b10291_identity.pdf,verified,67,Structured checks passed
B10291,bank_statement,b10291_bank_statement.pdf,needs_review,76,OCR pending — status from structured verification
B10291,income_document,b10291_income_document.pdf,verified,58,Structured checks passed
B10291,business_document,b10291_business_document.pdf,needs_review,70,OCR pending — status from structured verification
B10292,identity,b10292_identity.pdf,verified,64,Structured checks passed
B10292,bank_statement,b10292_bank_statement.pdf,verified,83,Structured checks passed
B10292,income_document,b10292_income_document.pdf,verified,63,Structured checks passed
B10292,salary_slip,b10292_salary_slip.pdf,verified,68,Structured checks passed
B10293,identity,b10293_identity.pdf,verified,46,Structured checks passed
B10293,bank_statement,b10293_bank_statement.pdf,verified,46,Structured checks passed
B10293,income_document,b10293_income_document.pdf,verified,48,Structured checks passed
B10293,salary_slip,b10293_salary_slip.pdf,verified,57,Structured checks passed
B10294,identity,b10294_identity.pdf,verified,75,Structured checks passed
B10294,bank_statement,b10294_bank_statement.pdf,verified,83,Structured checks passed
B10294,income_document,b10294_income_document.pdf,verified,81,Structured checks passed
B10294,salary_slip,b10294_salary_slip.pdf,verified,83,Structured checks passed
B10295,identity,b10295_identity.pdf,verified,77,Structured checks passed
B10295,bank_statement,b10295_bank_statement.pdf,verified,63,Structured checks passed
B10295,income_document,b10295_income_document.pdf,needs_review,75,OCR pending — status from structured verification
B10295,business_document,b10295_business_document.pdf,verified,69,Structured checks passed
B10296,identity,b10296_identity.pdf,verified,86,Structured checks passed
B10296,bank_statement,b10296_bank_statement.pdf,verified,85,Structured checks passed
B10296,income_document,b10296_income_document.pdf,verified,97,Structured checks passed
B10297,identity,b10297_identity.pdf,verified,97,Structured checks passed
B10297,bank_statement,b10297_bank_statement.pdf,verified,95,Structured checks passed
B10297,income_document,b10297_income_document.pdf,verified,84,Structured checks passed
B10298,identity,b10298_identity.pdf,verified,44,Structured checks passed
B10298,bank_statement,b10298_bank_statement.pdf,verified,46,Structured checks passed
B10298,income_document,b10298_income_document.pdf,verified,49,Structured checks passed
B10299,identity,b10299_identity.pdf,verified,49,Structured checks passed
B10299,bank_statement,b10299_bank_statement.pdf,verified,52,Structured checks passed
B10299,income_document,b10299_income_document.pdf,verified,51,Structured checks passed
B10299,salary_slip,b10299_salary_slip.pdf,verified,58,Structured checks passed
B10300,identity,b10300_identity.pdf,verified,78,Structured checks passed
B10300,bank_statement,b10300_bank_statement.pdf,verified,75,Structured checks passed
B10300,income_document,b10300_income_document.pdf,needs_review,77,OCR pending — status from structured verification
B10300,salary_slip,b10300_salary_slip.pdf,needs_review,64,OCR pending — status from structured verification
B10301,identity,b10301_identity.pdf,verified,16,Structured checks passed
B10301,bank_statement,b10301_bank_statement.pdf,verified,28,Structured checks passed
B10301,income_document,b10301_income_document.pdf,verified,29,Structured checks passed
B10302,identity,b10302_identity.pdf,suspicious,62,OCR pending — status from structured verification
B10302,bank_statement,b10302_bank_statement.pdf,verified,52,Structured checks passed
B10302,income_document,b10302_income_document.pdf,suspicious,51,OCR pending — status from structured verification
B10303,identity,b10303_identity.pdf,suspicious,35,OCR pending — status from structured verification
B10303,bank_statement,b10303_bank_statement.pdf,verified,27,Structured checks passed
B10303,income_document,b10303_income_document.pdf,needs_review,33,OCR pending — status from structured verification
B10303,salary_slip,b10303_salary_slip.pdf,needs_review,37,OCR pending — status from structured verification
B10304,identity,b10304_identity.pdf,verified,61,Structured checks passed
B10304,bank_statement,b10304_bank_statement.pdf,verified,67,Structured checks passed
B10304,income_document,b10304_income_document.pdf,verified,74,Structured checks passed
B10304,business_document,b10304_business_document.pdf,verified,68,Structured checks passed
B10305,identity,b10305_identity.pdf,verified,78,Structured checks passed
B10305,bank_statement,b10305_bank_statement.pdf,verified,72,Structured checks passed
B10305,income_document,b10305_income_document.pdf,verified,76,Structured checks passed
B10305,salary_slip,b10305_salary_slip.pdf,verified,67,Structured checks passed
B10306,identity,b10306_identity.pdf,verified,49,Structured checks passed
B10306,bank_statement,b10306_bank_statement.pdf,suspicious,58,OCR pending — status from structured verification
B10306,income_document,b10306_income_document.pdf,verified,69,Structured checks passed
B10306,business_document,b10306_business_document.pdf,suspicious,57,OCR pending — status from structured verification
B10307,identity,b10307_identity.pdf,verified,84,Structured checks passed
B10307,bank_statement,b10307_bank_statement.pdf,verified,90,Structured checks passed
B10307,income_document,b10307_income_document.pdf,verified,86,Structured checks passed
B10307,salary_slip,b10307_salary_slip.pdf,verified,88,Structured checks passed
B10308,identity,b10308_identity.pdf,needs_review,61,OCR pending — status from structured verification
B10308,bank_statement,b10308_bank_statement.pdf,verified,55,Structured checks passed
B10308,income_document,b10308_income_document.pdf,verified,44,Structured checks passed
B10308,salary_slip,b10308_salary_slip.pdf,verified,64,Structured checks passed
B10309,identity,b10309_identity.pdf,verified,68,Structured checks passed
B10309,bank_statement,b10309_bank_statement.pdf,verified,61,Structured checks passed
B10309,income_document,b10309_income_document.pdf,verified,68,Structured checks passed
B10310,identity,b10310_identity.pdf,needs_review,43,OCR pending — status from structured verification
B10310,bank_statement,b10310_bank_statement.pdf,verified,57,Structured checks passed
B10310,income_document,b10310_income_document.pdf,verified,59,Structured checks passed
B10311,identity,b10311_identity.pdf,verified,56,Structured checks passed
B10311,bank_statement,b10311_bank_statement.pdf,verified,54,Structured checks passed
B10311,income_document,b10311_income_document.pdf,verified,67,Structured checks passed
B10311,business_document,b10311_business_document.pdf,verified,68,Structured checks passed
B10312,identity,b10312_identity.pdf,verified,95,Structured checks passed
B10312,bank_statement,b10312_bank_statement.pdf,verified,86,Structured checks passed
B10312,income_document,b10312_income_document.pdf,verified,91,Structured checks passed
B10312,salary_slip,b10312_salary_slip.pdf,verified,95,Structured checks passed
B10313,identity,b10313_identity.pdf,verified,99,Structured checks passed
B10313,bank_statement,b10313_bank_statement.pdf,verified,92,Structured checks passed
B10313,income_document,b10313_income_document.pdf,verified,94,Structured checks passed
B10313,salary_slip,b10313_salary_slip.pdf,verified,99,Structured checks passed
B10314,identity,b10314_identity.pdf,needs_review,81,OCR pending — status from structured verification
B10314,bank_statement,b10314_bank_statement.pdf,verified,78,Structured checks passed
B10314,income_document,b10314_income_document.pdf,verified,76,Structured checks passed
B10315,identity,b10315_identity.pdf,verified,67,Structured checks passed
B10315,bank_statement,b10315_bank_statement.pdf,verified,59,Structured checks passed
B10315,income_document,b10315_income_document.pdf,verified,62,Structured checks passed
B10315,salary_slip,b10315_salary_slip.pdf,verified,66,Structured checks passed
B10316,identity,b10316_identity.pdf,suspicious,50,OCR pending — status from structured verification
B10316,bank_statement,b10316_bank_statement.pdf,verified,63,Structured checks passed
B10316,income_document,b10316_income_document.pdf,verified,49,Structured checks passed
B10317,identity,b10317_identity.pdf,verified,65,Structured checks passed
B10317,bank_statement,b10317_bank_statement.pdf,verified,66,Structured checks passed
B10317,income_document,b10317_income_document.pdf,verified,64,Structured checks passed
B10317,salary_slip,b10317_salary_slip.pdf,verified,73,Structured checks passed
B10318,identity,b10318_identity.pdf,verified,79,Structured checks passed
B10318,bank_statement,b10318_bank_statement.pdf,verified,77,Structured checks passed
B10318,income_document,b10318_income_document.pdf,verified,83,Structured checks passed
B10318,business_document,b10318_business_document.pdf,verified,76,Structured checks passed
B10319,identity,b10319_identity.pdf,verified,64,Structured checks passed
B10319,bank_statement,b10319_bank_statement.pdf,verified,50,Structured checks passed
B10319,income_document,b10319_income_document.pdf,verified,51,Structured checks passed
B10319,salary_slip,b10319_salary_slip.pdf,verified,62,Structured checks passed
B10320,identity,b10320_identity.pdf,verified,68,Structured checks passed
B10320,bank_statement,b10320_bank_statement.pdf,needs_review,85,OCR pending — status from structured verification
B10320,income_document,b10320_income_document.pdf,verified,69,Structured checks passed
B10320,business_document,b10320_business_document.pdf,needs_review,66,OCR pending — status from structured verification
B10321,identity,b10321_identity.pdf,verified,49,Structured checks passed
B10321,bank_statement,b10321_bank_statement.pdf,verified,49,Structured checks passed
B10321,income_document,b10321_income_document.pdf,needs_review,52,OCR pending — status from structured verification
B10322,identity,b10322_identity.pdf,verified,90,Structured checks passed
B10322,bank_statement,b10322_bank_statement.pdf,verified,80,Structured checks passed
B10322,income_document,b10322_income_document.pdf,verified,93,Structured checks passed
B10322,salary_slip,b10322_salary_slip.pdf,verified,83,Structured checks passed
B10323,identity,b10323_identity.pdf,verified,52,Structured checks passed
B10323,bank_statement,b10323_bank_statement.pdf,verified,53,Structured checks passed
B10323,income_document,b10323_income_document.pdf,suspicious,49,OCR pending — status from structured verification
B10323,salary_slip,b10323_salary_slip.pdf,suspicious,42,OCR pending — status from structured verification
B10324,identity,b10324_identity.pdf,verified,65,Structured checks passed
B10324,bank_statement,b10324_bank_statement.pdf,verified,54,Structured checks passed
B10324,income_document,b10324_income_document.pdf,verified,72,Structured checks passed
B10324,business_document,b10324_business_document.pdf,verified,66,Structured checks passed
B10325,identity,b10325_identity.pdf,verified,81,Structured checks passed
B10325,bank_statement,b10325_bank_statement.pdf,verified,90,Structured checks passed
B10325,income_document,b10325_income_document.pdf,verified,94,Structured checks passed
B10326,identity,b10326_identity.pdf,verified,70,Structured checks passed
B10326,bank_statement,b10326_bank_statement.pdf,verified,88,Structured checks passed
B10326,income_document,b10326_income_document.pdf,verified,81,Structured checks passed
B10326,salary_slip,b10326_salary_slip.pdf,verified,85,Structured checks passed
B10327,identity,b10327_identity.pdf,verified,49,Structured checks passed
B10327,bank_statement,b10327_bank_statement.pdf,verified,41,Structured checks passed
B10327,income_document,b10327_income_document.pdf,verified,45,Structured checks passed
B10327,salary_slip,b10327_salary_slip.pdf,verified,45,Structured checks passed
B10328,identity,b10328_identity.pdf,suspicious,66,OCR pending — status from structured verification
B10328,bank_statement,b10328_bank_statement.pdf,needs_review,81,OCR pending — status from structured verification
B10328,income_document,b10328_income_document.pdf,needs_review,78,OCR pending — status from structured verification
B10328,salary_slip,b10328_salary_slip.pdf,needs_review,83,OCR pending — status from structured verification
B10329,identity,b10329_identity.pdf,verified,49,Structured checks passed
B10329,bank_statement,b10329_bank_statement.pdf,verified,47,Structured checks passed
B10329,income_document,b10329_income_document.pdf,verified,54,Structured checks passed
B10329,business_document,b10329_business_document.pdf,verified,49,Structured checks passed
B10330,identity,b10330_identity.pdf,verified,52,Structured checks passed
B10330,bank_statement,b10330_bank_statement.pdf,verified,58,Structured checks passed
B10330,income_document,b10330_income_document.pdf,verified,48,Structured checks passed
B10331,identity,b10331_identity.pdf,verified,49,Structured checks passed
B10331,bank_statement,b10331_bank_statement.pdf,verified,67,Structured checks passed
B10331,income_document,b10331_income_document.pdf,suspicious,62,OCR pending — status from structured verification
B10332,identity,b10332_identity.pdf,verified,46,Structured checks passed
B10332,bank_statement,b10332_bank_statement.pdf,verified,55,Structured checks passed
B10332,income_document,b10332_income_document.pdf,needs_review,59,OCR pending — status from structured verification
B10333,identity,b10333_identity.pdf,verified,87,Structured checks passed
B10333,bank_statement,b10333_bank_statement.pdf,verified,83,Structured checks passed
B10333,income_document,b10333_income_document.pdf,verified,67,Structured checks passed
B10334,identity,b10334_identity.pdf,verified,67,Structured checks passed
B10334,bank_statement,b10334_bank_statement.pdf,verified,64,Structured checks passed
B10334,income_document,b10334_income_document.pdf,verified,58,Structured checks passed
B10334,business_document,b10334_business_document.pdf,verified,68,Structured checks passed
B10335,identity,b10335_identity.pdf,verified,83,Structured checks passed
B10335,bank_statement,b10335_bank_statement.pdf,verified,72,Structured checks passed
B10335,income_document,b10335_income_document.pdf,verified,85,Structured checks passed
B10335,salary_slip,b10335_salary_slip.pdf,verified,70,Structured checks passed
B10336,identity,b10336_identity.pdf,needs_review,50,OCR pending — status from structured verification
B10336,bank_statement,b10336_bank_statement.pdf,suspicious,69,OCR pending — status from structured verification
B10336,income_document,b10336_income_document.pdf,verified,49,Structured checks passed
B10336,salary_slip,b10336_salary_slip.pdf,verified,50,Structured checks passed
B10337,identity,b10337_identity.pdf,verified,65,Structured checks passed
B10337,bank_statement,b10337_bank_statement.pdf,needs_review,47,OCR pending — status from structured verification
B10337,income_document,b10337_income_document.pdf,needs_review,65,OCR pending — status from structured verification
B10337,business_document,b10337_business_document.pdf,needs_review,48,OCR pending — status from structured verification
B10338,identity,b10338_identity.pdf,verified,58,Structured checks passed
B10338,bank_statement,b10338_bank_statement.pdf,verified,73,Structured checks passed
B10338,income_document,b10338_income_document.pdf,verified,60,Structured checks passed
B10338,business_document,b10338_business_document.pdf,verified,69,Structured checks passed
B10339,identity,b10339_identity.pdf,verified,56,Structured checks passed
B10339,bank_statement,b10339_bank_statement.pdf,verified,65,Structured checks passed
B10339,income_document,b10339_income_document.pdf,needs_review,58,OCR pending — status from structured verification
B10340,identity,b10340_identity.pdf,verified,61,Structured checks passed
B10340,bank_statement,b10340_bank_statement.pdf,verified,68,Structured checks passed
B10340,income_document,b10340_income_document.pdf,needs_review,69,OCR pending — status from structured verification
B10340,salary_slip,b10340_salary_slip.pdf,needs_review,57,OCR pending — status from structured verification
B10341,identity,b10341_identity.pdf,verified,60,Structured checks passed
B10341,bank_statement,b10341_bank_statement.pdf,needs_review,69,OCR pending — status from structured verification
B10341,income_document,b10341_income_document.pdf,needs_review,63,OCR pending — status from structured verification
B10341,salary_slip,b10341_salary_slip.pdf,needs_review,57,OCR pending — status from structured verification
B10342,identity,b10342_identity.pdf,verified,94,Structured checks passed
B10342,bank_statement,b10342_bank_statement.pdf,verified,86,Structured checks passed
B10342,income_document,b10342_income_document.pdf,verified,86,Structured checks passed
B10343,identity,b10343_identity.pdf,verified,84,Structured checks passed
B10343,bank_statement,b10343_bank_statement.pdf,verified,77,Structured checks passed
B10343,income_document,b10343_income_document.pdf,verified,88,Structured checks passed
B10344,identity,b10344_identity.pdf,needs_review,84,OCR pending — status from structured verification
B10344,bank_statement,b10344_bank_statement.pdf,verified,92,Structured checks passed
B10344,income_document,b10344_income_document.pdf,verified,84,Structured checks passed
B10344,salary_slip,b10344_salary_slip.pdf,verified,92,Structured checks passed
B10345,identity,b10345_identity.pdf,verified,87,Structured checks passed
B10345,bank_statement,b10345_bank_statement.pdf,verified,95,Structured checks passed
B10345,income_document,b10345_income_document.pdf,verified,94,Structured checks passed
B10345,salary_slip,b10345_salary_slip.pdf,verified,83,Structured checks passed
B10346,identity,b10346_identity.pdf,needs_review,71,OCR pending — status from structured verification
B10346,bank_statement,b10346_bank_statement.pdf,verified,60,Structured checks passed
B10346,income_document,b10346_income_document.pdf,verified,71,Structured checks passed
B10346,salary_slip,b10346_salary_slip.pdf,verified,60,Structured checks passed
B10347,identity,b10347_identity.pdf,verified,61,Structured checks passed
B10347,bank_statement,b10347_bank_statement.pdf,suspicious,72,OCR pending — status from structured verification
B10347,income_document,b10347_income_document.pdf,suspicious,56,OCR pending — status from structured verification
B10348,identity,b10348_identity.pdf,verified,56,Structured checks passed
B10348,bank_statement,b10348_bank_statement.pdf,verified,70,Structured checks passed
B10348,income_document,b10348_income_document.pdf,verified,61,Structured checks passed
B10348,salary_slip,b10348_salary_slip.pdf,verified,62,Structured checks passed
B10349,identity,b10349_identity.pdf,needs_review,50,OCR pending — status from structured verification
B10349,bank_statement,b10349_bank_statement.pdf,suspicious,42,OCR pending — status from structured verification
B10349,income_document,b10349_income_document.pdf,needs_review,52,OCR pending — status from structured verification
B10349,salary_slip,b10349_salary_slip.pdf,needs_review,56,OCR pending — status from structured verification
B10350,identity,b10350_identity.pdf,verified,50,Structured checks passed
B10350,bank_statement,b10350_bank_statement.pdf,verified,64,Structured checks passed
B10350,income_document,b10350_income_document.pdf,verified,59,Structured checks passed
B10350,salary_slip,b10350_salary_slip.pdf,verified,51,Structured checks passed
B10351,identity,b10351_identity.pdf,verified,57,Structured checks passed
B10351,bank_statement,b10351_bank_statement.pdf,verified,56,Structured checks passed
B10351,income_document,b10351_income_document.pdf,verified,55,Structured checks passed
B10351,salary_slip,b10351_salary_slip.pdf,verified,57,Structured checks passed
B10352,identity,b10352_identity.pdf,verified,79,Structured checks passed
B10352,bank_statement,b10352_bank_statement.pdf,suspicious,81,OCR pending — status from structured verification
B10352,income_document,b10352_income_document.pdf,verified,78,Structured checks passed
B10353,identity,b10353_identity.pdf,needs_review,46,OCR pending — status from structured verification
B10353,bank_statement,b10353_bank_statement.pdf,verified,57,Structured checks passed
B10353,income_document,b10353_income_document.pdf,verified,57,Structured checks passed
B10354,identity,b10354_identity.pdf,verified,65,Structured checks passed
B10354,bank_statement,b10354_bank_statement.pdf,verified,63,Structured checks passed
B10354,income_document,b10354_income_document.pdf,verified,54,Structured checks passed
B10354,salary_slip,b10354_salary_slip.pdf,verified,55,Structured checks passed
B10355,identity,b10355_identity.pdf,verified,62,Structured checks passed
B10355,bank_statement,b10355_bank_statement.pdf,verified,77,Structured checks passed
B10355,income_document,b10355_income_document.pdf,verified,80,Structured checks passed
B10355,business_document,b10355_business_document.pdf,verified,66,Structured checks passed
B10356,identity,b10356_identity.pdf,verified,49,Structured checks passed
B10356,bank_statement,b10356_bank_statement.pdf,verified,38,Structured checks passed
B10356,income_document,b10356_income_document.pdf,suspicious,43,OCR pending — status from structured verification
B10357,identity,b10357_identity.pdf,verified,59,Structured checks passed
B10357,bank_statement,b10357_bank_statement.pdf,verified,73,Structured checks passed
B10357,income_document,b10357_income_document.pdf,verified,67,Structured checks passed
B10358,identity,b10358_identity.pdf,verified,99,Structured checks passed
B10358,bank_statement,b10358_bank_statement.pdf,verified,99,Structured checks passed
B10358,income_document,b10358_income_document.pdf,verified,99,Structured checks passed
B10358,salary_slip,b10358_salary_slip.pdf,verified,98,Structured checks passed
B10359,identity,b10359_identity.pdf,verified,85,Structured checks passed
B10359,bank_statement,b10359_bank_statement.pdf,verified,74,Structured checks passed
B10359,income_document,b10359_income_document.pdf,needs_review,70,OCR pending — status from structured verification
B10359,salary_slip,b10359_salary_slip.pdf,needs_review,80,OCR pending — status from structured verification
B10360,identity,b10360_identity.pdf,verified,60,Structured checks passed
B10360,bank_statement,b10360_bank_statement.pdf,verified,63,Structured checks passed
B10360,income_document,b10360_income_document.pdf,verified,44,Structured checks passed
B10361,identity,b10361_identity.pdf,verified,89,Structured checks passed
B10361,bank_statement,b10361_bank_statement.pdf,verified,94,Structured checks passed
B10361,income_document,b10361_income_document.pdf,verified,88,Structured checks passed
B10362,identity,b10362_identity.pdf,verified,87,Structured checks passed
B10362,bank_statement,b10362_bank_statement.pdf,verified,93,Structured checks passed
B10362,income_document,b10362_income_document.pdf,verified,88,Structured checks passed
B10362,business_document,b10362_business_document.pdf,verified,95,Structured checks passed
B10363,identity,b10363_identity.pdf,verified,69,Structured checks passed
B10363,bank_statement,b10363_bank_statement.pdf,verified,56,Structured checks passed
B10363,income_document,b10363_income_document.pdf,verified,76,Structured checks passed
B10363,business_document,b10363_business_document.pdf,verified,73,Structured checks passed
B10364,identity,b10364_identity.pdf,verified,49,Structured checks passed
B10364,bank_statement,b10364_bank_statement.pdf,verified,57,Structured checks passed
B10364,income_document,b10364_income_document.pdf,verified,47,Structured checks passed
B10364,salary_slip,b10364_salary_slip.pdf,verified,40,Structured checks passed
B10365,identity,b10365_identity.pdf,needs_review,34,OCR pending — status from structured verification
B10365,bank_statement,b10365_bank_statement.pdf,verified,21,Structured checks passed
B10365,income_document,b10365_income_document.pdf,suspicious,25,OCR pending — status from structured verification
B10366,identity,b10366_identity.pdf,verified,99,Structured checks passed
B10366,bank_statement,b10366_bank_statement.pdf,verified,98,Structured checks passed
B10366,income_document,b10366_income_document.pdf,needs_review,99,OCR pending — status from structured verification
B10367,identity,b10367_identity.pdf,verified,85,Structured checks passed
B10367,bank_statement,b10367_bank_statement.pdf,verified,86,Structured checks passed
B10367,income_document,b10367_income_document.pdf,verified,71,Structured checks passed
B10368,identity,b10368_identity.pdf,verified,56,Structured checks passed
B10368,bank_statement,b10368_bank_statement.pdf,needs_review,62,OCR pending — status from structured verification
B10368,income_document,b10368_income_document.pdf,verified,68,Structured checks passed
B10368,business_document,b10368_business_document.pdf,needs_review,58,OCR pending — status from structured verification
B10369,identity,b10369_identity.pdf,verified,78,Structured checks passed
B10369,bank_statement,b10369_bank_statement.pdf,verified,66,Structured checks passed
B10369,income_document,b10369_income_document.pdf,verified,75,Structured checks passed
B10370,identity,b10370_identity.pdf,verified,94,Structured checks passed
B10370,bank_statement,b10370_bank_statement.pdf,verified,90,Structured checks passed
B10370,income_document,b10370_income_document.pdf,verified,99,Structured checks passed
B10370,salary_slip,b10370_salary_slip.pdf,verified,99,Structured checks passed
B10371,identity,b10371_identity.pdf,suspicious,58,OCR pending — status from structured verification
B10371,bank_statement,b10371_bank_statement.pdf,suspicious,55,OCR pending — status from structured verification
B10371,income_document,b10371_income_document.pdf,verified,53,Structured checks passed
B10371,salary_slip,b10371_salary_slip.pdf,verified,58,Structured checks passed
B10372,identity,b10372_identity.pdf,suspicious,47,OCR pending — status from structured verification
B10372,bank_statement,b10372_bank_statement.pdf,needs_review,44,OCR pending — status from structured verification
B10372,income_document,b10372_income_document.pdf,suspicious,38,OCR pending — status from structured verification
B10372,business_document,b10372_business_document.pdf,needs_review,55,OCR pending — status from structured verification
B10373,identity,b10373_identity.pdf,verified,62,Structured checks passed
B10373,bank_statement,b10373_bank_statement.pdf,verified,68,Structured checks passed
B10373,income_document,b10373_income_document.pdf,verified,68,Structured checks passed
B10373,business_document,b10373_business_document.pdf,verified,76,Structured checks passed
B10374,identity,b10374_identity.pdf,verified,46,Structured checks passed
B10374,bank_statement,b10374_bank_statement.pdf,verified,42,Structured checks passed
B10374,income_document,b10374_income_document.pdf,verified,51,Structured checks passed
B10375,identity,b10375_identity.pdf,verified,87,Structured checks passed
B10375,bank_statement,b10375_bank_statement.pdf,verified,79,Structured checks passed
B10375,income_document,b10375_income_document.pdf,verified,78,Structured checks passed
B10376,identity,b10376_identity.pdf,verified,83,Structured checks passed
B10376,bank_statement,b10376_bank_statement.pdf,verified,84,Structured checks passed
B10376,income_document,b10376_income_document.pdf,verified,83,Structured checks passed
B10376,salary_slip,b10376_salary_slip.pdf,verified,74,Structured checks passed
B10377,identity,b10377_identity.pdf,suspicious,77,OCR pending — status from structured verification
B10377,bank_statement,b10377_bank_statement.pdf,suspicious,65,OCR pending — status from structured verification
B10377,income_document,b10377_income_document.pdf,suspicious,68,OCR pending — status from structured verification
B10377,business_document,b10377_business_document.pdf,suspicious,72,OCR pending — status from structured verification
B10378,identity,b10378_identity.pdf,verified,82,Structured checks passed
B10378,bank_statement,b10378_bank_statement.pdf,needs_review,95,OCR pending — status from structured verification
B10378,income_document,b10378_income_document.pdf,needs_review,95,OCR pending — status from structured verification
B10378,salary_slip,b10378_salary_slip.pdf,needs_review,91,OCR pending — status from structured verification
B10379,identity,b10379_identity.pdf,verified,90,Structured checks passed
B10379,bank_statement,b10379_bank_statement.pdf,verified,85,Structured checks passed
B10379,income_document,b10379_income_document.pdf,verified,99,Structured checks passed
B10379,business_document,b10379_business_document.pdf,verified,82,Structured checks passed
B10380,identity,b10380_identity.pdf,verified,77,Structured checks passed
B10380,bank_statement,b10380_bank_statement.pdf,verified,78,Structured checks passed
B10380,income_document,b10380_income_document.pdf,verified,87,Structured checks passed
B10381,identity,b10381_identity.pdf,needs_review,67,OCR pending — status from structured verification
B10381,bank_statement,b10381_bank_statement.pdf,verified,84,Structured checks passed
B10381,income_document,b10381_income_document.pdf,verified,82,Structured checks passed
B10381,business_document,b10381_business_document.pdf,verified,83,Structured checks passed
B10382,identity,b10382_identity.pdf,verified,67,Structured checks passed
B10382,bank_statement,b10382_bank_statement.pdf,verified,56,Structured checks passed
B10382,income_document,b10382_income_document.pdf,verified,72,Structured checks passed
B10383,identity,b10383_identity.pdf,verified,88,Structured checks passed
B10383,bank_statement,b10383_bank_statement.pdf,verified,88,Structured checks passed
B10383,income_document,b10383_income_document.pdf,verified,74,Structured checks passed
B10383,business_document,b10383_business_document.pdf,verified,85,Structured checks passed
B10384,identity,b10384_identity.pdf,suspicious,57,OCR pending — status from structured verification
B10384,bank_statement,b10384_bank_statement.pdf,verified,59,Structured checks passed
B10384,income_document,b10384_income_document.pdf,verified,71,Structured checks passed
B10384,business_document,b10384_business_document.pdf,verified,59,Structured checks passed
B10385,identity,b10385_identity.pdf,verified,81,Structured checks passed
B10385,bank_statement,b10385_bank_statement.pdf,verified,82,Structured checks passed
B10385,income_document,b10385_income_document.pdf,verified,84,Structured checks passed
B10386,identity,b10386_identity.pdf,verified,87,Structured checks passed
B10386,bank_statement,b10386_bank_statement.pdf,verified,74,Structured checks passed
B10386,income_document,b10386_income_document.pdf,verified,92,Structured checks passed
B10387,identity,b10387_identity.pdf,verified,69,Structured checks passed
B10387,bank_statement,b10387_bank_statement.pdf,verified,70,Structured checks passed
B10387,income_document,b10387_income_document.pdf,verified,54,Structured checks passed
B10388,identity,b10388_identity.pdf,verified,60,Structured checks passed
B10388,bank_statement,b10388_bank_statement.pdf,verified,62,Structured checks passed
B10388,income_document,b10388_income_document.pdf,verified,57,Structured checks passed
B10389,identity,b10389_identity.pdf,verified,48,Structured checks passed
B10389,bank_statement,b10389_bank_statement.pdf,verified,42,Structured checks passed
B10389,income_document,b10389_income_document.pdf,needs_review,49,OCR pending — status from structured verification
B10390,identity,b10390_identity.pdf,verified,90,Structured checks passed
B10390,bank_statement,b10390_bank_statement.pdf,verified,82,Structured checks passed
B10390,income_document,b10390_income_document.pdf,verified,81,Structured checks passed
B10391,identity,b10391_identity.pdf,verified,98,Structured checks passed
B10391,bank_statement,b10391_bank_statement.pdf,verified,96,Structured checks passed
B10391,income_document,b10391_income_document.pdf,verified,87,Structured checks passed
B10391,salary_slip,b10391_salary_slip.pdf,verified,94,Structured checks passed
B10392,identity,b10392_identity.pdf,verified,76,Structured checks passed
B10392,bank_statement,b10392_bank_statement.pdf,verified,87,Structured checks passed
B10392,income_document,b10392_income_document.pdf,verified,68,Structured checks passed
B10392,business_document,b10392_business_document.pdf,verified,80,Structured checks passed
B10393,identity,b10393_identity.pdf,verified,42,Structured checks passed
B10393,bank_statement,b10393_bank_statement.pdf,needs_review,42,OCR pending — status from structured verification
B10393,income_document,b10393_income_document.pdf,verified,43,Structured checks passed
B10393,business_document,b10393_business_document.pdf,needs_review,51,OCR pending — status from structured verification
B10394,identity,b10394_identity.pdf,needs_review,56,OCR pending — status from structured verification
B10394,bank_statement,b10394_bank_statement.pdf,suspicious,47,OCR pending — status from structured verification
B10394,income_document,b10394_income_document.pdf,needs_review,44,OCR pending — status from structured verification
B10394,salary_slip,b10394_salary_slip.pdf,needs_review,39,OCR pending — status from structured verification
B10395,identity,b10395_identity.pdf,verified,38,Structured checks passed
B10395,bank_statement,b10395_bank_statement.pdf,verified,50,Structured checks passed
B10395,income_document,b10395_income_document.pdf,verified,38,Structured checks passed
B10395,salary_slip,b10395_salary_slip.pdf,verified,49,Structured checks passed
B10396,identity,b10396_identity.pdf,verified,70,Structured checks passed
B10396,bank_statement,b10396_bank_statement.pdf,verified,78,Structured checks passed
B10396,income_document,b10396_income_document.pdf,needs_review,78,OCR pending — status from structured verification
B10396,salary_slip,b10396_salary_slip.pdf,needs_review,72,OCR pending — status from structured verification
B10397,identity,b10397_identity.pdf,verified,93,Structured checks passed
B10397,bank_statement,b10397_bank_statement.pdf,verified,92,Structured checks passed
B10397,income_document,b10397_income_document.pdf,verified,94,Structured checks passed
B10398,identity,b10398_identity.pdf,verified,99,Structured checks passed
B10398,bank_statement,b10398_bank_statement.pdf,verified,99,Structured checks passed
B10398,income_document,b10398_income_document.pdf,needs_review,97,OCR pending — status from structured verification
B10399,identity,b10399_identity.pdf,verified,77,Structured checks passed
B10399,bank_statement,b10399_bank_statement.pdf,verified,59,Structured checks passed
B10399,income_document,b10399_income_document.pdf,verified,76,Structured checks passed
B10400,identity,b10400_identity.pdf,verified,97,Structured checks passed
B10400,bank_statement,b10400_bank_statement.pdf,verified,99,Structured checks passed
B10400,income_document,b10400_income_document.pdf,verified,99,Structured checks passed
B10400,salary_slip,b10400_salary_slip.pdf,verified,96,Structured checks passed
B10401,identity,b10401_identity.pdf,verified,55,Structured checks passed
B10401,bank_statement,b10401_bank_statement.pdf,verified,51,Structured checks passed
B10401,income_document,b10401_income_document.pdf,verified,53,Structured checks passed
B10401,business_document,b10401_business_document.pdf,verified,58,Structured checks passed
B10402,identity,b10402_identity.pdf,verified,52,Structured checks passed
B10402,bank_statement,b10402_bank_statement.pdf,verified,57,Structured checks passed
B10402,income_document,b10402_income_document.pdf,verified,60,Structured checks passed
B10403,identity,b10403_identity.pdf,verified,86,Structured checks passed
B10403,bank_statement,b10403_bank_statement.pdf,verified,69,Structured checks passed
B10403,income_document,b10403_income_document.pdf,verified,77,Structured checks passed
B10404,identity,b10404_identity.pdf,verified,21,Structured checks passed
B10404,bank_statement,b10404_bank_statement.pdf,suspicious,24,OCR pending — status from structured verification
B10404,income_document,b10404_income_document.pdf,needs_review,19,OCR pending — status from structured verification
B10405,identity,b10405_identity.pdf,needs_review,50,OCR pending — status from structured verification
B10405,bank_statement,b10405_bank_statement.pdf,verified,61,Structured checks passed
B10405,income_document,b10405_income_document.pdf,verified,65,Structured checks passed
B10405,business_document,b10405_business_document.pdf,verified,66,Structured checks passed
B10406,identity,b10406_identity.pdf,needs_review,42,OCR pending — status from structured verification
B10406,bank_statement,b10406_bank_statement.pdf,verified,49,Structured checks passed
B10406,income_document,b10406_income_document.pdf,verified,41,Structured checks passed
B10406,business_document,b10406_business_document.pdf,verified,41,Structured checks passed
B10407,identity,b10407_identity.pdf,verified,63,Structured checks passed
B10407,bank_statement,b10407_bank_statement.pdf,verified,65,Structured checks passed
B10407,income_document,b10407_income_document.pdf,verified,59,Structured checks passed
B10408,identity,b10408_identity.pdf,verified,49,Structured checks passed
B10408,bank_statement,b10408_bank_statement.pdf,verified,63,Structured checks passed
B10408,income_document,b10408_income_document.pdf,suspicious,66,OCR pending — status from structured verification
B10409,identity,b10409_identity.pdf,suspicious,74,OCR pending — status from structured verification
B10409,bank_statement,b10409_bank_statement.pdf,needs_review,87,OCR pending — status from structured verification
B10409,income_document,b10409_income_document.pdf,suspicious,93,OCR pending — status from structured verification
B10409,business_document,b10409_business_document.pdf,needs_review,75,OCR pending — status from structured verification
B10410,identity,b10410_identity.pdf,verified,61,Structured checks passed
B10410,bank_statement,b10410_bank_statement.pdf,suspicious,68,OCR pending — status from structured verification
B10410,income_document,b10410_income_document.pdf,suspicious,68,OCR pending — status from structured verification
B10410,salary_slip,b10410_salary_slip.pdf,suspicious,66,OCR pending — status from structured verification
B10411,identity,b10411_identity.pdf,verified,79,Structured checks passed
B10411,bank_statement,b10411_bank_statement.pdf,needs_review,77,OCR pending — status from structured verification
B10411,income_document,b10411_income_document.pdf,verified,72,Structured checks passed
B10411,salary_slip,b10411_salary_slip.pdf,verified,89,Structured checks passed
B10412,identity,b10412_identity.pdf,verified,85,Structured checks passed
B10412,bank_statement,b10412_bank_statement.pdf,verified,99,Structured checks passed
B10412,income_document,b10412_income_document.pdf,verified,99,Structured checks passed
B10412,salary_slip,b10412_salary_slip.pdf,verified,97,Structured checks passed
B10413,identity,b10413_identity.pdf,verified,89,Structured checks passed
B10413,bank_statement,b10413_bank_statement.pdf,verified,88,Structured checks passed
B10413,income_document,b10413_income_document.pdf,needs_review,85,OCR pending — status from structured verification
B10414,identity,b10414_identity.pdf,suspicious,54,OCR pending — status from structured verification
B10414,bank_statement,b10414_bank_statement.pdf,suspicious,51,OCR pending — status from structured verification
B10414,income_document,b10414_income_document.pdf,needs_review,52,OCR pending — status from structured verification
B10414,business_document,b10414_business_document.pdf,suspicious,65,OCR pending — status from structured verification
B10415,identity,b10415_identity.pdf,verified,99,Structured checks passed
B10415,bank_statement,b10415_bank_statement.pdf,verified,99,Structured checks passed
B10415,income_document,b10415_income_document.pdf,verified,99,Structured checks passed
B10415,business_document,b10415_business_document.pdf,verified,99,Structured checks passed
B10416,identity,b10416_identity.pdf,verified,71,Structured checks passed
B10416,bank_statement,b10416_bank_statement.pdf,verified,78,Structured checks passed
B10416,income_document,b10416_income_document.pdf,verified,82,Structured checks passed
B10417,identity,b10417_identity.pdf,verified,99,Structured checks passed
B10417,bank_statement,b10417_bank_statement.pdf,verified,93,Structured checks passed
B10417,income_document,b10417_income_document.pdf,needs_review,97,OCR pending — status from structured verification
B10418,identity,b10418_identity.pdf,suspicious,73,OCR pending — status from structured verification
B10418,bank_statement,b10418_bank_statement.pdf,verified,72,Structured checks passed
B10418,income_document,b10418_income_document.pdf,verified,64,Structured checks passed
B10419,identity,b10419_identity.pdf,suspicious,67,OCR pending — status from structured verification
B10419,bank_statement,b10419_bank_statement.pdf,suspicious,66,OCR pending — status from structured verification
B10419,income_document,b10419_income_document.pdf,verified,66,Structured checks passed
B10420,identity,b10420_identity.pdf,verified,50,Structured checks passed
B10420,bank_statement,b10420_bank_statement.pdf,suspicious,57,OCR pending — status from structured verification
B10420,income_document,b10420_income_document.pdf,suspicious,49,OCR pending — status from structured verification
B10420,salary_slip,b10420_salary_slip.pdf,suspicious,55,OCR pending — status from structured verification
B10421,identity,b10421_identity.pdf,verified,78,Structured checks passed
B10421,bank_statement,b10421_bank_statement.pdf,verified,69,Structured checks passed
B10421,income_document,b10421_income_document.pdf,verified,67,Structured checks passed
B10422,identity,b10422_identity.pdf,verified,46,Structured checks passed
B10422,bank_statement,b10422_bank_statement.pdf,needs_review,46,OCR pending — status from structured verification
B10422,income_document,b10422_income_document.pdf,suspicious,33,OCR pending — status from structured verification
B10422,salary_slip,b10422_salary_slip.pdf,suspicious,41,OCR pending — status from structured verification
B10423,identity,b10423_identity.pdf,verified,66,Structured checks passed
B10423,bank_statement,b10423_bank_statement.pdf,verified,62,Structured checks passed
B10423,income_document,b10423_income_document.pdf,suspicious,60,OCR pending — status from structured verification
B10423,salary_slip,b10423_salary_slip.pdf,suspicious,66,OCR pending — status from structured verification
B10424,identity,b10424_identity.pdf,verified,69,Structured checks passed
B10424,bank_statement,b10424_bank_statement.pdf,verified,66,Structured checks passed
B10424,income_document,b10424_income_document.pdf,needs_review,72,OCR pending — status from structured verification
B10424,business_document,b10424_business_document.pdf,verified,66,Structured checks passed
B10425,identity,b10425_identity.pdf,needs_review,99,OCR pending — status from structured verification
B10425,bank_statement,b10425_bank_statement.pdf,verified,87,Structured checks passed
B10425,income_document,b10425_income_document.pdf,verified,88,Structured checks passed
B10425,salary_slip,b10425_salary_slip.pdf,verified,99,Structured checks passed
B10426,identity,b10426_identity.pdf,needs_review,80,OCR pending — status from structured verification
B10426,bank_statement,b10426_bank_statement.pdf,verified,71,Structured checks passed
B10426,income_document,b10426_income_document.pdf,verified,85,Structured checks passed
B10426,salary_slip,b10426_salary_slip.pdf,verified,82,Structured checks passed
B10427,identity,b10427_identity.pdf,verified,63,Structured checks passed
B10427,bank_statement,b10427_bank_statement.pdf,verified,70,Structured checks passed
B10427,income_document,b10427_income_document.pdf,verified,61,Structured checks passed
B10427,salary_slip,b10427_salary_slip.pdf,verified,62,Structured checks passed
B10428,identity,b10428_identity.pdf,verified,48,Structured checks passed
B10428,bank_statement,b10428_bank_statement.pdf,needs_review,58,OCR pending — status from structured verification
B10428,income_document,b10428_income_document.pdf,verified,54,Structured checks passed
B10428,salary_slip,b10428_salary_slip.pdf,verified,50,Structured checks passed
B10429,identity,b10429_identity.pdf,verified,43,Structured checks passed
B10429,bank_statement,b10429_bank_statement.pdf,suspicious,48,OCR pending — status from structured verification
B10429,income_document,b10429_income_document.pdf,verified,52,Structured checks passed
B10429,salary_slip,b10429_salary_slip.pdf,verified,44,Structured checks passed
B10430,identity,b10430_identity.pdf,verified,66,Structured checks passed
B10430,bank_statement,b10430_bank_statement.pdf,verified,64,Structured checks passed
B10430,income_document,b10430_income_document.pdf,verified,66,Structured checks passed
B10431,identity,b10431_identity.pdf,suspicious,38,OCR pending — status from structured verification
B10431,bank_statement,b10431_bank_statement.pdf,verified,46,Structured checks passed
B10431,income_document,b10431_income_document.pdf,verified,45,Structured checks passed
B10431,business_document,b10431_business_document.pdf,verified,45,Structured checks passed
B10432,identity,b10432_identity.pdf,needs_review,81,OCR pending — status from structured verification
B10432,bank_statement,b10432_bank_statement.pdf,verified,84,Structured checks passed
B10432,income_document,b10432_income_document.pdf,verified,76,Structured checks passed
B10433,identity,b10433_identity.pdf,verified,78,Structured checks passed
B10433,bank_statement,b10433_bank_statement.pdf,suspicious,68,OCR pending — status from structured verification
B10433,income_document,b10433_income_document.pdf,verified,70,Structured checks passed
B10433,business_document,b10433_business_document.pdf,suspicious,80,OCR pending — status from structured verification
B10434,identity,b10434_identity.pdf,suspicious,72,OCR pending — status from structured verification
B10434,bank_statement,b10434_bank_statement.pdf,needs_review,67,OCR pending — status from structured verification
B10434,income_document,b10434_income_document.pdf,suspicious,75,OCR pending — status from structured verification
B10434,salary_slip,b10434_salary_slip.pdf,suspicious,76,OCR pending — status from structured verification
B10435,identity,b10435_identity.pdf,verified,86,Structured checks passed
B10435,bank_statement,b10435_bank_statement.pdf,verified,82,Structured checks passed
B10435,income_document,b10435_income_document.pdf,verified,79,Structured checks passed
B10435,salary_slip,b10435_salary_slip.pdf,verified,74,Structured checks passed
B10436,identity,b10436_identity.pdf,verified,78,Structured checks passed
B10436,bank_statement,b10436_bank_statement.pdf,verified,65,Structured checks passed
B10436,income_document,b10436_income_document.pdf,verified,81,Structured checks passed
B10437,identity,b10437_identity.pdf,verified,82,Structured checks passed
B10437,bank_statement,b10437_bank_statement.pdf,verified,73,Structured checks passed
B10437,income_document,b10437_income_document.pdf,verified,83,Structured checks passed
B10438,identity,b10438_identity.pdf,verified,60,Structured checks passed
B10438,bank_statement,b10438_bank_statement.pdf,needs_review,58,OCR pending — status from structured verification
B10438,income_document,b10438_income_document.pdf,verified,71,Structured checks passed
B10439,identity,b10439_identity.pdf,suspicious,53,OCR pending — status from structured verification
B10439,bank_statement,b10439_bank_statement.pdf,verified,60,Structured checks passed
B10439,income_document,b10439_income_document.pdf,suspicious,44,OCR pending — status from structured verification
B10439,salary_slip,b10439_salary_slip.pdf,suspicious,55,OCR pending — status from structured verification
B10440,identity,b10440_identity.pdf,needs_review,72,OCR pending — status from structured verification
B10440,bank_statement,b10440_bank_statement.pdf,verified,58,Structured checks passed
B10440,income_document,b10440_income_document.pdf,verified,70,Structured checks passed
B10440,salary_slip,b10440_salary_slip.pdf,verified,71,Structured checks passed
B10441,identity,b10441_identity.pdf,verified,70,Structured checks passed
B10441,bank_statement,b10441_bank_statement.pdf,suspicious,73,OCR pending — status from structured verification
B10441,income_document,b10441_income_document.pdf,verified,72,Structured checks passed
B10441,business_document,b10441_business_document.pdf,suspicious,70,OCR pending — status from structured verification
B10442,identity,b10442_identity.pdf,verified,79,Structured checks passed
B10442,bank_statement,b10442_bank_statement.pdf,verified,74,Structured checks passed
B10442,income_document,b10442_income_document.pdf,verified,92,Structured checks passed
B10443,identity,b10443_identity.pdf,verified,76,Structured checks passed
B10443,bank_statement,b10443_bank_statement.pdf,verified,74,Structured checks passed
B10443,income_document,b10443_income_document.pdf,verified,78,Structured checks passed
B10444,identity,b10444_identity.pdf,verified,57,Structured checks passed
B10444,bank_statement,b10444_bank_statement.pdf,needs_review,51,OCR pending — status from structured verification
B10444,income_document,b10444_income_document.pdf,verified,49,Structured checks passed
B10445,identity,b10445_identity.pdf,suspicious,48,OCR pending — status from structured verification
B10445,bank_statement,b10445_bank_statement.pdf,verified,42,Structured checks passed
B10445,income_document,b10445_income_document.pdf,suspicious,51,OCR pending — status from structured verification
B10446,identity,b10446_identity.pdf,verified,39,Structured checks passed
B10446,bank_statement,b10446_bank_statement.pdf,suspicious,46,OCR pending — status from structured verification
B10446,income_document,b10446_income_document.pdf,verified,44,Structured checks passed
B10446,salary_slip,b10446_salary_slip.pdf,verified,36,Structured checks passed
B10447,identity,b10447_identity.pdf,suspicious,57,OCR pending — status from structured verification
B10447,bank_statement,b10447_bank_statement.pdf,needs_review,50,OCR pending — status from structured verification
B10447,income_document,b10447_income_document.pdf,verified,52,Structured checks passed
B10447,business_document,b10447_business_document.pdf,needs_review,49,OCR pending — status from structured verification
B10448,identity,b10448_identity.pdf,verified,61,Structured checks passed
B10448,bank_statement,b10448_bank_statement.pdf,needs_review,72,OCR pending — status from structured verification
B10448,income_document,b10448_income_document.pdf,suspicious,73,OCR pending — status from structured verification
B10448,business_document,b10448_business_document.pdf,needs_review,61,OCR pending — status from structured verification
B10449,identity,b10449_identity.pdf,suspicious,47,OCR pending — status from structured verification
B10449,bank_statement,b10449_bank_statement.pdf,verified,48,Structured checks passed
B10449,income_document,b10449_income_document.pdf,verified,33,Structured checks passed
B10449,salary_slip,b10449_salary_slip.pdf,verified,42,Structured checks passed
B10450,identity,b10450_identity.pdf,suspicious,72,OCR pending — status from structured verification
B10450,bank_statement,b10450_bank_statement.pdf,verified,73,Structured checks passed
B10450,income_document,b10450_income_document.pdf,verified,63,Structured checks passed
B10451,identity,b10451_identity.pdf,verified,76,Structured checks passed
B10451,bank_statement,b10451_bank_statement.pdf,verified,61,Structured checks passed
B10451,income_document,b10451_income_document.pdf,verified,66,Structured checks passed
B10452,identity,b10452_identity.pdf,verified,75,Structured checks passed
B10452,bank_statement,b10452_bank_statement.pdf,verified,75,Structured checks passed
B10452,income_document,b10452_income_document.pdf,verified,73,Structured checks passed
B10453,identity,b10453_identity.pdf,needs_review,43,OCR pending — status from structured verification
B10453,bank_statement,b10453_bank_statement.pdf,verified,46,Structured checks passed
B10453,income_document,b10453_income_document.pdf,verified,42,Structured checks passed
B10454,identity,b10454_identity.pdf,verified,67,Structured checks passed
B10454,bank_statement,b10454_bank_statement.pdf,verified,81,Structured checks passed
B10454,income_document,b10454_income_document.pdf,verified,70,Structured checks passed
B10454,business_document,b10454_business_document.pdf,verified,71,Structured checks passed
B10455,identity,b10455_identity.pdf,verified,50,Structured checks passed
B10455,bank_statement,b10455_bank_statement.pdf,verified,47,Structured checks passed
B10455,income_document,b10455_income_document.pdf,suspicious,62,OCR pending — status from structured verification
B10455,salary_slip,b10455_salary_slip.pdf,suspicious,62,OCR pending — status from structured verification
B10456,identity,b10456_identity.pdf,verified,84,Structured checks passed
B10456,bank_statement,b10456_bank_statement.pdf,verified,87,Structured checks passed
B10456,income_document,b10456_income_document.pdf,verified,96,Structured checks passed
B10456,salary_slip,b10456_salary_slip.pdf,verified,88,Structured checks passed
B10457,identity,b10457_identity.pdf,verified,63,Structured checks passed
B10457,bank_statement,b10457_bank_statement.pdf,verified,72,Structured checks passed
B10457,income_document,b10457_income_document.pdf,verified,74,Structured checks passed
B10458,identity,b10458_identity.pdf,verified,50,Structured checks passed
B10458,bank_statement,b10458_bank_statement.pdf,verified,50,Structured checks passed
B10458,income_document,b10458_income_document.pdf,suspicious,53,OCR pending — status from structured verification
B10459,identity,b10459_identity.pdf,verified,63,Structured checks passed
B10459,bank_statement,b10459_bank_statement.pdf,verified,67,Structured checks passed
B10459,income_document,b10459_income_document.pdf,verified,75,Structured checks passed
B10460,identity,b10460_identity.pdf,verified,53,Structured checks passed
B10460,bank_statement,b10460_bank_statement.pdf,suspicious,55,OCR pending — status from structured verification
B10460,income_document,b10460_income_document.pdf,verified,54,Structured checks passed
B10460,salary_slip,b10460_salary_slip.pdf,verified,47,Structured checks passed
B10461,identity,b10461_identity.pdf,verified,91,Structured checks passed
B10461,bank_statement,b10461_bank_statement.pdf,verified,87,Structured checks passed
B10461,income_document,b10461_income_document.pdf,verified,88,Structured checks passed
B10461,salary_slip,b10461_salary_slip.pdf,verified,99,Structured checks passed
B10462,identity,b10462_identity.pdf,verified,55,Structured checks passed
B10462,bank_statement,b10462_bank_statement.pdf,needs_review,47,OCR pending — status from structured verification
B10462,income_document,b10462_income_document.pdf,verified,62,Structured checks passed
B10462,salary_slip,b10462_salary_slip.pdf,verified,62,Structured checks passed
B10463,identity,b10463_identity.pdf,verified,64,Structured checks passed
B10463,bank_statement,b10463_bank_statement.pdf,verified,81,Structured checks passed
B10463,income_document,b10463_income_document.pdf,verified,73,Structured checks passed
B10463,salary_slip,b10463_salary_slip.pdf,verified,65,Structured checks passed
B10464,identity,b10464_identity.pdf,suspicious,68,OCR pending — status from structured verification
B10464,bank_statement,b10464_bank_statement.pdf,verified,72,Structured checks passed
B10464,income_document,b10464_income_document.pdf,needs_review,72,OCR pending — status from structured verification
B10464,salary_slip,b10464_salary_slip.pdf,needs_review,64,OCR pending — status from structured verification
B10465,identity,b10465_identity.pdf,verified,70,Structured checks passed
B10465,bank_statement,b10465_bank_statement.pdf,verified,73,Structured checks passed
B10465,income_document,b10465_income_document.pdf,verified,70,Structured checks passed
B10465,business_document,b10465_business_document.pdf,verified,87,Structured checks passed
B10466,identity,b10466_identity.pdf,verified,51,Structured checks passed
B10466,bank_statement,b10466_bank_statement.pdf,verified,47,Structured checks passed
B10466,income_document,b10466_income_document.pdf,suspicious,47,OCR pending — status from structured verification
B10467,identity,b10467_identity.pdf,verified,56,Structured checks passed
B10467,bank_statement,b10467_bank_statement.pdf,verified,61,Structured checks passed
B10467,income_document,b10467_income_document.pdf,verified,69,Structured checks passed
B10468,identity,b10468_identity.pdf,suspicious,51,OCR pending — status from structured verification
B10468,bank_statement,b10468_bank_statement.pdf,verified,42,Structured checks passed
B10468,income_document,b10468_income_document.pdf,verified,45,Structured checks passed
B10469,identity,b10469_identity.pdf,verified,70,Structured checks passed
B10469,bank_statement,b10469_bank_statement.pdf,verified,65,Structured checks passed
B10469,income_document,b10469_income_document.pdf,verified,66,Structured checks passed
B10470,identity,b10470_identity.pdf,verified,82,Structured checks passed
B10470,bank_statement,b10470_bank_statement.pdf,verified,77,Structured checks passed
B10470,income_document,b10470_income_document.pdf,verified,62,Structured checks passed
B10470,salary_slip,b10470_salary_slip.pdf,verified,74,Structured checks passed
B10471,identity,b10471_identity.pdf,suspicious,56,OCR pending — status from structured verification
B10471,bank_statement,b10471_bank_statement.pdf,suspicious,68,OCR pending — status from structured verification
B10471,income_document,b10471_income_document.pdf,verified,54,Structured checks passed
B10471,business_document,b10471_business_document.pdf,suspicious,62,OCR pending — status from structured verification
B10472,identity,b10472_identity.pdf,verified,65,Structured checks passed
B10472,bank_statement,b10472_bank_statement.pdf,needs_review,73,OCR pending — status from structured verification
B10472,income_document,b10472_income_document.pdf,verified,66,Structured checks passed
B10473,identity,b10473_identity.pdf,verified,67,Structured checks passed
B10473,bank_statement,b10473_bank_statement.pdf,verified,69,Structured checks passed
B10473,income_document,b10473_income_document.pdf,needs_review,58,OCR pending — status from structured verification
B10473,salary_slip,b10473_salary_slip.pdf,needs_review,61,OCR pending — status from structured verification
B10474,identity,b10474_identity.pdf,verified,48,Structured checks passed
B10474,bank_statement,b10474_bank_statement.pdf,verified,49,Structured checks passed
B10474,income_document,b10474_income_document.pdf,verified,36,Structured checks passed
B10474,business_document,b10474_business_document.pdf,verified,52,Structured checks passed
B10475,identity,b10475_identity.pdf,verified,80,Structured checks passed
B10475,bank_statement,b10475_bank_statement.pdf,needs_review,65,OCR pending — status from structured verification
B10475,income_document,b10475_income_document.pdf,verified,85,Structured checks passed
B10475,salary_slip,b10475_salary_slip.pdf,verified,70,Structured checks passed
B10476,identity,b10476_identity.pdf,verified,68,Structured checks passed
B10476,bank_statement,b10476_bank_statement.pdf,needs_review,77,OCR pending — status from structured verification
B10476,income_document,b10476_income_document.pdf,verified,74,Structured checks passed
B10476,salary_slip,b10476_salary_slip.pdf,verified,74,Structured checks passed
B10477,identity,b10477_identity.pdf,verified,79,Structured checks passed
B10477,bank_statement,b10477_bank_statement.pdf,verified,66,Structured checks passed
B10477,income_document,b10477_income_document.pdf,verified,71,Structured checks passed
B10477,business_document,b10477_business_document.pdf,verified,75,Structured checks passed
B10478,identity,b10478_identity.pdf,needs_review,33,OCR pending — status from structured verification
B10478,bank_statement,b10478_bank_statement.pdf,suspicious,35,OCR pending — status from structured verification
B10478,income_document,b10478_income_document.pdf,verified,35,Structured checks passed
B10479,identity,b10479_identity.pdf,suspicious,55,OCR pending — status from structured verification
B10479,bank_statement,b10479_bank_statement.pdf,verified,45,Structured checks passed
B10479,income_document,b10479_income_document.pdf,suspicious,58,OCR pending — status from structured verification
B10480,identity,b10480_identity.pdf,verified,94,Structured checks passed
B10480,bank_statement,b10480_bank_statement.pdf,verified,84,Structured checks passed
B10480,income_document,b10480_income_document.pdf,verified,99,Structured checks passed
B10480,business_document,b10480_business_document.pdf,verified,94,Structured checks passed
B10481,identity,b10481_identity.pdf,verified,68,Structured checks passed
B10481,bank_statement,b10481_bank_statement.pdf,verified,65,Structured checks passed
B10481,income_document,b10481_income_document.pdf,verified,61,Structured checks passed
B10481,business_document,b10481_business_document.pdf,verified,74,Structured checks passed
B10482,identity,b10482_identity.pdf,suspicious,67,OCR pending — status from structured verification
B10482,bank_statement,b10482_bank_statement.pdf,suspicious,69,OCR pending — status from structured verification
B10482,income_document,b10482_income_document.pdf,suspicious,59,OCR pending — status from structured verification
B10483,identity,b10483_identity.pdf,needs_review,51,OCR pending — status from structured verification
B10483,bank_statement,b10483_bank_statement.pdf,verified,45,Structured checks passed
B10483,income_document,b10483_income_document.pdf,verified,52,Structured checks passed
B10483,business_document,b10483_business_document.pdf,verified,49,Structured checks passed
B10484,identity,b10484_identity.pdf,verified,89,Structured checks passed
B10484,bank_statement,b10484_bank_statement.pdf,verified,79,Structured checks passed
B10484,income_document,b10484_income_document.pdf,verified,96,Structured checks passed
B10485,identity,b10485_identity.pdf,verified,88,Structured checks passed
B10485,bank_statement,b10485_bank_statement.pdf,verified,91,Structured checks passed
B10485,income_document,b10485_income_document.pdf,verified,92,Structured checks passed
B10485,business_document,b10485_business_document.pdf,verified,83,Structured checks passed
B10486,identity,b10486_identity.pdf,verified,60,Structured checks passed
B10486,bank_statement,b10486_bank_statement.pdf,verified,73,Structured checks passed
B10486,income_document,b10486_income_document.pdf,verified,69,Structured checks passed
B10486,salary_slip,b10486_salary_slip.pdf,verified,65,Structured checks passed
B10487,identity,b10487_identity.pdf,verified,65,Structured checks passed
B10487,bank_statement,b10487_bank_statement.pdf,needs_review,58,OCR pending — status from structured verification
B10487,income_document,b10487_income_document.pdf,verified,60,Structured checks passed
B10487,salary_slip,b10487_salary_slip.pdf,verified,46,Structured checks passed
B10488,identity,b10488_identity.pdf,suspicious,44,OCR pending — status from structured verification
B10488,bank_statement,b10488_bank_statement.pdf,verified,40,Structured checks passed
B10488,income_document,b10488_income_document.pdf,suspicious,39,OCR pending — status from structured verification
B10489,identity,b10489_identity.pdf,needs_review,83,OCR pending — status from structured verification
B10489,bank_statement,b10489_bank_statement.pdf,verified,67,Structured checks passed
B10489,income_document,b10489_income_document.pdf,verified,72,Structured checks passed
B10490,identity,b10490_identity.pdf,verified,86,Structured checks passed
B10490,bank_statement,b10490_bank_statement.pdf,verified,88,Structured checks passed
B10490,income_document,b10490_income_document.pdf,verified,83,Structured checks passed
B10490,business_document,b10490_business_document.pdf,verified,90,Structured checks passed
B10491,identity,b10491_identity.pdf,verified,76,Structured checks passed
B10491,bank_statement,b10491_bank_statement.pdf,verified,73,Structured checks passed
B10491,income_document,b10491_income_document.pdf,verified,88,Structured checks passed
B10492,identity,b10492_identity.pdf,verified,51,Structured checks passed
B10492,bank_statement,b10492_bank_statement.pdf,suspicious,59,OCR pending — status from structured verification
B10492,income_document,b10492_income_document.pdf,suspicious,59,OCR pending — status from structured verification
B10493,identity,b10493_identity.pdf,verified,58,Structured checks passed
B10493,bank_statement,b10493_bank_statement.pdf,verified,56,Structured checks passed
B10493,income_document,b10493_income_document.pdf,suspicious,43,OCR pending — status from structured verification
B10493,salary_slip,b10493_salary_slip.pdf,suspicious,45,OCR pending — status from structured verification
B10494,identity,b10494_identity.pdf,needs_review,86,OCR pending — status from structured verification
B10494,bank_statement,b10494_bank_statement.pdf,needs_review,78,OCR pending — status from structured verification
B10494,income_document,b10494_income_document.pdf,verified,73,Structured checks passed
B10495,identity,b10495_identity.pdf,needs_review,63,OCR pending — status from structured verification
B10495,bank_statement,b10495_bank_statement.pdf,verified,73,Structured checks passed
B10495,income_document,b10495_income_document.pdf,verified,62,Structured checks passed
B10495,salary_slip,b10495_salary_slip.pdf,verified,70,Structured checks passed
B10496,identity,b10496_identity.pdf,verified,48,Structured checks passed
B10496,bank_statement,b10496_bank_statement.pdf,verified,55,Structured checks passed
B10496,income_document,b10496_income_document.pdf,needs_review,58,OCR pending — status from structured verification
B10497,identity,b10497_identity.pdf,verified,84,Structured checks passed
B10497,bank_statement,b10497_bank_statement.pdf,verified,80,Structured checks passed
B10497,income_document,b10497_income_document.pdf,verified,82,Structured checks passed
B10497,salary_slip,b10497_salary_slip.pdf,verified,83,Structured checks passed
B10498,identity,b10498_identity.pdf,needs_review,75,OCR pending — status from structured verification
B10498,bank_statement,b10498_bank_statement.pdf,suspicious,78,OCR pending — status from structured verification
B10498,income_document,b10498_income_document.pdf,verified,61,Structured checks passed
B10498,salary_slip,b10498_salary_slip.pdf,verified,69,Structured checks passed
B10499,identity,b10499_identity.pdf,verified,59,Structured checks passed
B10499,bank_statement,b10499_bank_statement.pdf,verified,42,Structured checks passed
B10499,income_document,b10499_income_document.pdf,verified,46,Structured checks passed
B10499,salary_slip,b10499_salary_slip.pdf,verified,59,Structured checks passed
B10500,identity,b10500_identity.pdf,verified,35,Structured checks passed
B10500,bank_statement,b10500_bank_statement.pdf,verified,42,Structured checks passed
B10500,income_document,b10500_income_document.pdf,suspicious,51,OCR pending — status from structured verification
B10501,identity,b10501_identity.pdf,suspicious,47,OCR pending — status from structured verification
B10501,bank_statement,b10501_bank_statement.pdf,verified,53,Structured checks passed
B10501,income_document,b10501_income_document.pdf,suspicious,38,OCR pending — status from structured verification
B10502,identity,b10502_identity.pdf,verified,68,Structured checks passed
B10502,bank_statement,b10502_bank_statement.pdf,verified,82,Structured checks passed
B10502,income_document,b10502_income_document.pdf,verified,73,Structured checks passed
B10502,business_document,b10502_business_document.pdf,verified,75,Structured checks passed
B10503,identity,b10503_identity.pdf,verified,54,Structured checks passed
B10503,bank_statement,b10503_bank_statement.pdf,needs_review,52,OCR pending — status from structured verification
B10503,income_document,b10503_income_document.pdf,needs_review,55,OCR pending — status from structured verification
B10504,identity,b10504_identity.pdf,suspicious,53,OCR pending — status from structured verification
B10504,bank_statement,b10504_bank_statement.pdf,verified,48,Structured checks passed
B10504,income_document,b10504_income_document.pdf,suspicious,51,OCR pending — status from structured verification
B10505,identity,b10505_identity.pdf,suspicious,62,OCR pending — status from structured verification
B10505,bank_statement,b10505_bank_statement.pdf,suspicious,55,OCR pending — status from structured verification
B10505,income_document,b10505_income_document.pdf,verified,55,Structured checks passed
B10505,business_document,b10505_business_document.pdf,suspicious,62,OCR pending — status from structured verification
B10506,identity,b10506_identity.pdf,suspicious,40,OCR pending — status from structured verification
B10506,bank_statement,b10506_bank_statement.pdf,suspicious,42,OCR pending — status from structured verification
B10506,income_document,b10506_income_document.pdf,suspicious,40,OCR pending — status from structured verification
B10506,salary_slip,b10506_salary_slip.pdf,suspicious,45,OCR pending — status from structured verification
B10507,identity,b10507_identity.pdf,verified,66,Structured checks passed
B10507,bank_statement,b10507_bank_statement.pdf,verified,83,Structured checks passed
B10507,income_document,b10507_income_document.pdf,verified,84,Structured checks passed
B10507,business_document,b10507_business_document.pdf,verified,77,Structured checks passed
B10508,identity,b10508_identity.pdf,verified,48,Structured checks passed
B10508,bank_statement,b10508_bank_statement.pdf,verified,53,Structured checks passed
B10508,income_document,b10508_income_document.pdf,suspicious,49,OCR pending — status from structured verification
B10508,salary_slip,b10508_salary_slip.pdf,suspicious,66,OCR pending — status from structured verification
B10509,identity,b10509_identity.pdf,verified,67,Structured checks passed
B10509,bank_statement,b10509_bank_statement.pdf,verified,58,Structured checks passed
B10509,income_document,b10509_income_document.pdf,verified,72,Structured checks passed
B10510,identity,b10510_identity.pdf,verified,47,Structured checks passed
B10510,bank_statement,b10510_bank_statement.pdf,needs_review,48,OCR pending — status from structured verification
B10510,income_document,b10510_income_document.pdf,suspicious,44,OCR pending — status from structured verification
B10510,business_document,b10510_business_document.pdf,needs_review,43,OCR pending — status from structured verification
B10511,identity,b10511_identity.pdf,verified,53,Structured checks passed
B10511,bank_statement,b10511_bank_statement.pdf,verified,37,Structured checks passed
B10511,income_document,b10511_income_document.pdf,suspicious,47,OCR pending — status from structured verification
B10511,business_document,b10511_business_document.pdf,verified,44,Structured checks passed
B10512,identity,b10512_identity.pdf,verified,54,Structured checks passed
B10512,bank_statement,b10512_bank_statement.pdf,verified,48,Structured checks passed
B10512,income_document,b10512_income_document.pdf,verified,55,Structured checks passed
B10512,salary_slip,b10512_salary_slip.pdf,verified,45,Structured checks passed
B10513,identity,b10513_identity.pdf,verified,75,Structured checks passed
B10513,bank_statement,b10513_bank_statement.pdf,verified,83,Structured checks passed
B10513,income_document,b10513_income_document.pdf,verified,78,Structured checks passed
B10514,identity,b10514_identity.pdf,verified,94,Structured checks passed
B10514,bank_statement,b10514_bank_statement.pdf,verified,90,Structured checks passed
B10514,income_document,b10514_income_document.pdf,verified,90,Structured checks passed
B10514,salary_slip,b10514_salary_slip.pdf,verified,89,Structured checks passed
B10515,identity,b10515_identity.pdf,verified,57,Structured checks passed
B10515,bank_statement,b10515_bank_statement.pdf,verified,61,Structured checks passed
B10515,income_document,b10515_income_document.pdf,verified,63,Structured checks passed
B10515,salary_slip,b10515_salary_slip.pdf,verified,62,Structured checks passed
B10516,identity,b10516_identity.pdf,verified,95,Structured checks passed
B10516,bank_statement,b10516_bank_statement.pdf,verified,86,Structured checks passed
B10516,income_document,b10516_income_document.pdf,verified,90,Structured checks passed
B10516,business_document,b10516_business_document.pdf,verified,93,Structured checks passed
B10517,identity,b10517_identity.pdf,verified,53,Structured checks passed
B10517,bank_statement,b10517_bank_statement.pdf,needs_review,54,OCR pending — status from structured verification
B10517,income_document,b10517_income_document.pdf,needs_review,47,OCR pending — status from structured verification
B10518,identity,b10518_identity.pdf,verified,83,Structured checks passed
B10518,bank_statement,b10518_bank_statement.pdf,verified,85,Structured checks passed
B10518,income_document,b10518_income_document.pdf,verified,82,Structured checks passed
B10518,business_document,b10518_business_document.pdf,verified,74,Structured checks passed
B10519,identity,b10519_identity.pdf,verified,62,Structured checks passed
B10519,bank_statement,b10519_bank_statement.pdf,needs_review,67,OCR pending — status from structured verification
B10519,income_document,b10519_income_document.pdf,suspicious,71,OCR pending — status from structured verification
B10519,business_document,b10519_business_document.pdf,needs_review,59,OCR pending — status from structured verification
B10520,identity,b10520_identity.pdf,verified,37,Structured checks passed
B10520,bank_statement,b10520_bank_statement.pdf,suspicious,33,OCR pending — status from structured verification
B10520,income_document,b10520_income_document.pdf,needs_review,47,OCR pending — status from structured verification
B10520,salary_slip,b10520_salary_slip.pdf,needs_review,33,OCR pending — status from structured verification
B10521,identity,b10521_identity.pdf,verified,94,Structured checks passed
B10521,bank_statement,b10521_bank_statement.pdf,verified,88,Structured checks passed
B10521,income_document,b10521_income_document.pdf,verified,99,Structured checks passed
B10521,salary_slip,b10521_salary_slip.pdf,verified,91,Structured checks passed
B10522,identity,b10522_identity.pdf,verified,48,Structured checks passed
B10522,bank_statement,b10522_bank_statement.pdf,needs_review,54,OCR pending — status from structured verification
B10522,income_document,b10522_income_document.pdf,suspicious,53,OCR pending — status from structured verification
B10522,business_document,b10522_business_document.pdf,needs_review,48,OCR pending — status from structured verification
B10523,identity,b10523_identity.pdf,verified,81,Structured checks passed
B10523,bank_statement,b10523_bank_statement.pdf,verified,71,Structured checks passed
B10523,income_document,b10523_income_document.pdf,needs_review,84,OCR pending — status from structured verification
B10524,identity,b10524_identity.pdf,verified,57,Structured checks passed
B10524,bank_statement,b10524_bank_statement.pdf,needs_review,66,OCR pending — status from structured verification
B10524,income_document,b10524_income_document.pdf,suspicious,67,OCR pending — status from structured verification
B10524,salary_slip,b10524_salary_slip.pdf,suspicious,55,OCR pending — status from structured verification
B10525,identity,b10525_identity.pdf,verified,67,Structured checks passed
B10525,bank_statement,b10525_bank_statement.pdf,suspicious,69,OCR pending — status from structured verification
B10525,income_document,b10525_income_document.pdf,verified,55,Structured checks passed
B10525,business_document,b10525_business_document.pdf,suspicious,53,OCR pending — status from structured verification
B10526,identity,b10526_identity.pdf,verified,64,Structured checks passed
B10526,bank_statement,b10526_bank_statement.pdf,verified,52,Structured checks passed
B10526,income_document,b10526_income_document.pdf,verified,59,Structured checks passed
B10526,salary_slip,b10526_salary_slip.pdf,verified,66,Structured checks passed
B10527,identity,b10527_identity.pdf,verified,56,Structured checks passed
B10527,bank_statement,b10527_bank_statement.pdf,verified,73,Structured checks passed
B10527,income_document,b10527_income_document.pdf,verified,67,Structured checks passed
B10527,salary_slip,b10527_salary_slip.pdf,verified,65,Structured checks passed
B10528,identity,b10528_identity.pdf,verified,61,Structured checks passed
B10528,bank_statement,b10528_bank_statement.pdf,verified,76,Structured checks passed
B10528,income_document,b10528_income_document.pdf,needs_review,69,OCR pending — status from structured verification
B10529,identity,b10529_identity.pdf,verified,62,Structured checks passed
B10529,bank_statement,b10529_bank_statement.pdf,verified,82,Structured checks passed
B10529,income_document,b10529_income_document.pdf,verified,82,Structured checks passed
B10529,salary_slip,b10529_salary_slip.pdf,verified,75,Structured checks passed
B10530,identity,b10530_identity.pdf,verified,64,Structured checks passed
B10530,bank_statement,b10530_bank_statement.pdf,verified,75,Structured checks passed
B10530,income_document,b10530_income_document.pdf,verified,59,Structured checks passed
B10531,identity,b10531_identity.pdf,verified,68,Structured checks passed
B10531,bank_statement,b10531_bank_statement.pdf,verified,50,Structured checks passed
B10531,income_document,b10531_income_document.pdf,suspicious,60,OCR pending — status from structured verification
B10532,identity,b10532_identity.pdf,verified,71,Structured checks passed
B10532,bank_statement,b10532_bank_statement.pdf,verified,58,Structured checks passed
B10532,income_document,b10532_income_document.pdf,verified,68,Structured checks passed
B10532,salary_slip,b10532_salary_slip.pdf,verified,69,Structured checks passed
B10533,identity,b10533_identity.pdf,verified,86,Structured checks passed
B10533,bank_statement,b10533_bank_statement.pdf,verified,83,Structured checks passed
B10533,income_document,b10533_income_document.pdf,verified,72,Structured checks passed
B10534,identity,b10534_identity.pdf,verified,79,Structured checks passed
B10534,bank_statement,b10534_bank_statement.pdf,verified,61,Structured checks passed
B10534,income_document,b10534_income_document.pdf,verified,70,Structured checks passed
B10535,identity,b10535_identity.pdf,verified,35,Structured checks passed
B10535,bank_statement,b10535_bank_statement.pdf,verified,33,Structured checks passed
B10535,income_document,b10535_income_document.pdf,suspicious,41,OCR pending — status from structured verification
B10536,identity,b10536_identity.pdf,verified,91,Structured checks passed
B10536,bank_statement,b10536_bank_statement.pdf,verified,93,Structured checks passed
B10536,income_document,b10536_income_document.pdf,verified,83,Structured checks passed
B10536,business_document,b10536_business_document.pdf,verified,82,Structured checks passed
B10537,identity,b10537_identity.pdf,needs_review,51,OCR pending — status from structured verification
B10537,bank_statement,b10537_bank_statement.pdf,verified,58,Structured checks passed
B10537,income_document,b10537_income_document.pdf,needs_review,50,OCR pending — status from structured verification
B10538,identity,b10538_identity.pdf,verified,93,Structured checks passed
B10538,bank_statement,b10538_bank_statement.pdf,verified,99,Structured checks passed
B10538,income_document,b10538_income_document.pdf,verified,99,Structured checks passed
B10538,salary_slip,b10538_salary_slip.pdf,verified,99,Structured checks passed
B10539,identity,b10539_identity.pdf,needs_review,50,OCR pending — status from structured verification
B10539,bank_statement,b10539_bank_statement.pdf,suspicious,51,OCR pending — status from structured verification
B10539,income_document,b10539_income_document.pdf,suspicious,67,OCR pending — status from structured verification
B10540,identity,b10540_identity.pdf,verified,53,Structured checks passed
B10540,bank_statement,b10540_bank_statement.pdf,suspicious,50,OCR pending — status from structured verification
B10540,income_document,b10540_income_document.pdf,suspicious,46,OCR pending — status from structured verification
B10540,business_document,b10540_business_document.pdf,suspicious,49,OCR pending — status from structured verification
B10541,identity,b10541_identity.pdf,verified,79,Structured checks passed
B10541,bank_statement,b10541_bank_statement.pdf,verified,67,Structured checks passed
B10541,income_document,b10541_income_document.pdf,verified,67,Structured checks passed
B10541,business_document,b10541_business_document.pdf,verified,81,Structured checks passed
B10542,identity,b10542_identity.pdf,verified,99,Structured checks passed
B10542,bank_statement,b10542_bank_statement.pdf,verified,92,Structured checks passed
B10542,income_document,b10542_income_document.pdf,needs_review,89,OCR pending — status from structured verification
B10543,identity,b10543_identity.pdf,needs_review,55,OCR pending — status from structured verification
B10543,bank_statement,b10543_bank_statement.pdf,suspicious,45,OCR pending — status from structured verification
B10543,income_document,b10543_income_document.pdf,verified,52,Structured checks passed
B10544,identity,b10544_identity.pdf,verified,62,Structured checks passed
B10544,bank_statement,b10544_bank_statement.pdf,verified,68,Structured checks passed
B10544,income_document,b10544_income_document.pdf,needs_review,71,OCR pending — status from structured verification
B10544,business_document,b10544_business_document.pdf,verified,71,Structured checks passed
B10545,identity,b10545_identity.pdf,verified,69,Structured checks passed
B10545,bank_statement,b10545_bank_statement.pdf,verified,61,Structured checks passed
B10545,income_document,b10545_income_document.pdf,verified,74,Structured checks passed
B10546,identity,b10546_identity.pdf,verified,71,Structured checks passed
B10546,bank_statement,b10546_bank_statement.pdf,needs_review,71,OCR pending — status from structured verification
B10546,income_document,b10546_income_document.pdf,needs_review,84,OCR pending — status from structured verification
B10546,business_document,b10546_business_document.pdf,needs_review,70,OCR pending — status from structured verification
B10547,identity,b10547_identity.pdf,verified,61,Structured checks passed
B10547,bank_statement,b10547_bank_statement.pdf,needs_review,55,OCR pending — status from structured verification
B10547,income_document,b10547_income_document.pdf,verified,62,Structured checks passed
B10548,identity,b10548_identity.pdf,verified,38,Structured checks passed
B10548,bank_statement,b10548_bank_statement.pdf,verified,50,Structured checks passed
B10548,income_document,b10548_income_document.pdf,verified,51,Structured checks passed
B10548,salary_slip,b10548_salary_slip.pdf,verified,57,Structured checks passed
B10549,identity,b10549_identity.pdf,verified,55,Structured checks passed
B10549,bank_statement,b10549_bank_statement.pdf,needs_review,65,OCR pending — status from structured verification
B10549,income_document,b10549_income_document.pdf,verified,66,Structured checks passed
B10549,business_document,b10549_business_document.pdf,needs_review,52,OCR pending — status from structured verification
B10550,identity,b10550_identity.pdf,verified,60,Structured checks passed
B10550,bank_statement,b10550_bank_statement.pdf,needs_review,55,OCR pending — status from structured verification
B10550,income_document,b10550_income_document.pdf,verified,48,Structured checks passed
B10550,salary_slip,b10550_salary_slip.pdf,verified,56,Structured checks passed
B10551,identity,b10551_identity.pdf,verified,69,Structured checks passed
B10551,bank_statement,b10551_bank_statement.pdf,verified,81,Structured checks passed
B10551,income_document,b10551_income_document.pdf,verified,62,Structured checks passed
B10551,salary_slip,b10551_salary_slip.pdf,verified,80,Structured checks passed
B10552,identity,b10552_identity.pdf,verified,90,Structured checks passed
B10552,bank_statement,b10552_bank_statement.pdf,verified,99,Structured checks passed
B10552,income_document,b10552_income_document.pdf,verified,99,Structured checks passed
B10553,identity,b10553_identity.pdf,verified,72,Structured checks passed
B10553,bank_statement,b10553_bank_statement.pdf,verified,83,Structured checks passed
B10553,income_document,b10553_income_document.pdf,verified,74,Structured checks passed
B10553,business_document,b10553_business_document.pdf,verified,77,Structured checks passed
B10554,identity,b10554_identity.pdf,verified,42,Structured checks passed
B10554,bank_statement,b10554_bank_statement.pdf,suspicious,50,OCR pending — status from structured verification
B10554,income_document,b10554_income_document.pdf,verified,42,Structured checks passed
B10554,salary_slip,b10554_salary_slip.pdf,verified,45,Structured checks passed
B10555,identity,b10555_identity.pdf,verified,99,Structured checks passed
B10555,bank_statement,b10555_bank_statement.pdf,verified,88,Structured checks passed
B10555,income_document,b10555_income_document.pdf,verified,91,Structured checks passed
B10555,business_document,b10555_business_document.pdf,verified,88,Structured checks passed
B10556,identity,b10556_identity.pdf,verified,70,Structured checks passed
B10556,bank_statement,b10556_bank_statement.pdf,verified,63,Structured checks passed
B10556,income_document,b10556_income_document.pdf,suspicious,60,OCR pending — status from structured verification
B10557,identity,b10557_identity.pdf,verified,75,Structured checks passed
B10557,bank_statement,b10557_bank_statement.pdf,verified,84,Structured checks passed
B10557,income_document,b10557_income_document.pdf,verified,71,Structured checks passed
B10557,salary_slip,b10557_salary_slip.pdf,verified,78,Structured checks passed
B10558,identity,b10558_identity.pdf,verified,42,Structured checks passed
B10558,bank_statement,b10558_bank_statement.pdf,suspicious,52,OCR pending — status from structured verification
B10558,income_document,b10558_income_document.pdf,needs_review,44,OCR pending — status from structured verification
B10559,identity,b10559_identity.pdf,verified,70,Structured checks passed
B10559,bank_statement,b10559_bank_statement.pdf,verified,66,Structured checks passed
B10559,income_document,b10559_income_document.pdf,verified,72,Structured checks passed
B10559,business_document,b10559_business_document.pdf,verified,71,Structured checks passed
B10560,identity,b10560_identity.pdf,verified,71,Structured checks passed
B10560,bank_statement,b10560_bank_statement.pdf,suspicious,85,OCR pending — status from structured verification
B10560,income_document,b10560_income_document.pdf,needs_review,85,OCR pending — status from structured verification
B10560,business_document,b10560_business_document.pdf,suspicious,75,OCR pending — status from structured verification
B10561,identity,b10561_identity.pdf,verified,97,Structured checks passed
B10561,bank_statement,b10561_bank_statement.pdf,verified,99,Structured checks passed
B10561,income_document,b10561_income_document.pdf,verified,91,Structured checks passed
B10561,salary_slip,b10561_salary_slip.pdf,verified,87,Structured checks passed
B10562,identity,b10562_identity.pdf,suspicious,65,OCR pending — status from structured verification
B10562,bank_statement,b10562_bank_statement.pdf,suspicious,65,OCR pending — status from structured verification
B10562,income_document,b10562_income_document.pdf,verified,68,Structured checks passed
B10562,business_document,b10562_business_document.pdf,suspicious,67,OCR pending — status from structured verification
B10563,identity,b10563_identity.pdf,verified,54,Structured checks passed
B10563,bank_statement,b10563_bank_statement.pdf,verified,51,Structured checks passed
B10563,income_document,b10563_income_document.pdf,needs_review,62,OCR pending — status from structured verification
B10563,salary_slip,b10563_salary_slip.pdf,needs_review,56,OCR pending — status from structured verification
B10564,identity,b10564_identity.pdf,verified,86,Structured checks passed
B10564,bank_statement,b10564_bank_statement.pdf,verified,97,Structured checks passed
B10564,income_document,b10564_income_document.pdf,needs_review,99,OCR pending — status from structured verification
B10564,salary_slip,b10564_salary_slip.pdf,needs_review,83,OCR pending — status from structured verification
B10565,identity,b10565_identity.pdf,verified,48,Structured checks passed
B10565,bank_statement,b10565_bank_statement.pdf,verified,44,Structured checks passed
B10565,income_document,b10565_income_document.pdf,verified,41,Structured checks passed
B10565,business_document,b10565_business_document.pdf,verified,48,Structured checks passed
B10566,identity,b10566_identity.pdf,verified,87,Structured checks passed
B10566,bank_statement,b10566_bank_statement.pdf,verified,81,Structured checks passed
B10566,income_document,b10566_income_document.pdf,needs_review,81,OCR pending — status from structured verification
B10566,salary_slip,b10566_salary_slip.pdf,needs_review,85,OCR pending — status from structured verification
B10567,identity,b10567_identity.pdf,verified,67,Structured checks passed
B10567,bank_statement,b10567_bank_statement.pdf,suspicious,60,OCR pending — status from structured verification
B10567,income_document,b10567_income_document.pdf,verified,62,Structured checks passed
B10567,business_document,b10567_business_document.pdf,suspicious,55,OCR pending — status from structured verification
B10568,identity,b10568_identity.pdf,verified,63,Structured checks passed
B10568,bank_statement,b10568_bank_statement.pdf,verified,58,Structured checks passed
B10568,income_document,b10568_income_document.pdf,verified,54,Structured checks passed
B10568,business_document,b10568_business_document.pdf,verified,56,Structured checks passed
B10569,identity,b10569_identity.pdf,needs_review,63,OCR pending — status from structured verification
B10569,bank_statement,b10569_bank_statement.pdf,verified,74,Structured checks passed
B10569,income_document,b10569_income_document.pdf,needs_review,74,OCR pending — status from structured verification
B10570,identity,b10570_identity.pdf,verified,63,Structured checks passed
B10570,bank_statement,b10570_bank_statement.pdf,needs_review,67,OCR pending — status from structured verification
B10570,income_document,b10570_income_document.pdf,verified,81,Structured checks passed
B10570,business_document,b10570_business_document.pdf,needs_review,75,OCR pending — status from structured verification
B10571,identity,b10571_identity.pdf,verified,51,Structured checks passed
B10571,bank_statement,b10571_bank_statement.pdf,needs_review,57,OCR pending — status from structured verification
B10571,income_document,b10571_income_document.pdf,verified,65,Structured checks passed
B10571,business_document,b10571_business_document.pdf,needs_review,48,OCR pending — status from structured verification
B10572,identity,b10572_identity.pdf,verified,68,Structured checks passed
B10572,bank_statement,b10572_bank_statement.pdf,needs_review,69,OCR pending — status from structured verification
B10572,income_document,b10572_income_document.pdf,verified,70,Structured checks passed
B10572,business_document,b10572_business_document.pdf,needs_review,64,OCR pending — status from structured verification
B10573,identity,b10573_identity.pdf,verified,99,Structured checks passed
B10573,bank_statement,b10573_bank_statement.pdf,verified,83,Structured checks passed
B10573,income_document,b10573_income_document.pdf,verified,99,Structured checks passed
B10573,salary_slip,b10573_salary_slip.pdf,verified,93,Structured checks passed
B10574,identity,b10574_identity.pdf,needs_review,67,OCR pending — status from structured verification
B10574,bank_statement,b10574_bank_statement.pdf,suspicious,64,OCR pending — status from structured verification
B10574,income_document,b10574_income_document.pdf,needs_review,62,OCR pending — status from structured verification
B10574,salary_slip,b10574_salary_slip.pdf,needs_review,63,OCR pending — status from structured verification
B10575,identity,b10575_identity.pdf,verified,56,Structured checks passed
B10575,bank_statement,b10575_bank_statement.pdf,needs_review,46,OCR pending — status from structured verification
B10575,income_document,b10575_income_document.pdf,suspicious,43,OCR pending — status from structured verification
B10575,salary_slip,b10575_salary_slip.pdf,suspicious,50,OCR pending — status from structured verification
B10576,identity,b10576_identity.pdf,verified,98,Structured checks passed
B10576,bank_statement,b10576_bank_statement.pdf,verified,86,Structured checks passed
B10576,income_document,b10576_income_document.pdf,verified,85,Structured checks passed
B10576,business_document,b10576_business_document.pdf,verified,93,Structured checks passed
B10577,identity,b10577_identity.pdf,suspicious,75,OCR pending — status from structured verification
B10577,bank_statement,b10577_bank_statement.pdf,verified,66,Structured checks passed
B10577,income_document,b10577_income_document.pdf,needs_review,58,OCR pending — status from structured verification
B10577,salary_slip,b10577_salary_slip.pdf,needs_review,74,OCR pending — status from structured verification
B10578,identity,b10578_identity.pdf,suspicious,81,OCR pending — status from structured verification
B10578,bank_statement,b10578_bank_statement.pdf,needs_review,70,OCR pending — status from structured verification
B10578,income_document,b10578_income_document.pdf,suspicious,72,OCR pending — status from structured verification
B10578,business_document,b10578_business_document.pdf,needs_review,66,OCR pending — status from structured verification
B10579,identity,b10579_identity.pdf,verified,51,Structured checks passed
B10579,bank_statement,b10579_bank_statement.pdf,verified,41,Structured checks passed
B10579,income_document,b10579_income_document.pdf,suspicious,60,OCR pending — status from structured verification
B10579,salary_slip,b10579_salary_slip.pdf,suspicious,42,OCR pending — status from structured verification
B10580,identity,b10580_identity.pdf,verified,16,Structured checks passed
B10580,bank_statement,b10580_bank_statement.pdf,verified,15,Structured checks passed
B10580,income_document,b10580_income_document.pdf,suspicious,18,OCR pending — status from structured verification
B10580,business_document,b10580_business_document.pdf,verified,33,Structured checks passed
B10581,identity,b10581_identity.pdf,verified,58,Structured checks passed
B10581,bank_statement,b10581_bank_statement.pdf,verified,56,Structured checks passed
B10581,income_document,b10581_income_document.pdf,verified,46,Structured checks passed
B10582,identity,b10582_identity.pdf,verified,79,Structured checks passed
B10582,bank_statement,b10582_bank_statement.pdf,suspicious,76,OCR pending — status from structured verification
B10582,income_document,b10582_income_document.pdf,needs_review,89,OCR pending — status from structured verification
B10582,salary_slip,b10582_salary_slip.pdf,needs_review,76,OCR pending — status from structured verification
B10583,identity,b10583_identity.pdf,verified,55,Structured checks passed
B10583,bank_statement,b10583_bank_statement.pdf,verified,71,Structured checks passed
B10583,income_document,b10583_income_document.pdf,verified,53,Structured checks passed
B10584,identity,b10584_identity.pdf,verified,45,Structured checks passed
B10584,bank_statement,b10584_bank_statement.pdf,verified,59,Structured checks passed
B10584,income_document,b10584_income_document.pdf,suspicious,58,OCR pending — status from structured verification
B10585,identity,b10585_identity.pdf,verified,88,Structured checks passed
B10585,bank_statement,b10585_bank_statement.pdf,verified,97,Structured checks passed
B10585,income_document,b10585_income_document.pdf,verified,99,Structured checks passed
B10585,salary_slip,b10585_salary_slip.pdf,verified,99,Structured checks passed
B10586,identity,b10586_identity.pdf,verified,95,Structured checks passed
B10586,bank_statement,b10586_bank_statement.pdf,verified,90,Structured checks passed
B10586,income_document,b10586_income_document.pdf,verified,89,Structured checks passed
B10586,salary_slip,b10586_salary_slip.pdf,verified,99,Structured checks passed
B10587,identity,b10587_identity.pdf,verified,54,Structured checks passed
B10587,bank_statement,b10587_bank_statement.pdf,verified,66,Structured checks passed
B10587,income_document,b10587_income_document.pdf,verified,66,Structured checks passed
B10588,identity,b10588_identity.pdf,verified,61,Structured checks passed
B10588,bank_statement,b10588_bank_statement.pdf,verified,48,Structured checks passed
B10588,income_document,b10588_income_document.pdf,needs_review,41,OCR pending — status from structured verification
B10588,salary_slip,b10588_salary_slip.pdf,needs_review,57,OCR pending — status from structured verification
B10589,identity,b10589_identity.pdf,verified,67,Structured checks passed
B10589,bank_statement,b10589_bank_statement.pdf,verified,53,Structured checks passed
B10589,income_document,b10589_income_document.pdf,verified,63,Structured checks passed
B10589,salary_slip,b10589_salary_slip.pdf,verified,58,Structured checks passed
B10590,identity,b10590_identity.pdf,suspicious,15,OCR pending — status from structured verification
B10590,bank_statement,b10590_bank_statement.pdf,verified,23,Structured checks passed
B10590,income_document,b10590_income_document.pdf,suspicious,31,OCR pending — status from structured verification
B10590,salary_slip,b10590_salary_slip.pdf,suspicious,25,OCR pending — status from structured verification
B10591,identity,b10591_identity.pdf,verified,65,Structured checks passed
B10591,bank_statement,b10591_bank_statement.pdf,verified,59,Structured checks passed
B10591,income_document,b10591_income_document.pdf,verified,50,Structured checks passed
B10592,identity,b10592_identity.pdf,suspicious,61,OCR pending — status from structured verification
B10592,bank_statement,b10592_bank_statement.pdf,verified,51,Structured checks passed
B10592,income_document,b10592_income_document.pdf,verified,44,Structured checks passed
B10593,identity,b10593_identity.pdf,verified,93,Structured checks passed
B10593,bank_statement,b10593_bank_statement.pdf,verified,90,Structured checks passed
B10593,income_document,b10593_income_document.pdf,verified,89,Structured checks passed
B10593,salary_slip,b10593_salary_slip.pdf,verified,76,Structured checks passed
B10594,identity,b10594_identity.pdf,verified,99,Structured checks passed
B10594,bank_statement,b10594_bank_statement.pdf,verified,96,Structured checks passed
B10594,income_document,b10594_income_document.pdf,verified,97,Structured checks passed
B10594,salary_slip,b10594_salary_slip.pdf,verified,96,Structured checks passed
B10595,identity,b10595_identity.pdf,needs_review,36,OCR pending — status from structured verification
B10595,bank_statement,b10595_bank_statement.pdf,verified,46,Structured checks passed
B10595,income_document,b10595_income_document.pdf,verified,34,Structured checks passed
B10596,identity,b10596_identity.pdf,verified,69,Structured checks passed
B10596,bank_statement,b10596_bank_statement.pdf,verified,74,Structured checks passed
B10596,income_document,b10596_income_document.pdf,needs_review,59,OCR pending — status from structured verification
B10596,salary_slip,b10596_salary_slip.pdf,needs_review,58,OCR pending — status from structured verification
B10597,identity,b10597_identity.pdf,verified,63,Structured checks passed
B10597,bank_statement,b10597_bank_statement.pdf,verified,75,Structured checks passed
B10597,income_document,b10597_income_document.pdf,verified,77,Structured checks passed
B10598,identity,b10598_identity.pdf,verified,85,Structured checks passed
B10598,bank_statement,b10598_bank_statement.pdf,verified,87,Structured checks passed
B10598,income_document,b10598_income_document.pdf,verified,72,Structured checks passed
B10599,identity,b10599_identity.pdf,verified,81,Structured checks passed
B10599,bank_statement,b10599_bank_statement.pdf,verified,80,Structured checks passed
B10599,income_document,b10599_income_document.pdf,verified,71,Structured checks passed
B10599,salary_slip,b10599_salary_slip.pdf,verified,76,Structured checks passed
B10600,identity,b10600_identity.pdf,verified,89,Structured checks passed
B10600,bank_statement,b10600_bank_statement.pdf,verified,78,Structured checks passed
B10600,income_document,b10600_income_document.pdf,verified,94,Structured checks passed
B10601,identity,b10601_identity.pdf,verified,36,Structured checks passed
B10601,bank_statement,b10601_bank_statement.pdf,suspicious,28,OCR pending — status from structured verification
B10601,income_document,b10601_income_document.pdf,suspicious,41,OCR pending — status from structured verification
B10602,identity,b10602_identity.pdf,verified,54,Structured checks passed
B10602,bank_statement,b10602_bank_statement.pdf,needs_review,53,OCR pending — status from structured verification
B10602,income_document,b10602_income_document.pdf,verified,43,Structured checks passed
B10602,business_document,b10602_business_document.pdf,needs_review,59,OCR pending — status from structured verification
B10603,identity,b10603_identity.pdf,verified,62,Structured checks passed
B10603,bank_statement,b10603_bank_statement.pdf,needs_review,59,OCR pending — status from structured verification
B10603,income_document,b10603_income_document.pdf,verified,63,Structured checks passed
B10604,identity,b10604_identity.pdf,verified,72,Structured checks passed
B10604,bank_statement,b10604_bank_statement.pdf,verified,63,Structured checks passed
B10604,income_document,b10604_income_document.pdf,verified,75,Structured checks passed
B10605,identity,b10605_identity.pdf,verified,55,Structured checks passed
B10605,bank_statement,b10605_bank_statement.pdf,needs_review,67,OCR pending — status from structured verification
B10605,income_document,b10605_income_document.pdf,verified,56,Structured checks passed
B10605,salary_slip,b10605_salary_slip.pdf,verified,67,Structured checks passed
B10606,identity,b10606_identity.pdf,needs_review,89,OCR pending — status from structured verification
B10606,bank_statement,b10606_bank_statement.pdf,verified,70,Structured checks passed
B10606,income_document,b10606_income_document.pdf,suspicious,82,OCR pending — status from structured verification
B10607,identity,b10607_identity.pdf,verified,56,Structured checks passed
B10607,bank_statement,b10607_bank_statement.pdf,verified,56,Structured checks passed
B10607,income_document,b10607_income_document.pdf,suspicious,59,OCR pending — status from structured verification
B10608,identity,b10608_identity.pdf,verified,88,Structured checks passed
B10608,bank_statement,b10608_bank_statement.pdf,verified,91,Structured checks passed
B10608,income_document,b10608_income_document.pdf,verified,87,Structured checks passed
B10609,identity,b10609_identity.pdf,verified,64,Structured checks passed
B10609,bank_statement,b10609_bank_statement.pdf,verified,62,Structured checks passed
B10609,income_document,b10609_income_document.pdf,verified,55,Structured checks passed
B10609,salary_slip,b10609_salary_slip.pdf,verified,59,Structured checks passed
B10610,identity,b10610_identity.pdf,verified,60,Structured checks passed
B10610,bank_statement,b10610_bank_statement.pdf,verified,66,Structured checks passed
B10610,income_document,b10610_income_document.pdf,suspicious,74,OCR pending — status from structured verification
B10611,identity,b10611_identity.pdf,verified,50,Structured checks passed
B10611,bank_statement,b10611_bank_statement.pdf,suspicious,50,OCR pending — status from structured verification
B10611,income_document,b10611_income_document.pdf,suspicious,42,OCR pending — status from structured verification
B10611,business_document,b10611_business_document.pdf,suspicious,61,OCR pending — status from structured verification
B10612,identity,b10612_identity.pdf,verified,63,Structured checks passed
B10612,bank_statement,b10612_bank_statement.pdf,suspicious,70,OCR pending — status from structured verification
B10612,income_document,b10612_income_document.pdf,needs_review,66,OCR pending — status from structured verification
B10613,identity,b10613_identity.pdf,verified,82,Structured checks passed
B10613,bank_statement,b10613_bank_statement.pdf,verified,99,Structured checks passed
B10613,income_document,b10613_income_document.pdf,verified,99,Structured checks passed
B10613,business_document,b10613_business_document.pdf,verified,90,Structured checks passed
B10614,identity,b10614_identity.pdf,verified,75,Structured checks passed
B10614,bank_statement,b10614_bank_statement.pdf,suspicious,80,OCR pending — status from structured verification
B10614,income_document,b10614_income_document.pdf,verified,81,Structured checks passed
B10615,identity,b10615_identity.pdf,verified,47,Structured checks passed
B10615,bank_statement,b10615_bank_statement.pdf,needs_review,39,OCR pending — status from structured verification
B10615,income_document,b10615_income_document.pdf,verified,58,Structured checks passed
B10615,salary_slip,b10615_salary_slip.pdf,verified,41,Structured checks passed
B10616,identity,b10616_identity.pdf,verified,83,Structured checks passed
B10616,bank_statement,b10616_bank_statement.pdf,verified,91,Structured checks passed
B10616,income_document,b10616_income_document.pdf,verified,74,Structured checks passed
B10617,identity,b10617_identity.pdf,verified,65,Structured checks passed
B10617,bank_statement,b10617_bank_statement.pdf,verified,79,Structured checks passed
B10617,income_document,b10617_income_document.pdf,verified,68,Structured checks passed
B10617,salary_slip,b10617_salary_slip.pdf,verified,79,Structured checks passed
B10618,identity,b10618_identity.pdf,needs_review,72,OCR pending — status from structured verification
B10618,bank_statement,b10618_bank_statement.pdf,needs_review,71,OCR pending — status from structured verification
B10618,income_document,b10618_income_document.pdf,verified,76,Structured checks passed
B10618,business_document,b10618_business_document.pdf,needs_review,70,OCR pending — status from structured verification
B10619,identity,b10619_identity.pdf,verified,78,Structured checks passed
B10619,bank_statement,b10619_bank_statement.pdf,verified,81,Structured checks passed
B10619,income_document,b10619_income_document.pdf,verified,77,Structured checks passed
B10619,salary_slip,b10619_salary_slip.pdf,verified,68,Structured checks passed
B10620,identity,b10620_identity.pdf,verified,60,Structured checks passed
B10620,bank_statement,b10620_bank_statement.pdf,needs_review,61,OCR pending — status from structured verification
B10620,income_document,b10620_income_document.pdf,suspicious,64,OCR pending — status from structured verification
B10620,business_document,b10620_business_document.pdf,needs_review,65,OCR pending — status from structured verification
B10621,identity,b10621_identity.pdf,verified,86,Structured checks passed
B10621,bank_statement,b10621_bank_statement.pdf,verified,98,Structured checks passed
B10621,income_document,b10621_income_document.pdf,verified,93,Structured checks passed
B10621,business_document,b10621_business_document.pdf,verified,99,Structured checks passed
B10622,identity,b10622_identity.pdf,verified,71,Structured checks passed
B10622,bank_statement,b10622_bank_statement.pdf,verified,65,Structured checks passed
B10622,income_document,b10622_income_document.pdf,needs_review,68,OCR pending — status from structured verification
B10622,business_document,b10622_business_document.pdf,verified,59,Structured checks passed
B10623,identity,b10623_identity.pdf,verified,18,Structured checks passed
B10623,bank_statement,b10623_bank_statement.pdf,verified,16,Structured checks passed
B10623,income_document,b10623_income_document.pdf,needs_review,27,OCR pending — status from structured verification
B10623,salary_slip,b10623_salary_slip.pdf,needs_review,32,OCR pending — status from structured verification
B10624,identity,b10624_identity.pdf,verified,88,Structured checks passed
B10624,bank_statement,b10624_bank_statement.pdf,verified,92,Structured checks passed
B10624,income_document,b10624_income_document.pdf,verified,84,Structured checks passed
B10624,salary_slip,b10624_salary_slip.pdf,verified,86,Structured checks passed
B10625,identity,b10625_identity.pdf,verified,78,Structured checks passed
B10625,bank_statement,b10625_bank_statement.pdf,verified,77,Structured checks passed
B10625,income_document,b10625_income_document.pdf,verified,91,Structured checks passed
B10626,identity,b10626_identity.pdf,needs_review,68,OCR pending — status from structured verification
B10626,bank_statement,b10626_bank_statement.pdf,verified,68,Structured checks passed
B10626,income_document,b10626_income_document.pdf,suspicious,61,OCR pending — status from structured verification
B10627,identity,b10627_identity.pdf,verified,71,Structured checks passed
B10627,bank_statement,b10627_bank_statement.pdf,verified,71,Structured checks passed
B10627,income_document,b10627_income_document.pdf,verified,60,Structured checks passed
B10628,identity,b10628_identity.pdf,verified,99,Structured checks passed
B10628,bank_statement,b10628_bank_statement.pdf,verified,99,Structured checks passed
B10628,income_document,b10628_income_document.pdf,verified,95,Structured checks passed
B10628,business_document,b10628_business_document.pdf,verified,99,Structured checks passed
B10629,identity,b10629_identity.pdf,verified,75,Structured checks passed
B10629,bank_statement,b10629_bank_statement.pdf,verified,76,Structured checks passed
B10629,income_document,b10629_income_document.pdf,verified,77,Structured checks passed
B10629,business_document,b10629_business_document.pdf,verified,66,Structured checks passed
B10630,identity,b10630_identity.pdf,verified,72,Structured checks passed
B10630,bank_statement,b10630_bank_statement.pdf,verified,69,Structured checks passed
B10630,income_document,b10630_income_document.pdf,needs_review,59,OCR pending — status from structured verification
B10631,identity,b10631_identity.pdf,verified,77,Structured checks passed
B10631,bank_statement,b10631_bank_statement.pdf,verified,92,Structured checks passed
B10631,income_document,b10631_income_document.pdf,verified,80,Structured checks passed
B10632,identity,b10632_identity.pdf,verified,73,Structured checks passed
B10632,bank_statement,b10632_bank_statement.pdf,verified,78,Structured checks passed
B10632,income_document,b10632_income_document.pdf,verified,79,Structured checks passed
B10632,salary_slip,b10632_salary_slip.pdf,verified,72,Structured checks passed
B10633,identity,b10633_identity.pdf,verified,80,Structured checks passed
B10633,bank_statement,b10633_bank_statement.pdf,suspicious,77,OCR pending — status from structured verification
B10633,income_document,b10633_income_document.pdf,verified,78,Structured checks passed
B10634,identity,b10634_identity.pdf,verified,45,Structured checks passed
B10634,bank_statement,b10634_bank_statement.pdf,verified,43,Structured checks passed
B10634,income_document,b10634_income_document.pdf,verified,36,Structured checks passed
B10634,business_document,b10634_business_document.pdf,verified,44,Structured checks passed
B10635,identity,b10635_identity.pdf,needs_review,63,OCR pending — status from structured verification
B10635,bank_statement,b10635_bank_statement.pdf,verified,67,Structured checks passed
B10635,income_document,b10635_income_document.pdf,verified,65,Structured checks passed
B10636,identity,b10636_identity.pdf,needs_review,56,OCR pending — status from structured verification
B10636,bank_statement,b10636_bank_statement.pdf,needs_review,62,OCR pending — status from structured verification
B10636,income_document,b10636_income_document.pdf,suspicious,66,OCR pending — status from structured verification
B10636,business_document,b10636_business_document.pdf,needs_review,58,OCR pending — status from structured verification
B10637,identity,b10637_identity.pdf,verified,97,Structured checks passed
B10637,bank_statement,b10637_bank_statement.pdf,verified,84,Structured checks passed
B10637,income_document,b10637_income_document.pdf,verified,97,Structured checks passed
B10637,salary_slip,b10637_salary_slip.pdf,verified,98,Structured checks passed
B10638,identity,b10638_identity.pdf,needs_review,60,OCR pending — status from structured verification
B10638,bank_statement,b10638_bank_statement.pdf,verified,60,Structured checks passed
B10638,income_document,b10638_income_document.pdf,suspicious,64,OCR pending — status from structured verification
B10639,identity,b10639_identity.pdf,verified,80,Structured checks passed
B10639,bank_statement,b10639_bank_statement.pdf,verified,76,Structured checks passed
B10639,income_document,b10639_income_document.pdf,verified,75,Structured checks passed
B10639,salary_slip,b10639_salary_slip.pdf,verified,77,Structured checks passed
B10640,identity,b10640_identity.pdf,needs_review,70,OCR pending — status from structured verification
B10640,bank_statement,b10640_bank_statement.pdf,verified,86,Structured checks passed
B10640,income_document,b10640_income_document.pdf,needs_review,85,OCR pending — status from structured verification
B10640,business_document,b10640_business_document.pdf,verified,81,Structured checks passed
B10641,identity,b10641_identity.pdf,verified,68,Structured checks passed
B10641,bank_statement,b10641_bank_statement.pdf,verified,54,Structured checks passed
B10641,income_document,b10641_income_document.pdf,verified,52,Structured checks passed
B10641,salary_slip,b10641_salary_slip.pdf,verified,50,Structured checks passed
B10642,identity,b10642_identity.pdf,verified,25,Structured checks passed
B10642,bank_statement,b10642_bank_statement.pdf,verified,35,Structured checks passed
B10642,income_document,b10642_income_document.pdf,verified,38,Structured checks passed
B10643,identity,b10643_identity.pdf,verified,99,Structured checks passed
B10643,bank_statement,b10643_bank_statement.pdf,verified,90,Structured checks passed
B10643,income_document,b10643_income_document.pdf,verified,99,Structured checks passed
B10643,salary_slip,b10643_salary_slip.pdf,verified,92,Structured checks passed
B10644,identity,b10644_identity.pdf,verified,64,Structured checks passed
B10644,bank_statement,b10644_bank_statement.pdf,verified,56,Structured checks passed
B10644,income_document,b10644_income_document.pdf,verified,54,Structured checks passed
B10644,salary_slip,b10644_salary_slip.pdf,verified,52,Structured checks passed
B10645,identity,b10645_identity.pdf,verified,75,Structured checks passed
B10645,bank_statement,b10645_bank_statement.pdf,verified,76,Structured checks passed
B10645,income_document,b10645_income_document.pdf,verified,77,Structured checks passed
B10645,business_document,b10645_business_document.pdf,verified,64,Structured checks passed
B10646,identity,b10646_identity.pdf,verified,97,Structured checks passed
B10646,bank_statement,b10646_bank_statement.pdf,verified,92,Structured checks passed
B10646,income_document,b10646_income_document.pdf,verified,92,Structured checks passed
B10647,identity,b10647_identity.pdf,verified,47,Structured checks passed
B10647,bank_statement,b10647_bank_statement.pdf,needs_review,47,OCR pending — status from structured verification
B10647,income_document,b10647_income_document.pdf,verified,60,Structured checks passed
B10647,salary_slip,b10647_salary_slip.pdf,verified,52,Structured checks passed
B10648,identity,b10648_identity.pdf,needs_review,69,OCR pending — status from structured verification
B10648,bank_statement,b10648_bank_statement.pdf,verified,58,Structured checks passed
B10648,income_document,b10648_income_document.pdf,needs_review,64,OCR pending — status from structured verification
B10649,identity,b10649_identity.pdf,verified,80,Structured checks passed
B10649,bank_statement,b10649_bank_statement.pdf,verified,67,Structured checks passed
B10649,income_document,b10649_income_document.pdf,needs_review,64,OCR pending — status from structured verification
B10649,salary_slip,b10649_salary_slip.pdf,needs_review,80,OCR pending — status from structured verification
B10650,identity,b10650_identity.pdf,verified,31,Structured checks passed
B10650,bank_statement,b10650_bank_statement.pdf,needs_review,34,OCR pending — status from structured verification
B10650,income_document,b10650_income_document.pdf,suspicious,33,OCR pending — status from structured verification
B10651,identity,b10651_identity.pdf,needs_review,47,OCR pending — status from structured verification
B10651,bank_statement,b10651_bank_statement.pdf,needs_review,57,OCR pending — status from structured verification
B10651,income_document,b10651_income_document.pdf,verified,39,Structured checks passed
B10651,salary_slip,b10651_salary_slip.pdf,verified,48,Structured checks passed
B10652,identity,b10652_identity.pdf,verified,78,Structured checks passed
B10652,bank_statement,b10652_bank_statement.pdf,needs_review,65,OCR pending — status from structured verification
B10652,income_document,b10652_income_document.pdf,verified,59,Structured checks passed
B10653,identity,b10653_identity.pdf,needs_review,48,OCR pending — status from structured verification
B10653,bank_statement,b10653_bank_statement.pdf,needs_review,44,OCR pending — status from structured verification
B10653,income_document,b10653_income_document.pdf,suspicious,31,OCR pending — status from structured verification
B10653,business_document,b10653_business_document.pdf,needs_review,42,OCR pending — status from structured verification
B10654,identity,b10654_identity.pdf,suspicious,58,OCR pending — status from structured verification
B10654,bank_statement,b10654_bank_statement.pdf,suspicious,53,OCR pending — status from structured verification
B10654,income_document,b10654_income_document.pdf,verified,60,Structured checks passed
B10654,salary_slip,b10654_salary_slip.pdf,verified,56,Structured checks passed
B10655,identity,b10655_identity.pdf,verified,54,Structured checks passed
B10655,bank_statement,b10655_bank_statement.pdf,suspicious,62,OCR pending — status from structured verification
B10655,income_document,b10655_income_document.pdf,verified,64,Structured checks passed
B10655,salary_slip,b10655_salary_slip.pdf,verified,61,Structured checks passed
B10656,identity,b10656_identity.pdf,verified,36,Structured checks passed
B10656,bank_statement,b10656_bank_statement.pdf,verified,38,Structured checks passed
B10656,income_document,b10656_income_document.pdf,needs_review,42,OCR pending — status from structured verification
B10657,identity,b10657_identity.pdf,verified,73,Structured checks passed
B10657,bank_statement,b10657_bank_statement.pdf,verified,72,Structured checks passed
B10657,income_document,b10657_income_document.pdf,verified,82,Structured checks passed
B10658,identity,b10658_identity.pdf,needs_review,41,OCR pending — status from structured verification
B10658,bank_statement,b10658_bank_statement.pdf,verified,55,Structured checks passed
B10658,income_document,b10658_income_document.pdf,suspicious,42,OCR pending — status from structured verification
B10658,salary_slip,b10658_salary_slip.pdf,suspicious,47,OCR pending — status from structured verification
B10659,identity,b10659_identity.pdf,verified,96,Structured checks passed
B10659,bank_statement,b10659_bank_statement.pdf,verified,89,Structured checks passed
B10659,income_document,b10659_income_document.pdf,verified,98,Structured checks passed
B10659,salary_slip,b10659_salary_slip.pdf,verified,89,Structured checks passed
B10660,identity,b10660_identity.pdf,verified,69,Structured checks passed
B10660,bank_statement,b10660_bank_statement.pdf,needs_review,67,OCR pending — status from structured verification
B10660,income_document,b10660_income_document.pdf,verified,71,Structured checks passed
B10660,salary_slip,b10660_salary_slip.pdf,verified,76,Structured checks passed
B10661,identity,b10661_identity.pdf,verified,72,Structured checks passed
B10661,bank_statement,b10661_bank_statement.pdf,verified,79,Structured checks passed
B10661,income_document,b10661_income_document.pdf,verified,69,Structured checks passed
B10661,salary_slip,b10661_salary_slip.pdf,verified,74,Structured checks passed
B10662,identity,b10662_identity.pdf,suspicious,80,OCR pending — status from structured verification
B10662,bank_statement,b10662_bank_statement.pdf,suspicious,71,OCR pending — status from structured verification
B10662,income_document,b10662_income_document.pdf,suspicious,77,OCR pending — status from structured verification
B10663,identity,b10663_identity.pdf,verified,45,Structured checks passed
B10663,bank_statement,b10663_bank_statement.pdf,suspicious,35,OCR pending — status from structured verification
B10663,income_document,b10663_income_document.pdf,suspicious,31,OCR pending — status from structured verification
B10664,identity,b10664_identity.pdf,verified,69,Structured checks passed
B10664,bank_statement,b10664_bank_statement.pdf,verified,77,Structured checks passed
B10664,income_document,b10664_income_document.pdf,verified,82,Structured checks passed
B10664,salary_slip,b10664_salary_slip.pdf,verified,73,Structured checks passed
B10665,identity,b10665_identity.pdf,verified,66,Structured checks passed
B10665,bank_statement,b10665_bank_statement.pdf,verified,65,Structured checks passed
B10665,income_document,b10665_income_document.pdf,verified,65,Structured checks passed
B10665,salary_slip,b10665_salary_slip.pdf,verified,61,Structured checks passed
B10666,identity,b10666_identity.pdf,verified,68,Structured checks passed
B10666,bank_statement,b10666_bank_statement.pdf,verified,72,Structured checks passed
B10666,income_document,b10666_income_document.pdf,verified,74,Structured checks passed
B10666,salary_slip,b10666_salary_slip.pdf,verified,84,Structured checks passed
B10667,identity,b10667_identity.pdf,needs_review,41,OCR pending — status from structured verification
B10667,bank_statement,b10667_bank_statement.pdf,needs_review,47,OCR pending — status from structured verification
B10667,income_document,b10667_income_document.pdf,suspicious,60,OCR pending — status from structured verification
B10668,identity,b10668_identity.pdf,verified,46,Structured checks passed
B10668,bank_statement,b10668_bank_statement.pdf,suspicious,39,OCR pending — status from structured verification
B10668,income_document,b10668_income_document.pdf,needs_review,32,OCR pending — status from structured verification
B10669,identity,b10669_identity.pdf,verified,30,Structured checks passed
B10669,bank_statement,b10669_bank_statement.pdf,verified,30,Structured checks passed
B10669,income_document,b10669_income_document.pdf,verified,31,Structured checks passed
B10669,salary_slip,b10669_salary_slip.pdf,verified,45,Structured checks passed
B10670,identity,b10670_identity.pdf,verified,26,Structured checks passed
B10670,bank_statement,b10670_bank_statement.pdf,verified,33,Structured checks passed
B10670,income_document,b10670_income_document.pdf,verified,19,Structured checks passed
B10671,identity,b10671_identity.pdf,needs_review,61,OCR pending — status from structured verification
B10671,bank_statement,b10671_bank_statement.pdf,verified,66,Structured checks passed
B10671,income_document,b10671_income_document.pdf,verified,58,Structured checks passed
B10671,business_document,b10671_business_document.pdf,verified,60,Structured checks passed
B10672,identity,b10672_identity.pdf,verified,52,Structured checks passed
B10672,bank_statement,b10672_bank_statement.pdf,verified,66,Structured checks passed
B10672,income_document,b10672_income_document.pdf,verified,49,Structured checks passed
B10672,salary_slip,b10672_salary_slip.pdf,verified,66,Structured checks passed
B10673,identity,b10673_identity.pdf,verified,61,Structured checks passed
B10673,bank_statement,b10673_bank_statement.pdf,verified,67,Structured checks passed
B10673,income_document,b10673_income_document.pdf,verified,58,Structured checks passed
B10673,business_document,b10673_business_document.pdf,verified,57,Structured checks passed
B10674,identity,b10674_identity.pdf,verified,83,Structured checks passed
B10674,bank_statement,b10674_bank_statement.pdf,verified,87,Structured checks passed
B10674,income_document,b10674_income_document.pdf,needs_review,72,OCR pending — status from structured verification
B10674,salary_slip,b10674_salary_slip.pdf,needs_review,67,OCR pending — status from structured verification
B10675,identity,b10675_identity.pdf,needs_review,45,OCR pending — status from structured verification
B10675,bank_statement,b10675_bank_statement.pdf,verified,57,Structured checks passed
B10675,income_document,b10675_income_document.pdf,verified,52,Structured checks passed
B10675,salary_slip,b10675_salary_slip.pdf,verified,42,Structured checks passed
B10676,identity,b10676_identity.pdf,verified,85,Structured checks passed
B10676,bank_statement,b10676_bank_statement.pdf,verified,86,Structured checks passed
B10676,income_document,b10676_income_document.pdf,verified,84,Structured checks passed
B10676,salary_slip,b10676_salary_slip.pdf,verified,69,Structured checks passed
B10677,identity,b10677_identity.pdf,verified,56,Structured checks passed
B10677,bank_statement,b10677_bank_statement.pdf,suspicious,62,OCR pending — status from structured verification
B10677,income_document,b10677_income_document.pdf,needs_review,61,OCR pending — status from structured verification
B10677,salary_slip,b10677_salary_slip.pdf,needs_review,57,OCR pending — status from structured verification
B10678,identity,b10678_identity.pdf,verified,51,Structured checks passed
B10678,bank_statement,b10678_bank_statement.pdf,verified,61,Structured checks passed
B10678,income_document,b10678_income_document.pdf,verified,61,Structured checks passed
B10678,salary_slip,b10678_salary_slip.pdf,verified,56,Structured checks passed
B10679,identity,b10679_identity.pdf,verified,90,Structured checks passed
B10679,bank_statement,b10679_bank_statement.pdf,verified,99,Structured checks passed
B10679,income_document,b10679_income_document.pdf,verified,99,Structured checks passed
B10680,identity,b10680_identity.pdf,verified,36,Structured checks passed
B10680,bank_statement,b10680_bank_statement.pdf,verified,38,Structured checks passed
B10680,income_document,b10680_income_document.pdf,verified,40,Structured checks passed
B10681,identity,b10681_identity.pdf,suspicious,36,OCR pending — status from structured verification
B10681,bank_statement,b10681_bank_statement.pdf,verified,39,Structured checks passed
B10681,income_document,b10681_income_document.pdf,suspicious,44,OCR pending — status from structured verification
B10682,identity,b10682_identity.pdf,verified,39,Structured checks passed
B10682,bank_statement,b10682_bank_statement.pdf,verified,45,Structured checks passed
B10682,income_document,b10682_income_document.pdf,verified,44,Structured checks passed
B10683,identity,b10683_identity.pdf,verified,50,Structured checks passed
B10683,bank_statement,b10683_bank_statement.pdf,suspicious,54,OCR pending — status from structured verification
B10683,income_document,b10683_income_document.pdf,needs_review,43,OCR pending — status from structured verification
B10683,salary_slip,b10683_salary_slip.pdf,needs_review,47,OCR pending — status from structured verification
B10684,identity,b10684_identity.pdf,verified,57,Structured checks passed
B10684,bank_statement,b10684_bank_statement.pdf,verified,52,Structured checks passed
B10684,income_document,b10684_income_document.pdf,verified,52,Structured checks passed
B10685,identity,b10685_identity.pdf,verified,40,Structured checks passed
B10685,bank_statement,b10685_bank_statement.pdf,suspicious,43,OCR pending — status from structured verification
B10685,income_document,b10685_income_document.pdf,verified,47,Structured checks passed
B10685,salary_slip,b10685_salary_slip.pdf,verified,36,Structured checks passed
B10686,identity,b10686_identity.pdf,needs_review,68,OCR pending — status from structured verification
B10686,bank_statement,b10686_bank_statement.pdf,needs_review,66,OCR pending — status from structured verification
B10686,income_document,b10686_income_document.pdf,suspicious,73,OCR pending — status from structured verification
B10687,identity,b10687_identity.pdf,verified,62,Structured checks passed
B10687,bank_statement,b10687_bank_statement.pdf,verified,48,Structured checks passed
B10687,income_document,b10687_income_document.pdf,verified,51,Structured checks passed
B10687,salary_slip,b10687_salary_slip.pdf,verified,64,Structured checks passed
B10688,identity,b10688_identity.pdf,verified,99,Structured checks passed
B10688,bank_statement,b10688_bank_statement.pdf,verified,93,Structured checks passed
B10688,income_document,b10688_income_document.pdf,needs_review,99,OCR pending — status from structured verification
B10689,identity,b10689_identity.pdf,verified,99,Structured checks passed
B10689,bank_statement,b10689_bank_statement.pdf,verified,93,Structured checks passed
B10689,income_document,b10689_income_document.pdf,verified,89,Structured checks passed
B10690,identity,b10690_identity.pdf,verified,91,Structured checks passed
B10690,bank_statement,b10690_bank_statement.pdf,needs_review,78,OCR pending — status from structured verification
B10690,income_document,b10690_income_document.pdf,verified,89,Structured checks passed
B10691,identity,b10691_identity.pdf,needs_review,99,OCR pending — status from structured verification
B10691,bank_statement,b10691_bank_statement.pdf,needs_review,92,OCR pending — status from structured verification
B10691,income_document,b10691_income_document.pdf,verified,99,Structured checks passed
B10691,salary_slip,b10691_salary_slip.pdf,verified,88,Structured checks passed
B10692,identity,b10692_identity.pdf,verified,78,Structured checks passed
B10692,bank_statement,b10692_bank_statement.pdf,verified,78,Structured checks passed
B10692,income_document,b10692_income_document.pdf,verified,66,Structured checks passed
B10692,salary_slip,b10692_salary_slip.pdf,verified,84,Structured checks passed
B10693,identity,b10693_identity.pdf,needs_review,79,OCR pending — status from structured verification
B10693,bank_statement,b10693_bank_statement.pdf,verified,92,Structured checks passed
B10693,income_document,b10693_income_document.pdf,verified,77,Structured checks passed
B10693,business_document,b10693_business_document.pdf,verified,73,Structured checks passed
B10694,identity,b10694_identity.pdf,needs_review,98,OCR pending — status from structured verification
B10694,bank_statement,b10694_bank_statement.pdf,verified,93,Structured checks passed
B10694,income_document,b10694_income_document.pdf,verified,97,Structured checks passed
B10694,business_document,b10694_business_document.pdf,verified,96,Structured checks passed
B10695,identity,b10695_identity.pdf,verified,55,Structured checks passed
B10695,bank_statement,b10695_bank_statement.pdf,verified,49,Structured checks passed
B10695,income_document,b10695_income_document.pdf,needs_review,52,OCR pending — status from structured verification
B10695,business_document,b10695_business_document.pdf,verified,63,Structured checks passed
B10696,identity,b10696_identity.pdf,verified,86,Structured checks passed
B10696,bank_statement,b10696_bank_statement.pdf,verified,89,Structured checks passed
B10696,income_document,b10696_income_document.pdf,verified,81,Structured checks passed
B10696,salary_slip,b10696_salary_slip.pdf,verified,84,Structured checks passed
B10697,identity,b10697_identity.pdf,suspicious,57,OCR pending — status from structured verification
B10697,bank_statement,b10697_bank_statement.pdf,suspicious,52,OCR pending — status from structured verification
B10697,income_document,b10697_income_document.pdf,needs_review,46,OCR pending — status from structured verification
B10697,salary_slip,b10697_salary_slip.pdf,needs_review,46,OCR pending — status from structured verification
B10698,identity,b10698_identity.pdf,verified,74,Structured checks passed
B10698,bank_statement,b10698_bank_statement.pdf,verified,71,Structured checks passed
B10698,income_document,b10698_income_document.pdf,suspicious,71,OCR pending — status from structured verification
B10698,business_document,b10698_business_document.pdf,verified,60,Structured checks passed
B10699,identity,b10699_identity.pdf,needs_review,83,OCR pending — status from structured verification
B10699,bank_statement,b10699_bank_statement.pdf,verified,74,Structured checks passed
B10699,income_document,b10699_income_document.pdf,needs_review,67,OCR pending — status from structured verification
B10700,identity,b10700_identity.pdf,verified,70,Structured checks passed
B10700,bank_statement,b10700_bank_statement.pdf,verified,61,Structured checks passed
B10700,income_document,b10700_income_document.pdf,needs_review,51,OCR pending — status from structured verification
B10700,business_document,b10700_business_document.pdf,verified,70,Structured checks passed
B10701,identity,b10701_identity.pdf,needs_review,62,OCR pending — status from structured verification
B10701,bank_statement,b10701_bank_statement.pdf,needs_review,68,OCR pending — status from structured verification
B10701,income_document,b10701_income_document.pdf,verified,66,Structured checks passed
B10701,business_document,b10701_business_document.pdf,needs_review,65,OCR pending — status from structured verification
B10702,identity,b10702_identity.pdf,verified,51,Structured checks passed
B10702,bank_statement,b10702_bank_statement.pdf,verified,58,Structured checks passed
B10702,income_document,b10702_income_document.pdf,verified,49,Structured checks passed
B10703,identity,b10703_identity.pdf,suspicious,45,OCR pending — status from structured verification
B10703,bank_statement,b10703_bank_statement.pdf,verified,30,Structured checks passed
B10703,income_document,b10703_income_document.pdf,suspicious,46,OCR pending — status from structured verification
B10703,salary_slip,b10703_salary_slip.pdf,suspicious,43,OCR pending — status from structured verification
B10704,identity,b10704_identity.pdf,verified,35,Structured checks passed
B10704,bank_statement,b10704_bank_statement.pdf,verified,39,Structured checks passed
B10704,income_document,b10704_income_document.pdf,verified,41,Structured checks passed
B10704,salary_slip,b10704_salary_slip.pdf,verified,24,Structured checks passed
B10705,identity,b10705_identity.pdf,suspicious,48,OCR pending — status from structured verification
B10705,bank_statement,b10705_bank_statement.pdf,verified,43,Structured checks passed
B10705,income_document,b10705_income_document.pdf,verified,46,Structured checks passed
B10706,identity,b10706_identity.pdf,verified,83,Structured checks passed
B10706,bank_statement,b10706_bank_statement.pdf,verified,71,Structured checks passed
B10706,income_document,b10706_income_document.pdf,verified,82,Structured checks passed
B10707,identity,b10707_identity.pdf,needs_review,65,OCR pending — status from structured verification
B10707,bank_statement,b10707_bank_statement.pdf,verified,58,Structured checks passed
B10707,income_document,b10707_income_document.pdf,verified,48,Structured checks passed
B10708,identity,b10708_identity.pdf,verified,76,Structured checks passed
B10708,bank_statement,b10708_bank_statement.pdf,verified,80,Structured checks passed
B10708,income_document,b10708_income_document.pdf,verified,79,Structured checks passed
B10708,salary_slip,b10708_salary_slip.pdf,verified,77,Structured checks passed
B10709,identity,b10709_identity.pdf,needs_review,52,OCR pending — status from structured verification
B10709,bank_statement,b10709_bank_statement.pdf,verified,61,Structured checks passed
B10709,income_document,b10709_income_document.pdf,verified,49,Structured checks passed
B10709,salary_slip,b10709_salary_slip.pdf,verified,52,Structured checks passed
B10710,identity,b10710_identity.pdf,verified,75,Structured checks passed
B10710,bank_statement,b10710_bank_statement.pdf,verified,79,Structured checks passed
B10710,income_document,b10710_income_document.pdf,verified,72,Structured checks passed
B10710,salary_slip,b10710_salary_slip.pdf,verified,72,Structured checks passed
B10711,identity,b10711_identity.pdf,suspicious,79,OCR pending — status from structured verification
B10711,bank_statement,b10711_bank_statement.pdf,verified,73,Structured checks passed
B10711,income_document,b10711_income_document.pdf,verified,82,Structured checks passed
B10711,salary_slip,b10711_salary_slip.pdf,verified,73,Structured checks passed
B10712,identity,b10712_identity.pdf,verified,99,Structured checks passed
B10712,bank_statement,b10712_bank_statement.pdf,verified,87,Structured checks passed
B10712,income_document,b10712_income_document.pdf,needs_review,95,OCR pending — status from structured verification
B10712,business_document,b10712_business_document.pdf,verified,99,Structured checks passed
B10713,identity,b10713_identity.pdf,verified,68,Structured checks passed
B10713,bank_statement,b10713_bank_statement.pdf,verified,79,Structured checks passed
B10713,income_document,b10713_income_document.pdf,verified,66,Structured checks passed
B10713,business_document,b10713_business_document.pdf,verified,80,Structured checks passed
B10714,identity,b10714_identity.pdf,verified,55,Structured checks passed
B10714,bank_statement,b10714_bank_statement.pdf,needs_review,54,OCR pending — status from structured verification
B10714,income_document,b10714_income_document.pdf,verified,54,Structured checks passed
B10715,identity,b10715_identity.pdf,verified,63,Structured checks passed
B10715,bank_statement,b10715_bank_statement.pdf,verified,73,Structured checks passed
B10715,income_document,b10715_income_document.pdf,verified,76,Structured checks passed
B10715,salary_slip,b10715_salary_slip.pdf,verified,66,Structured checks passed
B10716,identity,b10716_identity.pdf,suspicious,41,OCR pending — status from structured verification
B10716,bank_statement,b10716_bank_statement.pdf,verified,50,Structured checks passed
B10716,income_document,b10716_income_document.pdf,needs_review,53,OCR pending — status from structured verification
B10716,salary_slip,b10716_salary_slip.pdf,needs_review,43,OCR pending — status from structured verification
B10717,identity,b10717_identity.pdf,verified,70,Structured checks passed
B10717,bank_statement,b10717_bank_statement.pdf,suspicious,85,OCR pending — status from structured verification
B10717,income_document,b10717_income_document.pdf,verified,71,Structured checks passed
B10718,identity,b10718_identity.pdf,suspicious,59,OCR pending — status from structured verification
B10718,bank_statement,b10718_bank_statement.pdf,verified,55,Structured checks passed
B10718,income_document,b10718_income_document.pdf,verified,65,Structured checks passed
B10718,salary_slip,b10718_salary_slip.pdf,verified,54,Structured checks passed
B10719,identity,b10719_identity.pdf,verified,58,Structured checks passed
B10719,bank_statement,b10719_bank_statement.pdf,suspicious,71,OCR pending — status from structured verification
B10719,income_document,b10719_income_document.pdf,verified,71,Structured checks passed
B10720,identity,b10720_identity.pdf,needs_review,62,OCR pending — status from structured verification
B10720,bank_statement,b10720_bank_statement.pdf,verified,65,Structured checks passed
B10720,income_document,b10720_income_document.pdf,verified,67,Structured checks passed
B10720,salary_slip,b10720_salary_slip.pdf,verified,78,Structured checks passed
B10721,identity,b10721_identity.pdf,verified,72,Structured checks passed
B10721,bank_statement,b10721_bank_statement.pdf,verified,72,Structured checks passed
B10721,income_document,b10721_income_document.pdf,verified,83,Structured checks passed
B10721,salary_slip,b10721_salary_slip.pdf,verified,74,Structured checks passed
B10722,identity,b10722_identity.pdf,verified,48,Structured checks passed
B10722,bank_statement,b10722_bank_statement.pdf,needs_review,46,OCR pending — status from structured verification
B10722,income_document,b10722_income_document.pdf,suspicious,39,OCR pending — status from structured verification
B10723,identity,b10723_identity.pdf,verified,54,Structured checks passed
B10723,bank_statement,b10723_bank_statement.pdf,needs_review,42,OCR pending — status from structured verification
B10723,income_document,b10723_income_document.pdf,verified,54,Structured checks passed
B10723,salary_slip,b10723_salary_slip.pdf,verified,53,Structured checks passed
B10724,identity,b10724_identity.pdf,verified,60,Structured checks passed
B10724,bank_statement,b10724_bank_statement.pdf,verified,67,Structured checks passed
B10724,income_document,b10724_income_document.pdf,verified,64,Structured checks passed
B10724,business_document,b10724_business_document.pdf,verified,67,Structured checks passed
B10725,identity,b10725_identity.pdf,verified,94,Structured checks passed
B10725,bank_statement,b10725_bank_statement.pdf,verified,78,Structured checks passed
B10725,income_document,b10725_income_document.pdf,verified,76,Structured checks passed
B10725,salary_slip,b10725_salary_slip.pdf,verified,87,Structured checks passed
B10726,identity,b10726_identity.pdf,verified,62,Structured checks passed
B10726,bank_statement,b10726_bank_statement.pdf,needs_review,62,OCR pending — status from structured verification
B10726,income_document,b10726_income_document.pdf,suspicious,57,OCR pending — status from structured verification
B10726,business_document,b10726_business_document.pdf,needs_review,75,OCR pending — status from structured verification
B10727,identity,b10727_identity.pdf,suspicious,58,OCR pending — status from structured verification
B10727,bank_statement,b10727_bank_statement.pdf,needs_review,55,OCR pending — status from structured verification
B10727,income_document,b10727_income_document.pdf,suspicious,58,OCR pending — status from structured verification
B10727,salary_slip,b10727_salary_slip.pdf,suspicious,52,OCR pending — status from structured verification
B10728,identity,b10728_identity.pdf,suspicious,67,OCR pending — status from structured verification
B10728,bank_statement,b10728_bank_statement.pdf,needs_review,63,OCR pending — status from structured verification
B10728,income_document,b10728_income_document.pdf,verified,63,Structured checks passed
B10729,identity,b10729_identity.pdf,verified,55,Structured checks passed
B10729,bank_statement,b10729_bank_statement.pdf,verified,59,Structured checks passed
B10729,income_document,b10729_income_document.pdf,needs_review,72,OCR pending — status from structured verification
B10729,business_document,b10729_business_document.pdf,verified,72,Structured checks passed
B10730,identity,b10730_identity.pdf,verified,61,Structured checks passed
B10730,bank_statement,b10730_bank_statement.pdf,suspicious,44,OCR pending — status from structured verification
B10730,income_document,b10730_income_document.pdf,verified,60,Structured checks passed
B10730,business_document,b10730_business_document.pdf,suspicious,44,OCR pending — status from structured verification
B10731,identity,b10731_identity.pdf,verified,54,Structured checks passed
B10731,bank_statement,b10731_bank_statement.pdf,verified,70,Structured checks passed
B10731,income_document,b10731_income_document.pdf,verified,66,Structured checks passed
B10732,identity,b10732_identity.pdf,needs_review,43,OCR pending — status from structured verification
B10732,bank_statement,b10732_bank_statement.pdf,verified,55,Structured checks passed
B10732,income_document,b10732_income_document.pdf,verified,45,Structured checks passed
B10733,identity,b10733_identity.pdf,verified,63,Structured checks passed
B10733,bank_statement,b10733_bank_statement.pdf,needs_review,57,OCR pending — status from structured verification
B10733,income_document,b10733_income_document.pdf,verified,70,Structured checks passed
B10733,salary_slip,b10733_salary_slip.pdf,verified,66,Structured checks passed
B10734,identity,b10734_identity.pdf,verified,95,Structured checks passed
B10734,bank_statement,b10734_bank_statement.pdf,verified,79,Structured checks passed
B10734,income_document,b10734_income_document.pdf,verified,93,Structured checks passed
B10735,identity,b10735_identity.pdf,verified,67,Structured checks passed
B10735,bank_statement,b10735_bank_statement.pdf,verified,52,Structured checks passed
B10735,income_document,b10735_income_document.pdf,verified,57,Structured checks passed
B10736,identity,b10736_identity.pdf,verified,86,Structured checks passed
B10736,bank_statement,b10736_bank_statement.pdf,verified,83,Structured checks passed
B10736,income_document,b10736_income_document.pdf,verified,87,Structured checks passed
B10736,salary_slip,b10736_salary_slip.pdf,verified,82,Structured checks passed
B10737,identity,b10737_identity.pdf,verified,92,Structured checks passed
B10737,bank_statement,b10737_bank_statement.pdf,verified,85,Structured checks passed
B10737,income_document,b10737_income_document.pdf,verified,82,Structured checks passed
B10737,business_document,b10737_business_document.pdf,verified,94,Structured checks passed
B10738,identity,b10738_identity.pdf,needs_review,78,OCR pending — status from structured verification
B10738,bank_statement,b10738_bank_statement.pdf,verified,65,Structured checks passed
B10738,income_document,b10738_income_document.pdf,needs_review,77,OCR pending — status from structured verification
B10738,business_document,b10738_business_document.pdf,verified,69,Structured checks passed
B10739,identity,b10739_identity.pdf,verified,75,Structured checks passed
B10739,bank_statement,b10739_bank_statement.pdf,verified,70,Structured checks passed
B10739,income_document,b10739_income_document.pdf,verified,71,Structured checks passed
B10739,salary_slip,b10739_salary_slip.pdf,verified,57,Structured checks passed
B10740,identity,b10740_identity.pdf,verified,82,Structured checks passed
B10740,bank_statement,b10740_bank_statement.pdf,verified,93,Structured checks passed
B10740,income_document,b10740_income_document.pdf,verified,93,Structured checks passed
B10740,business_document,b10740_business_document.pdf,verified,97,Structured checks passed
B10741,identity,b10741_identity.pdf,verified,99,Structured checks passed
B10741,bank_statement,b10741_bank_statement.pdf,needs_review,85,OCR pending — status from structured verification
B10741,income_document,b10741_income_document.pdf,needs_review,99,OCR pending — status from structured verification
B10742,identity,b10742_identity.pdf,verified,54,Structured checks passed
B10742,bank_statement,b10742_bank_statement.pdf,suspicious,41,OCR pending — status from structured verification
B10742,income_document,b10742_income_document.pdf,suspicious,53,OCR pending — status from structured verification
B10742,business_document,b10742_business_document.pdf,suspicious,42,OCR pending — status from structured verification
B10743,identity,b10743_identity.pdf,verified,71,Structured checks passed
B10743,bank_statement,b10743_bank_statement.pdf,suspicious,55,OCR pending — status from structured verification
B10743,income_document,b10743_income_document.pdf,verified,53,Structured checks passed
B10744,identity,b10744_identity.pdf,verified,70,Structured checks passed
B10744,bank_statement,b10744_bank_statement.pdf,verified,79,Structured checks passed
B10744,income_document,b10744_income_document.pdf,verified,87,Structured checks passed
B10745,identity,b10745_identity.pdf,verified,47,Structured checks passed
B10745,bank_statement,b10745_bank_statement.pdf,needs_review,42,OCR pending — status from structured verification
B10745,income_document,b10745_income_document.pdf,suspicious,45,OCR pending — status from structured verification
B10746,identity,b10746_identity.pdf,verified,44,Structured checks passed
B10746,bank_statement,b10746_bank_statement.pdf,verified,47,Structured checks passed
B10746,income_document,b10746_income_document.pdf,verified,34,Structured checks passed
B10747,identity,b10747_identity.pdf,needs_review,43,OCR pending — status from structured verification
B10747,bank_statement,b10747_bank_statement.pdf,suspicious,58,OCR pending — status from structured verification
B10747,income_document,b10747_income_document.pdf,verified,43,Structured checks passed
B10748,identity,b10748_identity.pdf,verified,47,Structured checks passed
B10748,bank_statement,b10748_bank_statement.pdf,needs_review,53,OCR pending — status from structured verification
B10748,income_document,b10748_income_document.pdf,verified,47,Structured checks passed
B10749,identity,b10749_identity.pdf,suspicious,65,OCR pending — status from structured verification
B10749,bank_statement,b10749_bank_statement.pdf,needs_review,70,OCR pending — status from structured verification
B10749,income_document,b10749_income_document.pdf,suspicious,71,OCR pending — status from structured verification
B10750,identity,b10750_identity.pdf,verified,99,Structured checks passed
B10750,bank_statement,b10750_bank_statement.pdf,verified,96,Structured checks passed
B10750,income_document,b10750_income_document.pdf,verified,99,Structured checks passed
B10750,business_document,b10750_business_document.pdf,verified,97,Structured checks passed
B10751,identity,b10751_identity.pdf,verified,66,Structured checks passed
B10751,bank_statement,b10751_bank_statement.pdf,verified,53,Structured checks passed
B10751,income_document,b10751_income_document.pdf,verified,62,Structured checks passed
B10752,identity,b10752_identity.pdf,needs_review,76,OCR pending — status from structured verification
B10752,bank_statement,b10752_bank_statement.pdf,verified,86,Structured checks passed
B10752,income_document,b10752_income_document.pdf,verified,85,Structured checks passed
B10753,identity,b10753_identity.pdf,verified,69,Structured checks passed
B10753,bank_statement,b10753_bank_statement.pdf,verified,70,Structured checks passed
B10753,income_document,b10753_income_document.pdf,suspicious,69,OCR pending — status from structured verification
B10753,salary_slip,b10753_salary_slip.pdf,suspicious,71,OCR pending — status from structured verification
B10754,identity,b10754_identity.pdf,verified,37,Structured checks passed
B10754,bank_statement,b10754_bank_statement.pdf,verified,34,Structured checks passed
B10754,income_document,b10754_income_document.pdf,verified,44,Structured checks passed
B10755,identity,b10755_identity.pdf,needs_review,55,OCR pending — status from structured verification
B10755,bank_statement,b10755_bank_statement.pdf,verified,41,Structured checks passed
B10755,income_document,b10755_income_document.pdf,verified,48,Structured checks passed
B10756,identity,b10756_identity.pdf,verified,89,Structured checks passed
B10756,bank_statement,b10756_bank_statement.pdf,verified,97,Structured checks passed
B10756,income_document,b10756_income_document.pdf,verified,94,Structured checks passed
B10757,identity,b10757_identity.pdf,suspicious,47,OCR pending — status from structured verification
B10757,bank_statement,b10757_bank_statement.pdf,verified,45,Structured checks passed
B10757,income_document,b10757_income_document.pdf,verified,37,Structured checks passed
B10758,identity,b10758_identity.pdf,verified,66,Structured checks passed
B10758,bank_statement,b10758_bank_statement.pdf,needs_review,67,OCR pending — status from structured verification
B10758,income_document,b10758_income_document.pdf,verified,78,Structured checks passed
B10759,identity,b10759_identity.pdf,needs_review,40,OCR pending — status from structured verification
B10759,bank_statement,b10759_bank_statement.pdf,verified,40,Structured checks passed
B10759,income_document,b10759_income_document.pdf,needs_review,44,OCR pending — status from structured verification
B10760,identity,b10760_identity.pdf,suspicious,48,OCR pending — status from structured verification
B10760,bank_statement,b10760_bank_statement.pdf,verified,50,Structured checks passed
B10760,income_document,b10760_income_document.pdf,suspicious,47,OCR pending — status from structured verification
B10760,salary_slip,b10760_salary_slip.pdf,suspicious,36,OCR pending — status from structured verification
B10761,identity,b10761_identity.pdf,needs_review,58,OCR pending — status from structured verification
B10761,bank_statement,b10761_bank_statement.pdf,verified,60,Structured checks passed
B10761,income_document,b10761_income_document.pdf,verified,70,Structured checks passed
B10761,salary_slip,b10761_salary_slip.pdf,verified,60,Structured checks passed
B10762,identity,b10762_identity.pdf,verified,41,Structured checks passed
B10762,bank_statement,b10762_bank_statement.pdf,suspicious,36,OCR pending — status from structured verification
B10762,income_document,b10762_income_document.pdf,suspicious,31,OCR pending — status from structured verification
B10762,business_document,b10762_business_document.pdf,suspicious,43,OCR pending — status from structured verification
B10763,identity,b10763_identity.pdf,verified,56,Structured checks passed
B10763,bank_statement,b10763_bank_statement.pdf,suspicious,62,OCR pending — status from structured verification
B10763,income_document,b10763_income_document.pdf,verified,64,Structured checks passed
B10764,identity,b10764_identity.pdf,needs_review,63,OCR pending — status from structured verification
B10764,bank_statement,b10764_bank_statement.pdf,verified,64,Structured checks passed
B10764,income_document,b10764_income_document.pdf,verified,60,Structured checks passed
B10765,identity,b10765_identity.pdf,verified,99,Structured checks passed
B10765,bank_statement,b10765_bank_statement.pdf,verified,99,Structured checks passed
B10765,income_document,b10765_income_document.pdf,verified,99,Structured checks passed
B10765,business_document,b10765_business_document.pdf,verified,99,Structured checks passed
B10766,identity,b10766_identity.pdf,verified,80,Structured checks passed
B10766,bank_statement,b10766_bank_statement.pdf,needs_review,88,OCR pending — status from structured verification
B10766,income_document,b10766_income_document.pdf,verified,71,Structured checks passed
B10767,identity,b10767_identity.pdf,verified,59,Structured checks passed
B10767,bank_statement,b10767_bank_statement.pdf,verified,47,Structured checks passed
B10767,income_document,b10767_income_document.pdf,needs_review,50,OCR pending — status from structured verification
B10768,identity,b10768_identity.pdf,verified,57,Structured checks passed
B10768,bank_statement,b10768_bank_statement.pdf,verified,66,Structured checks passed
B10768,income_document,b10768_income_document.pdf,verified,76,Structured checks passed
B10768,salary_slip,b10768_salary_slip.pdf,verified,68,Structured checks passed
B10769,identity,b10769_identity.pdf,suspicious,52,OCR pending — status from structured verification
B10769,bank_statement,b10769_bank_statement.pdf,needs_review,52,OCR pending — status from structured verification
B10769,income_document,b10769_income_document.pdf,verified,50,Structured checks passed
B10770,identity,b10770_identity.pdf,verified,76,Structured checks passed
B10770,bank_statement,b10770_bank_statement.pdf,verified,84,Structured checks passed
B10770,income_document,b10770_income_document.pdf,verified,70,Structured checks passed
B10771,identity,b10771_identity.pdf,suspicious,43,OCR pending — status from structured verification
B10771,bank_statement,b10771_bank_statement.pdf,verified,46,Structured checks passed
B10771,income_document,b10771_income_document.pdf,needs_review,46,OCR pending — status from structured verification
B10772,identity,b10772_identity.pdf,verified,40,Structured checks passed
B10772,bank_statement,b10772_bank_statement.pdf,verified,40,Structured checks passed
B10772,income_document,b10772_income_document.pdf,verified,57,Structured checks passed
B10773,identity,b10773_identity.pdf,verified,91,Structured checks passed
B10773,bank_statement,b10773_bank_statement.pdf,verified,90,Structured checks passed
B10773,income_document,b10773_income_document.pdf,needs_review,83,OCR pending — status from structured verification
B10773,salary_slip,b10773_salary_slip.pdf,needs_review,89,OCR pending — status from structured verification
B10774,identity,b10774_identity.pdf,verified,54,Structured checks passed
B10774,bank_statement,b10774_bank_statement.pdf,suspicious,55,OCR pending — status from structured verification
B10774,income_document,b10774_income_document.pdf,verified,39,Structured checks passed
B10774,business_document,b10774_business_document.pdf,suspicious,52,OCR pending — status from structured verification
B10775,identity,b10775_identity.pdf,verified,92,Structured checks passed
B10775,bank_statement,b10775_bank_statement.pdf,verified,99,Structured checks passed
B10775,income_document,b10775_income_document.pdf,verified,99,Structured checks passed
B10775,salary_slip,b10775_salary_slip.pdf,verified,97,Structured checks passed
B10776,identity,b10776_identity.pdf,verified,82,Structured checks passed
B10776,bank_statement,b10776_bank_statement.pdf,verified,79,Structured checks passed
B10776,income_document,b10776_income_document.pdf,verified,83,Structured checks passed
B10776,salary_slip,b10776_salary_slip.pdf,verified,81,Structured checks passed
B10777,identity,b10777_identity.pdf,verified,52,Structured checks passed
B10777,bank_statement,b10777_bank_statement.pdf,verified,53,Structured checks passed
B10777,income_document,b10777_income_document.pdf,verified,54,Structured checks passed
B10777,salary_slip,b10777_salary_slip.pdf,verified,58,Structured checks passed
B10778,identity,b10778_identity.pdf,verified,99,Structured checks passed
B10778,bank_statement,b10778_bank_statement.pdf,verified,99,Structured checks passed
B10778,income_document,b10778_income_document.pdf,verified,96,Structured checks passed
B10778,business_document,b10778_business_document.pdf,verified,99,Structured checks passed
B10779,identity,b10779_identity.pdf,verified,83,Structured checks passed
B10779,bank_statement,b10779_bank_statement.pdf,verified,65,Structured checks passed
B10779,income_document,b10779_income_document.pdf,verified,82,Structured checks passed
B10779,salary_slip,b10779_salary_slip.pdf,verified,70,Structured checks passed
B10780,identity,b10780_identity.pdf,verified,53,Structured checks passed
B10780,bank_statement,b10780_bank_statement.pdf,verified,55,Structured checks passed
B10780,income_document,b10780_income_document.pdf,verified,63,Structured checks passed
B10781,identity,b10781_identity.pdf,verified,89,Structured checks passed
B10781,bank_statement,b10781_bank_statement.pdf,verified,99,Structured checks passed
B10781,income_document,b10781_income_document.pdf,verified,89,Structured checks passed
B10781,salary_slip,b10781_salary_slip.pdf,verified,93,Structured checks passed
B10782,identity,b10782_identity.pdf,suspicious,82,OCR pending — status from structured verification
B10782,bank_statement,b10782_bank_statement.pdf,verified,93,Structured checks passed
B10782,income_document,b10782_income_document.pdf,verified,78,Structured checks passed
B10783,identity,b10783_identity.pdf,verified,42,Structured checks passed
B10783,bank_statement,b10783_bank_statement.pdf,verified,60,Structured checks passed
B10783,income_document,b10783_income_document.pdf,verified,57,Structured checks passed
B10783,salary_slip,b10783_salary_slip.pdf,verified,55,Structured checks passed
B10784,identity,b10784_identity.pdf,verified,69,Structured checks passed
B10784,bank_statement,b10784_bank_statement.pdf,verified,69,Structured checks passed
B10784,income_document,b10784_income_document.pdf,needs_review,60,OCR pending — status from structured verification
B10784,salary_slip,b10784_salary_slip.pdf,needs_review,57,OCR pending — status from structured verification
B10785,identity,b10785_identity.pdf,verified,84,Structured checks passed
B10785,bank_statement,b10785_bank_statement.pdf,verified,85,Structured checks passed
B10785,income_document,b10785_income_document.pdf,needs_review,79,OCR pending — status from structured verification
B10786,identity,b10786_identity.pdf,verified,99,Structured checks passed
B10786,bank_statement,b10786_bank_statement.pdf,verified,95,Structured checks passed
B10786,income_document,b10786_income_document.pdf,verified,99,Structured checks passed
B10786,salary_slip,b10786_salary_slip.pdf,verified,85,Structured checks passed
B10787,identity,b10787_identity.pdf,verified,49,Structured checks passed
B10787,bank_statement,b10787_bank_statement.pdf,verified,62,Structured checks passed
B10787,income_document,b10787_income_document.pdf,suspicious,50,OCR pending — status from structured verification
B10788,identity,b10788_identity.pdf,verified,54,Structured checks passed
B10788,bank_statement,b10788_bank_statement.pdf,suspicious,48,OCR pending — status from structured verification
B10788,income_document,b10788_income_document.pdf,needs_review,61,OCR pending — status from structured verification
B10789,identity,b10789_identity.pdf,verified,97,Structured checks passed
B10789,bank_statement,b10789_bank_statement.pdf,verified,99,Structured checks passed
B10789,income_document,b10789_income_document.pdf,verified,99,Structured checks passed
B10789,business_document,b10789_business_document.pdf,verified,95,Structured checks passed
B10790,identity,b10790_identity.pdf,verified,51,Structured checks passed
B10790,bank_statement,b10790_bank_statement.pdf,suspicious,52,OCR pending — status from structured verification
B10790,income_document,b10790_income_document.pdf,verified,44,Structured checks passed
B10790,business_document,b10790_business_document.pdf,suspicious,36,OCR pending — status from structured verification
B10791,identity,b10791_identity.pdf,verified,38,Structured checks passed
B10791,bank_statement,b10791_bank_statement.pdf,needs_review,51,OCR pending — status from structured verification
B10791,income_document,b10791_income_document.pdf,suspicious,44,OCR pending — status from structured verification
B10792,identity,b10792_identity.pdf,verified,86,Structured checks passed
B10792,bank_statement,b10792_bank_statement.pdf,verified,73,Structured checks passed
B10792,income_document,b10792_income_document.pdf,needs_review,82,OCR pending — status from structured verification
B10792,salary_slip,b10792_salary_slip.pdf,needs_review,79,OCR pending — status from structured verification
B10793,identity,b10793_identity.pdf,verified,64,Structured checks passed
B10793,bank_statement,b10793_bank_statement.pdf,verified,61,Structured checks passed
B10793,income_document,b10793_income_document.pdf,verified,60,Structured checks passed
B10794,identity,b10794_identity.pdf,verified,51,Structured checks passed
B10794,bank_statement,b10794_bank_statement.pdf,suspicious,52,OCR pending — status from structured verification
B10794,income_document,b10794_income_document.pdf,verified,50,Structured checks passed
B10794,business_document,b10794_business_document.pdf,suspicious,49,OCR pending — status from structured verification
B10795,identity,b10795_identity.pdf,verified,53,Structured checks passed
B10795,bank_statement,b10795_bank_statement.pdf,verified,49,Structured checks passed
B10795,income_document,b10795_income_document.pdf,needs_review,50,OCR pending — status from structured verification
B10796,identity,b10796_identity.pdf,verified,60,Structured checks passed
B10796,bank_statement,b10796_bank_statement.pdf,suspicious,42,OCR pending — status from structured verification
B10796,income_document,b10796_income_document.pdf,needs_review,54,OCR pending — status from structured verification
B10796,business_document,b10796_business_document.pdf,suspicious,48,OCR pending — status from structured verification
B10797,identity,b10797_identity.pdf,verified,93,Structured checks passed
B10797,bank_statement,b10797_bank_statement.pdf,verified,93,Structured checks passed
B10797,income_document,b10797_income_document.pdf,verified,96,Structured checks passed
B10797,business_document,b10797_business_document.pdf,verified,93,Structured checks passed
B10798,identity,b10798_identity.pdf,needs_review,58,OCR pending — status from structured verification
B10798,bank_statement,b10798_bank_statement.pdf,verified,59,Structured checks passed
B10798,income_document,b10798_income_document.pdf,suspicious,42,OCR pending — status from structured verification
B10799,identity,b10799_identity.pdf,verified,53,Structured checks passed
B10799,bank_statement,b10799_bank_statement.pdf,verified,56,Structured checks passed
B10799,income_document,b10799_income_document.pdf,suspicious,45,OCR pending — status from structured verification
B10799,salary_slip,b10799_salary_slip.pdf,suspicious,47,OCR pending — status from structured verification
B10800,identity,b10800_identity.pdf,suspicious,79,OCR pending — status from structured verification
B10800,bank_statement,b10800_bank_statement.pdf,verified,83,Structured checks passed
B10800,income_document,b10800_income_document.pdf,needs_review,78,OCR pending — status from structured verification
B10800,salary_slip,b10800_salary_slip.pdf,needs_review,84,OCR pending — status from structured verification
B10801,identity,b10801_identity.pdf,verified,75,Structured checks passed
B10801,bank_statement,b10801_bank_statement.pdf,verified,59,Structured checks passed
B10801,income_document,b10801_income_document.pdf,verified,75,Structured checks passed
B10801,salary_slip,b10801_salary_slip.pdf,verified,72,Structured checks passed
B10802,identity,b10802_identity.pdf,suspicious,35,OCR pending — status from structured verification
B10802,bank_statement,b10802_bank_statement.pdf,verified,22,Structured checks passed
B10802,income_document,b10802_income_document.pdf,verified,41,Structured checks passed
B10803,identity,b10803_identity.pdf,verified,52,Structured checks passed
B10803,bank_statement,b10803_bank_statement.pdf,verified,48,Structured checks passed
B10803,income_document,b10803_income_document.pdf,verified,51,Structured checks passed
B10804,identity,b10804_identity.pdf,verified,46,Structured checks passed
B10804,bank_statement,b10804_bank_statement.pdf,verified,55,Structured checks passed
B10804,income_document,b10804_income_document.pdf,verified,42,Structured checks passed
B10804,salary_slip,b10804_salary_slip.pdf,verified,59,Structured checks passed
B10805,identity,b10805_identity.pdf,verified,80,Structured checks passed
B10805,bank_statement,b10805_bank_statement.pdf,verified,87,Structured checks passed
B10805,income_document,b10805_income_document.pdf,verified,86,Structured checks passed
B10805,business_document,b10805_business_document.pdf,verified,95,Structured checks passed
B10806,identity,b10806_identity.pdf,needs_review,55,OCR pending — status from structured verification
B10806,bank_statement,b10806_bank_statement.pdf,verified,59,Structured checks passed
B10806,income_document,b10806_income_document.pdf,verified,61,Structured checks passed
B10806,salary_slip,b10806_salary_slip.pdf,verified,56,Structured checks passed
B10807,identity,b10807_identity.pdf,needs_review,64,OCR pending — status from structured verification
B10807,bank_statement,b10807_bank_statement.pdf,verified,54,Structured checks passed
B10807,income_document,b10807_income_document.pdf,verified,66,Structured checks passed
B10807,business_document,b10807_business_document.pdf,verified,59,Structured checks passed
B10808,identity,b10808_identity.pdf,verified,52,Structured checks passed
B10808,bank_statement,b10808_bank_statement.pdf,verified,50,Structured checks passed
B10808,income_document,b10808_income_document.pdf,verified,57,Structured checks passed
B10809,identity,b10809_identity.pdf,verified,24,Structured checks passed
B10809,bank_statement,b10809_bank_statement.pdf,verified,25,Structured checks passed
B10809,income_document,b10809_income_document.pdf,needs_review,38,OCR pending — status from structured verification
B10810,identity,b10810_identity.pdf,verified,82,Structured checks passed
B10810,bank_statement,b10810_bank_statement.pdf,verified,82,Structured checks passed
B10810,income_document,b10810_income_document.pdf,verified,81,Structured checks passed
B10810,salary_slip,b10810_salary_slip.pdf,verified,86,Structured checks passed
B10811,identity,b10811_identity.pdf,verified,74,Structured checks passed
B10811,bank_statement,b10811_bank_statement.pdf,suspicious,73,OCR pending — status from structured verification
B10811,income_document,b10811_income_document.pdf,needs_review,68,OCR pending — status from structured verification
B10812,identity,b10812_identity.pdf,verified,87,Structured checks passed
B10812,bank_statement,b10812_bank_statement.pdf,verified,99,Structured checks passed
B10812,income_document,b10812_income_document.pdf,verified,99,Structured checks passed
B10812,salary_slip,b10812_salary_slip.pdf,verified,89,Structured checks passed
B10813,identity,b10813_identity.pdf,verified,64,Structured checks passed
B10813,bank_statement,b10813_bank_statement.pdf,suspicious,69,OCR pending — status from structured verification
B10813,income_document,b10813_income_document.pdf,needs_review,66,OCR pending — status from structured verification
B10813,business_document,b10813_business_document.pdf,suspicious,67,OCR pending — status from structured verification
B10814,identity,b10814_identity.pdf,needs_review,81,OCR pending — status from structured verification
B10814,bank_statement,b10814_bank_statement.pdf,needs_review,71,OCR pending — status from structured verification
B10814,income_document,b10814_income_document.pdf,verified,84,Structured checks passed
B10814,business_document,b10814_business_document.pdf,needs_review,67,OCR pending — status from structured verification
B10815,identity,b10815_identity.pdf,verified,86,Structured checks passed
B10815,bank_statement,b10815_bank_statement.pdf,verified,75,Structured checks passed
B10815,income_document,b10815_income_document.pdf,verified,87,Structured checks passed
B10815,business_document,b10815_business_document.pdf,verified,88,Structured checks passed
B10816,identity,b10816_identity.pdf,verified,64,Structured checks passed
B10816,bank_statement,b10816_bank_statement.pdf,verified,59,Structured checks passed
B10816,income_document,b10816_income_document.pdf,suspicious,66,OCR pending — status from structured verification
B10816,business_document,b10816_business_document.pdf,verified,57,Structured checks passed
B10817,identity,b10817_identity.pdf,verified,78,Structured checks passed
B10817,bank_statement,b10817_bank_statement.pdf,verified,81,Structured checks passed
B10817,income_document,b10817_income_document.pdf,verified,64,Structured checks passed
B10817,business_document,b10817_business_document.pdf,verified,71,Structured checks passed
B10818,identity,b10818_identity.pdf,suspicious,68,OCR pending — status from structured verification
B10818,bank_statement,b10818_bank_statement.pdf,suspicious,63,OCR pending — status from structured verification
B10818,income_document,b10818_income_document.pdf,suspicious,49,OCR pending — status from structured verification
B10818,salary_slip,b10818_salary_slip.pdf,suspicious,67,OCR pending — status from structured verification
B10819,identity,b10819_identity.pdf,verified,48,Structured checks passed
B10819,bank_statement,b10819_bank_statement.pdf,verified,44,Structured checks passed
B10819,income_document,b10819_income_document.pdf,needs_review,38,OCR pending — status from structured verification
B10820,identity,b10820_identity.pdf,verified,81,Structured checks passed
B10820,bank_statement,b10820_bank_statement.pdf,suspicious,88,OCR pending — status from structured verification
B10820,income_document,b10820_income_document.pdf,verified,77,Structured checks passed
B10820,salary_slip,b10820_salary_slip.pdf,verified,87,Structured checks passed
B10821,identity,b10821_identity.pdf,verified,54,Structured checks passed
B10821,bank_statement,b10821_bank_statement.pdf,verified,64,Structured checks passed
B10821,income_document,b10821_income_document.pdf,suspicious,51,OCR pending — status from structured verification
B10821,business_document,b10821_business_document.pdf,verified,56,Structured checks passed
B10822,identity,b10822_identity.pdf,verified,45,Structured checks passed
B10822,bank_statement,b10822_bank_statement.pdf,suspicious,45,OCR pending — status from structured verification
B10822,income_document,b10822_income_document.pdf,suspicious,29,OCR pending — status from structured verification
B10822,salary_slip,b10822_salary_slip.pdf,suspicious,41,OCR pending — status from structured verification
B10823,identity,b10823_identity.pdf,verified,42,Structured checks passed
B10823,bank_statement,b10823_bank_statement.pdf,verified,62,Structured checks passed
B10823,income_document,b10823_income_document.pdf,verified,51,Structured checks passed
B10823,business_document,b10823_business_document.pdf,verified,47,Structured checks passed
B10824,identity,b10824_identity.pdf,verified,88,Structured checks passed
B10824,bank_statement,b10824_bank_statement.pdf,verified,82,Structured checks passed
B10824,income_document,b10824_income_document.pdf,verified,86,Structured checks passed
B10824,salary_slip,b10824_salary_slip.pdf,verified,69,Structured checks passed
B10825,identity,b10825_identity.pdf,verified,77,Structured checks passed
B10825,bank_statement,b10825_bank_statement.pdf,verified,91,Structured checks passed
B10825,income_document,b10825_income_document.pdf,verified,88,Structured checks passed
B10826,identity,b10826_identity.pdf,verified,45,Structured checks passed
B10826,bank_statement,b10826_bank_statement.pdf,needs_review,55,OCR pending — status from structured verification
B10826,income_document,b10826_income_document.pdf,verified,51,Structured checks passed
B10827,identity,b10827_identity.pdf,verified,68,Structured checks passed
B10827,bank_statement,b10827_bank_statement.pdf,suspicious,62,OCR pending — status from structured verification
B10827,income_document,b10827_income_document.pdf,verified,57,Structured checks passed
B10828,identity,b10828_identity.pdf,suspicious,38,OCR pending — status from structured verification
B10828,bank_statement,b10828_bank_statement.pdf,suspicious,42,OCR pending — status from structured verification
B10828,income_document,b10828_income_document.pdf,needs_review,45,OCR pending — status from structured verification
B10828,salary_slip,b10828_salary_slip.pdf,needs_review,43,OCR pending — status from structured verification
B10829,identity,b10829_identity.pdf,needs_review,35,OCR pending — status from structured verification
B10829,bank_statement,b10829_bank_statement.pdf,verified,27,Structured checks passed
B10829,income_document,b10829_income_document.pdf,verified,34,Structured checks passed
B10830,identity,b10830_identity.pdf,needs_review,42,OCR pending — status from structured verification
B10830,bank_statement,b10830_bank_statement.pdf,suspicious,37,OCR pending — status from structured verification
B10830,income_document,b10830_income_document.pdf,verified,43,Structured checks passed
B10831,identity,b10831_identity.pdf,verified,85,Structured checks passed
B10831,bank_statement,b10831_bank_statement.pdf,verified,80,Structured checks passed
B10831,income_document,b10831_income_document.pdf,verified,75,Structured checks passed
B10831,business_document,b10831_business_document.pdf,verified,71,Structured checks passed
B10832,identity,b10832_identity.pdf,needs_review,65,OCR pending — status from structured verification
B10832,bank_statement,b10832_bank_statement.pdf,verified,51,Structured checks passed
B10832,income_document,b10832_income_document.pdf,suspicious,58,OCR pending — status from structured verification
B10833,identity,b10833_identity.pdf,verified,45,Structured checks passed
B10833,bank_statement,b10833_bank_statement.pdf,verified,45,Structured checks passed
B10833,income_document,b10833_income_document.pdf,needs_review,50,OCR pending — status from structured verification
B10834,identity,b10834_identity.pdf,verified,50,Structured checks passed
B10834,bank_statement,b10834_bank_statement.pdf,verified,38,Structured checks passed
B10834,income_document,b10834_income_document.pdf,suspicious,51,OCR pending — status from structured verification
B10835,identity,b10835_identity.pdf,verified,75,Structured checks passed
B10835,bank_statement,b10835_bank_statement.pdf,verified,69,Structured checks passed
B10835,income_document,b10835_income_document.pdf,needs_review,83,OCR pending — status from structured verification
B10836,identity,b10836_identity.pdf,suspicious,41,OCR pending — status from structured verification
B10836,bank_statement,b10836_bank_statement.pdf,needs_review,53,OCR pending — status from structured verification
B10836,income_document,b10836_income_document.pdf,verified,54,Structured checks passed
B10836,salary_slip,b10836_salary_slip.pdf,verified,41,Structured checks passed
B10837,identity,b10837_identity.pdf,suspicious,83,OCR pending — status from structured verification
B10837,bank_statement,b10837_bank_statement.pdf,suspicious,72,OCR pending — status from structured verification
B10837,income_document,b10837_income_document.pdf,verified,83,Structured checks passed
B10838,identity,b10838_identity.pdf,verified,57,Structured checks passed
B10838,bank_statement,b10838_bank_statement.pdf,suspicious,45,OCR pending — status from structured verification
B10838,income_document,b10838_income_document.pdf,needs_review,46,OCR pending — status from structured verification
B10838,salary_slip,b10838_salary_slip.pdf,needs_review,57,OCR pending — status from structured verification
B10839,identity,b10839_identity.pdf,verified,90,Structured checks passed
B10839,bank_statement,b10839_bank_statement.pdf,verified,85,Structured checks passed
B10839,income_document,b10839_income_document.pdf,verified,85,Structured checks passed
B10839,business_document,b10839_business_document.pdf,verified,80,Structured checks passed
B10840,identity,b10840_identity.pdf,verified,77,Structured checks passed
B10840,bank_statement,b10840_bank_statement.pdf,verified,73,Structured checks passed
B10840,income_document,b10840_income_document.pdf,verified,70,Structured checks passed
B10841,identity,b10841_identity.pdf,verified,38,Structured checks passed
B10841,bank_statement,b10841_bank_statement.pdf,verified,26,Structured checks passed
B10841,income_document,b10841_income_document.pdf,verified,25,Structured checks passed
B10841,salary_slip,b10841_salary_slip.pdf,verified,38,Structured checks passed
B10842,identity,b10842_identity.pdf,verified,99,Structured checks passed
B10842,bank_statement,b10842_bank_statement.pdf,verified,86,Structured checks passed
B10842,income_document,b10842_income_document.pdf,verified,89,Structured checks passed
B10842,business_document,b10842_business_document.pdf,verified,99,Structured checks passed
B10843,identity,b10843_identity.pdf,verified,95,Structured checks passed
B10843,bank_statement,b10843_bank_statement.pdf,verified,86,Structured checks passed
B10843,income_document,b10843_income_document.pdf,verified,86,Structured checks passed
B10843,salary_slip,b10843_salary_slip.pdf,verified,99,Structured checks passed
B10844,identity,b10844_identity.pdf,verified,83,Structured checks passed
B10844,bank_statement,b10844_bank_statement.pdf,verified,85,Structured checks passed
B10844,income_document,b10844_income_document.pdf,verified,69,Structured checks passed
B10845,identity,b10845_identity.pdf,verified,65,Structured checks passed
B10845,bank_statement,b10845_bank_statement.pdf,needs_review,54,OCR pending — status from structured verification
B10845,income_document,b10845_income_document.pdf,verified,51,Structured checks passed
B10845,salary_slip,b10845_salary_slip.pdf,verified,68,Structured checks passed
B10846,identity,b10846_identity.pdf,verified,49,Structured checks passed
B10846,bank_statement,b10846_bank_statement.pdf,verified,50,Structured checks passed
B10846,income_document,b10846_income_document.pdf,verified,66,Structured checks passed
B10846,business_document,b10846_business_document.pdf,verified,52,Structured checks passed
B10847,identity,b10847_identity.pdf,verified,65,Structured checks passed
B10847,bank_statement,b10847_bank_statement.pdf,suspicious,72,OCR pending — status from structured verification
B10847,income_document,b10847_income_document.pdf,verified,75,Structured checks passed
B10847,business_document,b10847_business_document.pdf,suspicious,76,OCR pending — status from structured verification
B10848,identity,b10848_identity.pdf,verified,60,Structured checks passed
B10848,bank_statement,b10848_bank_statement.pdf,verified,61,Structured checks passed
B10848,income_document,b10848_income_document.pdf,verified,50,Structured checks passed
B10849,identity,b10849_identity.pdf,verified,66,Structured checks passed
B10849,bank_statement,b10849_bank_statement.pdf,verified,75,Structured checks passed
B10849,income_document,b10849_income_document.pdf,verified,70,Structured checks passed
B10849,business_document,b10849_business_document.pdf,verified,78,Structured checks passed
B10850,identity,b10850_identity.pdf,verified,58,Structured checks passed
B10850,bank_statement,b10850_bank_statement.pdf,verified,52,Structured checks passed
B10850,income_document,b10850_income_document.pdf,suspicious,56,OCR pending — status from structured verification
B10850,business_document,b10850_business_document.pdf,verified,71,Structured checks passed
B10851,identity,b10851_identity.pdf,verified,98,Structured checks passed
B10851,bank_statement,b10851_bank_statement.pdf,verified,95,Structured checks passed
B10851,income_document,b10851_income_document.pdf,verified,94,Structured checks passed
B10852,identity,b10852_identity.pdf,verified,78,Structured checks passed
B10852,bank_statement,b10852_bank_statement.pdf,verified,82,Structured checks passed
B10852,income_document,b10852_income_document.pdf,verified,73,Structured checks passed
B10853,identity,b10853_identity.pdf,needs_review,91,OCR pending — status from structured verification
B10853,bank_statement,b10853_bank_statement.pdf,verified,89,Structured checks passed
B10853,income_document,b10853_income_document.pdf,verified,96,Structured checks passed
B10854,identity,b10854_identity.pdf,verified,60,Structured checks passed
B10854,bank_statement,b10854_bank_statement.pdf,verified,67,Structured checks passed
B10854,income_document,b10854_income_document.pdf,verified,57,Structured checks passed
B10854,business_document,b10854_business_document.pdf,verified,57,Structured checks passed
B10855,identity,b10855_identity.pdf,verified,73,Structured checks passed
B10855,bank_statement,b10855_bank_statement.pdf,verified,73,Structured checks passed
B10855,income_document,b10855_income_document.pdf,verified,69,Structured checks passed
B10855,business_document,b10855_business_document.pdf,verified,57,Structured checks passed
B10856,identity,b10856_identity.pdf,verified,73,Structured checks passed
B10856,bank_statement,b10856_bank_statement.pdf,verified,75,Structured checks passed
B10856,income_document,b10856_income_document.pdf,needs_review,62,OCR pending — status from structured verification
B10857,identity,b10857_identity.pdf,suspicious,73,OCR pending — status from structured verification
B10857,bank_statement,b10857_bank_statement.pdf,verified,59,Structured checks passed
B10857,income_document,b10857_income_document.pdf,verified,55,Structured checks passed
B10858,identity,b10858_identity.pdf,verified,79,Structured checks passed
B10858,bank_statement,b10858_bank_statement.pdf,verified,74,Structured checks passed
B10858,income_document,b10858_income_document.pdf,verified,73,Structured checks passed
B10859,identity,b10859_identity.pdf,verified,73,Structured checks passed
B10859,bank_statement,b10859_bank_statement.pdf,verified,65,Structured checks passed
B10859,income_document,b10859_income_document.pdf,verified,72,Structured checks passed
B10860,identity,b10860_identity.pdf,verified,71,Structured checks passed
B10860,bank_statement,b10860_bank_statement.pdf,suspicious,62,OCR pending — status from structured verification
B10860,income_document,b10860_income_document.pdf,needs_review,65,OCR pending — status from structured verification
B10860,salary_slip,b10860_salary_slip.pdf,needs_review,71,OCR pending — status from structured verification
B10861,identity,b10861_identity.pdf,verified,57,Structured checks passed
B10861,bank_statement,b10861_bank_statement.pdf,suspicious,49,OCR pending — status from structured verification
B10861,income_document,b10861_income_document.pdf,verified,47,Structured checks passed
B10861,salary_slip,b10861_salary_slip.pdf,verified,51,Structured checks passed
B10862,identity,b10862_identity.pdf,verified,37,Structured checks passed
B10862,bank_statement,b10862_bank_statement.pdf,needs_review,36,OCR pending — status from structured verification
B10862,income_document,b10862_income_document.pdf,verified,36,Structured checks passed
B10863,identity,b10863_identity.pdf,verified,56,Structured checks passed
B10863,bank_statement,b10863_bank_statement.pdf,verified,59,Structured checks passed
B10863,income_document,b10863_income_document.pdf,needs_review,66,OCR pending — status from structured verification
B10864,identity,b10864_identity.pdf,suspicious,72,OCR pending — status from structured verification
B10864,bank_statement,b10864_bank_statement.pdf,suspicious,58,OCR pending — status from structured verification
B10864,income_document,b10864_income_document.pdf,suspicious,73,OCR pending — status from structured verification
B10865,identity,b10865_identity.pdf,verified,63,Structured checks passed
B10865,bank_statement,b10865_bank_statement.pdf,verified,65,Structured checks passed
B10865,income_document,b10865_income_document.pdf,verified,67,Structured checks passed
B10866,identity,b10866_identity.pdf,suspicious,43,OCR pending — status from structured verification
B10866,bank_statement,b10866_bank_statement.pdf,verified,51,Structured checks passed
B10866,income_document,b10866_income_document.pdf,needs_review,36,OCR pending — status from structured verification
B10867,identity,b10867_identity.pdf,verified,83,Structured checks passed
B10867,bank_statement,b10867_bank_statement.pdf,verified,97,Structured checks passed
B10867,income_document,b10867_income_document.pdf,verified,93,Structured checks passed
B10868,identity,b10868_identity.pdf,verified,91,Structured checks passed
B10868,bank_statement,b10868_bank_statement.pdf,verified,82,Structured checks passed
B10868,income_document,b10868_income_document.pdf,verified,96,Structured checks passed
B10869,identity,b10869_identity.pdf,verified,84,Structured checks passed
B10869,bank_statement,b10869_bank_statement.pdf,needs_review,86,OCR pending — status from structured verification
B10869,income_document,b10869_income_document.pdf,verified,82,Structured checks passed
B10869,business_document,b10869_business_document.pdf,needs_review,86,OCR pending — status from structured verification
B10870,identity,b10870_identity.pdf,verified,87,Structured checks passed
B10870,bank_statement,b10870_bank_statement.pdf,verified,99,Structured checks passed
B10870,income_document,b10870_income_document.pdf,verified,94,Structured checks passed
B10870,business_document,b10870_business_document.pdf,verified,82,Structured checks passed
B10871,identity,b10871_identity.pdf,suspicious,55,OCR pending — status from structured verification
B10871,bank_statement,b10871_bank_statement.pdf,suspicious,39,OCR pending — status from structured verification
B10871,income_document,b10871_income_document.pdf,needs_review,38,OCR pending — status from structured verification
B10871,salary_slip,b10871_salary_slip.pdf,needs_review,46,OCR pending — status from structured verification
B10872,identity,b10872_identity.pdf,needs_review,52,OCR pending — status from structured verification
B10872,bank_statement,b10872_bank_statement.pdf,suspicious,61,OCR pending — status from structured verification
B10872,income_document,b10872_income_document.pdf,verified,60,Structured checks passed
B10872,business_document,b10872_business_document.pdf,suspicious,56,OCR pending — status from structured verification
B10873,identity,b10873_identity.pdf,verified,62,Structured checks passed
B10873,bank_statement,b10873_bank_statement.pdf,verified,61,Structured checks passed
B10873,income_document,b10873_income_document.pdf,needs_review,49,OCR pending — status from structured verification
B10873,salary_slip,b10873_salary_slip.pdf,needs_review,61,OCR pending — status from structured verification
B10874,identity,b10874_identity.pdf,verified,68,Structured checks passed
B10874,bank_statement,b10874_bank_statement.pdf,suspicious,78,OCR pending — status from structured verification
B10874,income_document,b10874_income_document.pdf,verified,80,Structured checks passed
B10874,business_document,b10874_business_document.pdf,suspicious,68,OCR pending — status from structured verification
B10875,identity,b10875_identity.pdf,verified,76,Structured checks passed
B10875,bank_statement,b10875_bank_statement.pdf,verified,76,Structured checks passed
B10875,income_document,b10875_income_document.pdf,suspicious,81,OCR pending — status from structured verification
B10876,identity,b10876_identity.pdf,needs_review,65,OCR pending — status from structured verification
B10876,bank_statement,b10876_bank_statement.pdf,needs_review,83,OCR pending — status from structured verification
B10876,income_document,b10876_income_document.pdf,verified,70,Structured checks passed
B10877,identity,b10877_identity.pdf,verified,53,Structured checks passed
B10877,bank_statement,b10877_bank_statement.pdf,verified,53,Structured checks passed
B10877,income_document,b10877_income_document.pdf,verified,55,Structured checks passed
B10877,salary_slip,b10877_salary_slip.pdf,verified,64,Structured checks passed
B10878,identity,b10878_identity.pdf,verified,42,Structured checks passed
B10878,bank_statement,b10878_bank_statement.pdf,suspicious,41,OCR pending — status from structured verification
B10878,income_document,b10878_income_document.pdf,verified,50,Structured checks passed
B10878,salary_slip,b10878_salary_slip.pdf,verified,56,Structured checks passed
B10879,identity,b10879_identity.pdf,verified,67,Structured checks passed
B10879,bank_statement,b10879_bank_statement.pdf,verified,65,Structured checks passed
B10879,income_document,b10879_income_document.pdf,needs_review,60,OCR pending — status from structured verification
B10879,business_document,b10879_business_document.pdf,verified,68,Structured checks passed
B10880,identity,b10880_identity.pdf,verified,41,Structured checks passed
B10880,bank_statement,b10880_bank_statement.pdf,needs_review,50,OCR pending — status from structured verification
B10880,income_document,b10880_income_document.pdf,verified,47,Structured checks passed
B10880,salary_slip,b10880_salary_slip.pdf,verified,36,Structured checks passed
B10881,identity,b10881_identity.pdf,verified,61,Structured checks passed
B10881,bank_statement,b10881_bank_statement.pdf,needs_review,52,OCR pending — status from structured verification
B10881,income_document,b10881_income_document.pdf,needs_review,50,OCR pending — status from structured verification
B10881,salary_slip,b10881_salary_slip.pdf,needs_review,62,OCR pending — status from structured verification
B10882,identity,b10882_identity.pdf,verified,66,Structured checks passed
B10882,bank_statement,b10882_bank_statement.pdf,verified,66,Structured checks passed
B10882,income_document,b10882_income_document.pdf,verified,75,Structured checks passed
B10882,business_document,b10882_business_document.pdf,verified,74,Structured checks passed
B10883,identity,b10883_identity.pdf,verified,73,Structured checks passed
B10883,bank_statement,b10883_bank_statement.pdf,verified,67,Structured checks passed
B10883,income_document,b10883_income_document.pdf,verified,74,Structured checks passed
B10883,salary_slip,b10883_salary_slip.pdf,verified,71,Structured checks passed
B10884,identity,b10884_identity.pdf,needs_review,52,OCR pending — status from structured verification
B10884,bank_statement,b10884_bank_statement.pdf,verified,44,Structured checks passed
B10884,income_document,b10884_income_document.pdf,verified,40,Structured checks passed
B10884,business_document,b10884_business_document.pdf,verified,54,Structured checks passed
B10885,identity,b10885_identity.pdf,suspicious,49,OCR pending — status from structured verification
B10885,bank_statement,b10885_bank_statement.pdf,suspicious,51,OCR pending — status from structured verification
B10885,income_document,b10885_income_document.pdf,needs_review,61,OCR pending — status from structured verification
B10886,identity,b10886_identity.pdf,verified,99,Structured checks passed
B10886,bank_statement,b10886_bank_statement.pdf,verified,96,Structured checks passed
B10886,income_document,b10886_income_document.pdf,verified,94,Structured checks passed
B10886,salary_slip,b10886_salary_slip.pdf,verified,90,Structured checks passed
B10887,identity,b10887_identity.pdf,suspicious,58,OCR pending — status from structured verification
B10887,bank_statement,b10887_bank_statement.pdf,verified,65,Structured checks passed
B10887,income_document,b10887_income_document.pdf,verified,66,Structured checks passed
B10888,identity,b10888_identity.pdf,suspicious,59,OCR pending — status from structured verification
B10888,bank_statement,b10888_bank_statement.pdf,verified,44,Structured checks passed
B10888,income_document,b10888_income_document.pdf,suspicious,46,OCR pending — status from structured verification
B10889,identity,b10889_identity.pdf,verified,57,Structured checks passed
B10889,bank_statement,b10889_bank_statement.pdf,needs_review,48,OCR pending — status from structured verification
B10889,income_document,b10889_income_document.pdf,suspicious,57,OCR pending — status from structured verification
B10890,identity,b10890_identity.pdf,verified,42,Structured checks passed
B10890,bank_statement,b10890_bank_statement.pdf,verified,38,Structured checks passed
B10890,income_document,b10890_income_document.pdf,verified,42,Structured checks passed
B10890,salary_slip,b10890_salary_slip.pdf,verified,45,Structured checks passed
B10891,identity,b10891_identity.pdf,verified,67,Structured checks passed
B10891,bank_statement,b10891_bank_statement.pdf,verified,64,Structured checks passed
B10891,income_document,b10891_income_document.pdf,verified,57,Structured checks passed
B10891,business_document,b10891_business_document.pdf,verified,64,Structured checks passed
B10892,identity,b10892_identity.pdf,suspicious,50,OCR pending — status from structured verification
B10892,bank_statement,b10892_bank_statement.pdf,verified,51,Structured checks passed
B10892,income_document,b10892_income_document.pdf,verified,37,Structured checks passed
B10892,salary_slip,b10892_salary_slip.pdf,verified,44,Structured checks passed
B10893,identity,b10893_identity.pdf,verified,62,Structured checks passed
B10893,bank_statement,b10893_bank_statement.pdf,verified,62,Structured checks passed
B10893,income_document,b10893_income_document.pdf,verified,60,Structured checks passed
B10893,business_document,b10893_business_document.pdf,verified,71,Structured checks passed
B10894,identity,b10894_identity.pdf,needs_review,85,OCR pending — status from structured verification
B10894,bank_statement,b10894_bank_statement.pdf,verified,84,Structured checks passed
B10894,income_document,b10894_income_document.pdf,needs_review,86,OCR pending — status from structured verification
B10895,identity,b10895_identity.pdf,needs_review,40,OCR pending — status from structured verification
B10895,bank_statement,b10895_bank_statement.pdf,verified,38,Structured checks passed
B10895,income_document,b10895_income_document.pdf,verified,51,Structured checks passed
B10895,business_document,b10895_business_document.pdf,verified,33,Structured checks passed
B10896,identity,b10896_identity.pdf,verified,39,Structured checks passed
B10896,bank_statement,b10896_bank_statement.pdf,needs_review,56,OCR pending — status from structured verification
B10896,income_document,b10896_income_document.pdf,needs_review,49,OCR pending — status from structured verification
B10897,identity,b10897_identity.pdf,verified,66,Structured checks passed
B10897,bank_statement,b10897_bank_statement.pdf,verified,76,Structured checks passed
B10897,income_document,b10897_income_document.pdf,verified,56,Structured checks passed
B10897,salary_slip,b10897_salary_slip.pdf,verified,57,Structured checks passed
B10898,identity,b10898_identity.pdf,needs_review,47,OCR pending — status from structured verification
B10898,bank_statement,b10898_bank_statement.pdf,verified,41,Structured checks passed
B10898,income_document,b10898_income_document.pdf,verified,57,Structured checks passed
B10898,salary_slip,b10898_salary_slip.pdf,verified,49,Structured checks passed
B10899,identity,b10899_identity.pdf,verified,66,Structured checks passed
B10899,bank_statement,b10899_bank_statement.pdf,verified,81,Structured checks passed
B10899,income_document,b10899_income_document.pdf,verified,75,Structured checks passed
B10899,business_document,b10899_business_document.pdf,verified,84,Structured checks passed
B10900,identity,b10900_identity.pdf,verified,82,Structured checks passed
B10900,bank_statement,b10900_bank_statement.pdf,verified,99,Structured checks passed
B10900,income_document,b10900_income_document.pdf,verified,82,Structured checks passed
B10901,identity,b10901_identity.pdf,needs_review,58,OCR pending — status from structured verification
B10901,bank_statement,b10901_bank_statement.pdf,suspicious,76,OCR pending — status from structured verification
B10901,income_document,b10901_income_document.pdf,needs_review,65,OCR pending — status from structured verification
B10902,identity,b10902_identity.pdf,verified,71,Structured checks passed
B10902,bank_statement,b10902_bank_statement.pdf,verified,70,Structured checks passed
B10902,income_document,b10902_income_document.pdf,verified,74,Structured checks passed
B10903,identity,b10903_identity.pdf,needs_review,60,OCR pending — status from structured verification
B10903,bank_statement,b10903_bank_statement.pdf,verified,61,Structured checks passed
B10903,income_document,b10903_income_document.pdf,needs_review,54,OCR pending — status from structured verification
B10904,identity,b10904_identity.pdf,verified,89,Structured checks passed
B10904,bank_statement,b10904_bank_statement.pdf,verified,72,Structured checks passed
B10904,income_document,b10904_income_document.pdf,verified,86,Structured checks passed
B10905,identity,b10905_identity.pdf,needs_review,55,OCR pending — status from structured verification
B10905,bank_statement,b10905_bank_statement.pdf,verified,53,Structured checks passed
B10905,income_document,b10905_income_document.pdf,needs_review,50,OCR pending — status from structured verification
B10905,business_document,b10905_business_document.pdf,verified,50,Structured checks passed
B10906,identity,b10906_identity.pdf,verified,44,Structured checks passed
B10906,bank_statement,b10906_bank_statement.pdf,needs_review,44,OCR pending — status from structured verification
B10906,income_document,b10906_income_document.pdf,verified,49,Structured checks passed
B10906,business_document,b10906_business_document.pdf,needs_review,43,OCR pending — status from structured verification
B10907,identity,b10907_identity.pdf,verified,82,Structured checks passed
B10907,bank_statement,b10907_bank_statement.pdf,verified,69,Structured checks passed
B10907,income_document,b10907_income_document.pdf,verified,70,Structured checks passed
B10907,salary_slip,b10907_salary_slip.pdf,verified,74,Structured checks passed
B10908,identity,b10908_identity.pdf,needs_review,94,OCR pending — status from structured verification
B10908,bank_statement,b10908_bank_statement.pdf,verified,99,Structured checks passed
B10908,income_document,b10908_income_document.pdf,verified,95,Structured checks passed
B10909,identity,b10909_identity.pdf,verified,36,Structured checks passed
B10909,bank_statement,b10909_bank_statement.pdf,verified,35,Structured checks passed
B10909,income_document,b10909_income_document.pdf,verified,47,Structured checks passed
B10910,identity,b10910_identity.pdf,verified,79,Structured checks passed
B10910,bank_statement,b10910_bank_statement.pdf,verified,76,Structured checks passed
B10910,income_document,b10910_income_document.pdf,verified,90,Structured checks passed
B10911,identity,b10911_identity.pdf,suspicious,54,OCR pending — status from structured verification
B10911,bank_statement,b10911_bank_statement.pdf,verified,55,Structured checks passed
B10911,income_document,b10911_income_document.pdf,suspicious,58,OCR pending — status from structured verification
B10912,identity,b10912_identity.pdf,verified,79,Structured checks passed
B10912,bank_statement,b10912_bank_statement.pdf,verified,91,Structured checks passed
B10912,income_document,b10912_income_document.pdf,verified,85,Structured checks passed
B10912,salary_slip,b10912_salary_slip.pdf,verified,92,Structured checks passed
B10913,identity,b10913_identity.pdf,verified,56,Structured checks passed
B10913,bank_statement,b10913_bank_statement.pdf,verified,55,Structured checks passed
B10913,income_document,b10913_income_document.pdf,needs_review,63,OCR pending — status from structured verification
B10913,salary_slip,b10913_salary_slip.pdf,needs_review,61,OCR pending — status from structured verification
B10914,identity,b10914_identity.pdf,suspicious,60,OCR pending — status from structured verification
B10914,bank_statement,b10914_bank_statement.pdf,needs_review,56,OCR pending — status from structured verification
B10914,income_document,b10914_income_document.pdf,verified,46,Structured checks passed
B10914,salary_slip,b10914_salary_slip.pdf,verified,54,Structured checks passed
B10915,identity,b10915_identity.pdf,verified,73,Structured checks passed
B10915,bank_statement,b10915_bank_statement.pdf,verified,69,Structured checks passed
B10915,income_document,b10915_income_document.pdf,needs_review,70,OCR pending — status from structured verification
B10916,identity,b10916_identity.pdf,suspicious,37,OCR pending — status from structured verification
B10916,bank_statement,b10916_bank_statement.pdf,needs_review,47,OCR pending — status from structured verification
B10916,income_document,b10916_income_document.pdf,needs_review,38,OCR pending — status from structured verification
B10917,identity,b10917_identity.pdf,suspicious,50,OCR pending — status from structured verification
B10917,bank_statement,b10917_bank_statement.pdf,suspicious,51,OCR pending — status from structured verification
B10917,income_document,b10917_income_document.pdf,needs_review,46,OCR pending — status from structured verification
B10917,salary_slip,b10917_salary_slip.pdf,needs_review,65,OCR pending — status from structured verification
B10918,identity,b10918_identity.pdf,verified,69,Structured checks passed
B10918,bank_statement,b10918_bank_statement.pdf,verified,66,Structured checks passed
B10918,income_document,b10918_income_document.pdf,verified,80,Structured checks passed
B10918,salary_slip,b10918_salary_slip.pdf,verified,73,Structured checks passed
B10919,identity,b10919_identity.pdf,needs_review,78,OCR pending — status from structured verification
B10919,bank_statement,b10919_bank_statement.pdf,verified,70,Structured checks passed
B10919,income_document,b10919_income_document.pdf,verified,82,Structured checks passed
B10920,identity,b10920_identity.pdf,needs_review,64,OCR pending — status from structured verification
B10920,bank_statement,b10920_bank_statement.pdf,verified,62,Structured checks passed
B10920,income_document,b10920_income_document.pdf,verified,75,Structured checks passed
B10920,salary_slip,b10920_salary_slip.pdf,verified,73,Structured checks passed
B10921,identity,b10921_identity.pdf,verified,38,Structured checks passed
B10921,bank_statement,b10921_bank_statement.pdf,verified,38,Structured checks passed
B10921,income_document,b10921_income_document.pdf,verified,44,Structured checks passed
B10921,business_document,b10921_business_document.pdf,verified,56,Structured checks passed
B10922,identity,b10922_identity.pdf,verified,99,Structured checks passed
B10922,bank_statement,b10922_bank_statement.pdf,verified,89,Structured checks passed
B10922,income_document,b10922_income_document.pdf,verified,96,Structured checks passed
B10922,salary_slip,b10922_salary_slip.pdf,verified,92,Structured checks passed
B10923,identity,b10923_identity.pdf,verified,27,Structured checks passed
B10923,bank_statement,b10923_bank_statement.pdf,verified,22,Structured checks passed
B10923,income_document,b10923_income_document.pdf,verified,34,Structured checks passed
B10924,identity,b10924_identity.pdf,verified,52,Structured checks passed
B10924,bank_statement,b10924_bank_statement.pdf,verified,49,Structured checks passed
B10924,income_document,b10924_income_document.pdf,verified,67,Structured checks passed
B10924,salary_slip,b10924_salary_slip.pdf,verified,49,Structured checks passed
B10925,identity,b10925_identity.pdf,verified,58,Structured checks passed
B10925,bank_statement,b10925_bank_statement.pdf,verified,49,Structured checks passed
B10925,income_document,b10925_income_document.pdf,needs_review,54,OCR pending — status from structured verification
B10925,business_document,b10925_business_document.pdf,verified,61,Structured checks passed
B10926,identity,b10926_identity.pdf,verified,59,Structured checks passed
B10926,bank_statement,b10926_bank_statement.pdf,suspicious,46,OCR pending — status from structured verification
B10926,income_document,b10926_income_document.pdf,verified,62,Structured checks passed
B10926,business_document,b10926_business_document.pdf,suspicious,43,OCR pending — status from structured verification
B10927,identity,b10927_identity.pdf,verified,43,Structured checks passed
B10927,bank_statement,b10927_bank_statement.pdf,needs_review,48,OCR pending — status from structured verification
B10927,income_document,b10927_income_document.pdf,suspicious,61,OCR pending — status from structured verification
B10928,identity,b10928_identity.pdf,verified,89,Structured checks passed
B10928,bank_statement,b10928_bank_statement.pdf,verified,89,Structured checks passed
B10928,income_document,b10928_income_document.pdf,verified,84,Structured checks passed
B10928,salary_slip,b10928_salary_slip.pdf,verified,73,Structured checks passed
B10929,identity,b10929_identity.pdf,verified,79,Structured checks passed
B10929,bank_statement,b10929_bank_statement.pdf,verified,79,Structured checks passed
B10929,income_document,b10929_income_document.pdf,verified,68,Structured checks passed
B10930,identity,b10930_identity.pdf,verified,57,Structured checks passed
B10930,bank_statement,b10930_bank_statement.pdf,verified,69,Structured checks passed
B10930,income_document,b10930_income_document.pdf,verified,53,Structured checks passed
B10931,identity,b10931_identity.pdf,verified,76,Structured checks passed
B10931,bank_statement,b10931_bank_statement.pdf,needs_review,65,OCR pending — status from structured verification
B10931,income_document,b10931_income_document.pdf,needs_review,68,OCR pending — status from structured verification
B10931,salary_slip,b10931_salary_slip.pdf,needs_review,77,OCR pending — status from structured verification
B10932,identity,b10932_identity.pdf,verified,40,Structured checks passed
B10932,bank_statement,b10932_bank_statement.pdf,verified,37,Structured checks passed
B10932,income_document,b10932_income_document.pdf,verified,53,Structured checks passed
B10932,business_document,b10932_business_document.pdf,verified,52,Structured checks passed
B10933,identity,b10933_identity.pdf,needs_review,50,OCR pending — status from structured verification
B10933,bank_statement,b10933_bank_statement.pdf,needs_review,56,OCR pending — status from structured verification
B10933,income_document,b10933_income_document.pdf,verified,45,Structured checks passed
B10933,business_document,b10933_business_document.pdf,needs_review,54,OCR pending — status from structured verification
B10934,identity,b10934_identity.pdf,verified,75,Structured checks passed
B10934,bank_statement,b10934_bank_statement.pdf,verified,77,Structured checks passed
B10934,income_document,b10934_income_document.pdf,needs_review,71,OCR pending — status from structured verification
B10935,identity,b10935_identity.pdf,suspicious,27,OCR pending — status from structured verification
B10935,bank_statement,b10935_bank_statement.pdf,verified,27,Structured checks passed
B10935,income_document,b10935_income_document.pdf,verified,20,Structured checks passed
B10936,identity,b10936_identity.pdf,verified,61,Structured checks passed
B10936,bank_statement,b10936_bank_statement.pdf,verified,56,Structured checks passed
B10936,income_document,b10936_income_document.pdf,verified,59,Structured checks passed
B10936,business_document,b10936_business_document.pdf,verified,59,Structured checks passed
B10937,identity,b10937_identity.pdf,verified,95,Structured checks passed
B10937,bank_statement,b10937_bank_statement.pdf,verified,88,Structured checks passed
B10937,income_document,b10937_income_document.pdf,verified,93,Structured checks passed
B10937,salary_slip,b10937_salary_slip.pdf,verified,83,Structured checks passed
B10938,identity,b10938_identity.pdf,needs_review,61,OCR pending — status from structured verification
B10938,bank_statement,b10938_bank_statement.pdf,verified,66,Structured checks passed
B10938,income_document,b10938_income_document.pdf,verified,69,Structured checks passed
B10938,salary_slip,b10938_salary_slip.pdf,verified,67,Structured checks passed
B10939,identity,b10939_identity.pdf,suspicious,33,OCR pending — status from structured verification
B10939,bank_statement,b10939_bank_statement.pdf,suspicious,38,OCR pending — status from structured verification
B10939,income_document,b10939_income_document.pdf,needs_review,42,OCR pending — status from structured verification
B10940,identity,b10940_identity.pdf,verified,79,Structured checks passed
B10940,bank_statement,b10940_bank_statement.pdf,verified,78,Structured checks passed
B10940,income_document,b10940_income_document.pdf,verified,83,Structured checks passed
B10941,identity,b10941_identity.pdf,needs_review,75,OCR pending — status from structured verification
B10941,bank_statement,b10941_bank_statement.pdf,needs_review,67,OCR pending — status from structured verification
B10941,income_document,b10941_income_document.pdf,verified,79,Structured checks passed
B10942,identity,b10942_identity.pdf,verified,58,Structured checks passed
B10942,bank_statement,b10942_bank_statement.pdf,suspicious,65,OCR pending — status from structured verification
B10942,income_document,b10942_income_document.pdf,suspicious,63,OCR pending — status from structured verification
B10943,identity,b10943_identity.pdf,verified,76,Structured checks passed
B10943,bank_statement,b10943_bank_statement.pdf,verified,82,Structured checks passed
B10943,income_document,b10943_income_document.pdf,verified,84,Structured checks passed
B10944,identity,b10944_identity.pdf,verified,94,Structured checks passed
B10944,bank_statement,b10944_bank_statement.pdf,verified,81,Structured checks passed
B10944,income_document,b10944_income_document.pdf,verified,92,Structured checks passed
B10944,salary_slip,b10944_salary_slip.pdf,verified,81,Structured checks passed
B10945,identity,b10945_identity.pdf,verified,42,Structured checks passed
B10945,bank_statement,b10945_bank_statement.pdf,verified,49,Structured checks passed
B10945,income_document,b10945_income_document.pdf,verified,43,Structured checks passed
B10946,identity,b10946_identity.pdf,verified,76,Structured checks passed
B10946,bank_statement,b10946_bank_statement.pdf,verified,90,Structured checks passed
B10946,income_document,b10946_income_document.pdf,verified,91,Structured checks passed
B10946,business_document,b10946_business_document.pdf,verified,78,Structured checks passed
B10947,identity,b10947_identity.pdf,verified,58,Structured checks passed
B10947,bank_statement,b10947_bank_statement.pdf,needs_review,59,OCR pending — status from structured verification
B10947,income_document,b10947_income_document.pdf,verified,55,Structured checks passed
B10947,business_document,b10947_business_document.pdf,needs_review,58,OCR pending — status from structured verification
B10948,identity,b10948_identity.pdf,verified,57,Structured checks passed
B10948,bank_statement,b10948_bank_statement.pdf,verified,57,Structured checks passed
B10948,income_document,b10948_income_document.pdf,verified,65,Structured checks passed
B10949,identity,b10949_identity.pdf,verified,38,Structured checks passed
B10949,bank_statement,b10949_bank_statement.pdf,needs_review,35,OCR pending — status from structured verification
B10949,income_document,b10949_income_document.pdf,verified,47,Structured checks passed
B10949,salary_slip,b10949_salary_slip.pdf,verified,40,Structured checks passed
B10950,identity,b10950_identity.pdf,verified,99,Structured checks passed
B10950,bank_statement,b10950_bank_statement.pdf,verified,99,Structured checks passed
B10950,income_document,b10950_income_document.pdf,needs_review,99,OCR pending — status from structured verification
B10950,salary_slip,b10950_salary_slip.pdf,needs_review,84,OCR pending — status from structured verification
B10951,identity,b10951_identity.pdf,verified,71,Structured checks passed
B10951,bank_statement,b10951_bank_statement.pdf,verified,78,Structured checks passed
B10951,income_document,b10951_income_document.pdf,needs_review,70,OCR pending — status from structured verification
B10951,business_document,b10951_business_document.pdf,verified,82,Structured checks passed
B10952,identity,b10952_identity.pdf,suspicious,33,OCR pending — status from structured verification
B10952,bank_statement,b10952_bank_statement.pdf,verified,48,Structured checks passed
B10952,income_document,b10952_income_document.pdf,verified,31,Structured checks passed
B10953,identity,b10953_identity.pdf,verified,58,Structured checks passed
B10953,bank_statement,b10953_bank_statement.pdf,needs_review,63,OCR pending — status from structured verification
B10953,income_document,b10953_income_document.pdf,verified,57,Structured checks passed
B10953,salary_slip,b10953_salary_slip.pdf,verified,47,Structured checks passed
B10954,identity,b10954_identity.pdf,verified,62,Structured checks passed
B10954,bank_statement,b10954_bank_statement.pdf,verified,57,Structured checks passed
B10954,income_document,b10954_income_document.pdf,verified,52,Structured checks passed
B10954,salary_slip,b10954_salary_slip.pdf,verified,57,Structured checks passed
B10955,identity,b10955_identity.pdf,verified,72,Structured checks passed
B10955,bank_statement,b10955_bank_statement.pdf,suspicious,66,OCR pending — status from structured verification
B10955,income_document,b10955_income_document.pdf,verified,64,Structured checks passed
B10955,business_document,b10955_business_document.pdf,suspicious,74,OCR pending — status from structured verification
B10956,identity,b10956_identity.pdf,verified,63,Structured checks passed
B10956,bank_statement,b10956_bank_statement.pdf,verified,63,Structured checks passed
B10956,income_document,b10956_income_document.pdf,verified,64,Structured checks passed
B10956,salary_slip,b10956_salary_slip.pdf,verified,69,Structured checks passed
B10957,identity,b10957_identity.pdf,verified,69,Structured checks passed
B10957,bank_statement,b10957_bank_statement.pdf,verified,67,Structured checks passed
B10957,income_document,b10957_income_document.pdf,verified,65,Structured checks passed
B10957,salary_slip,b10957_salary_slip.pdf,verified,61,Structured checks passed
B10958,identity,b10958_identity.pdf,verified,72,Structured checks passed
B10958,bank_statement,b10958_bank_statement.pdf,needs_review,60,OCR pending — status from structured verification
B10958,income_document,b10958_income_document.pdf,verified,75,Structured checks passed
B10958,business_document,b10958_business_document.pdf,needs_review,75,OCR pending — status from structured verification
B10959,identity,b10959_identity.pdf,needs_review,65,OCR pending — status from structured verification
B10959,bank_statement,b10959_bank_statement.pdf,verified,53,Structured checks passed
B10959,income_document,b10959_income_document.pdf,verified,55,Structured checks passed
B10960,identity,b10960_identity.pdf,verified,50,Structured checks passed
B10960,bank_statement,b10960_bank_statement.pdf,needs_review,63,OCR pending — status from structured verification
B10960,income_document,b10960_income_document.pdf,verified,64,Structured checks passed
B10961,identity,b10961_identity.pdf,verified,69,Structured checks passed
B10961,bank_statement,b10961_bank_statement.pdf,verified,63,Structured checks passed
B10961,income_document,b10961_income_document.pdf,needs_review,69,OCR pending — status from structured verification
B10962,identity,b10962_identity.pdf,verified,75,Structured checks passed
B10962,bank_statement,b10962_bank_statement.pdf,verified,63,Structured checks passed
B10962,income_document,b10962_income_document.pdf,verified,76,Structured checks passed
B10962,business_document,b10962_business_document.pdf,verified,72,Structured checks passed
B10963,identity,b10963_identity.pdf,verified,80,Structured checks passed
B10963,bank_statement,b10963_bank_statement.pdf,verified,72,Structured checks passed
B10963,income_document,b10963_income_document.pdf,verified,72,Structured checks passed
B10964,identity,b10964_identity.pdf,verified,85,Structured checks passed
B10964,bank_statement,b10964_bank_statement.pdf,verified,69,Structured checks passed
B10964,income_document,b10964_income_document.pdf,verified,81,Structured checks passed
B10965,identity,b10965_identity.pdf,verified,74,Structured checks passed
B10965,bank_statement,b10965_bank_statement.pdf,verified,89,Structured checks passed
B10965,income_document,b10965_income_document.pdf,verified,83,Structured checks passed
B10966,identity,b10966_identity.pdf,verified,72,Structured checks passed
B10966,bank_statement,b10966_bank_statement.pdf,verified,66,Structured checks passed
B10966,income_document,b10966_income_document.pdf,verified,62,Structured checks passed
B10966,business_document,b10966_business_document.pdf,verified,63,Structured checks passed
B10967,identity,b10967_identity.pdf,verified,88,Structured checks passed
B10967,bank_statement,b10967_bank_statement.pdf,verified,91,Structured checks passed
B10967,income_document,b10967_income_document.pdf,verified,99,Structured checks passed
B10967,salary_slip,b10967_salary_slip.pdf,verified,95,Structured checks passed
B10968,identity,b10968_identity.pdf,verified,68,Structured checks passed
B10968,bank_statement,b10968_bank_statement.pdf,verified,57,Structured checks passed
B10968,income_document,b10968_income_document.pdf,needs_review,59,OCR pending — status from structured verification
B10968,salary_slip,b10968_salary_slip.pdf,needs_review,58,OCR pending — status from structured verification
B10969,identity,b10969_identity.pdf,verified,55,Structured checks passed
B10969,bank_statement,b10969_bank_statement.pdf,verified,61,Structured checks passed
B10969,income_document,b10969_income_document.pdf,suspicious,70,OCR pending — status from structured verification
B10970,identity,b10970_identity.pdf,verified,67,Structured checks passed
B10970,bank_statement,b10970_bank_statement.pdf,verified,70,Structured checks passed
B10970,income_document,b10970_income_document.pdf,verified,70,Structured checks passed
B10971,identity,b10971_identity.pdf,verified,58,Structured checks passed
B10971,bank_statement,b10971_bank_statement.pdf,verified,61,Structured checks passed
B10971,income_document,b10971_income_document.pdf,verified,58,Structured checks passed
B10971,business_document,b10971_business_document.pdf,verified,50,Structured checks passed
B10972,identity,b10972_identity.pdf,suspicious,79,OCR pending — status from structured verification
B10972,bank_statement,b10972_bank_statement.pdf,suspicious,65,OCR pending — status from structured verification
B10972,income_document,b10972_income_document.pdf,suspicious,62,OCR pending — status from structured verification
B10973,identity,b10973_identity.pdf,verified,63,Structured checks passed
B10973,bank_statement,b10973_bank_statement.pdf,needs_review,61,OCR pending — status from structured verification
B10973,income_document,b10973_income_document.pdf,needs_review,47,OCR pending — status from structured verification
B10973,salary_slip,b10973_salary_slip.pdf,needs_review,59,OCR pending — status from structured verification
B10974,identity,b10974_identity.pdf,verified,63,Structured checks passed
B10974,bank_statement,b10974_bank_statement.pdf,needs_review,72,OCR pending — status from structured verification
B10974,income_document,b10974_income_document.pdf,verified,65,Structured checks passed
B10974,business_document,b10974_business_document.pdf,needs_review,61,OCR pending — status from structured verification
B10975,identity,b10975_identity.pdf,needs_review,69,OCR pending — status from structured verification
B10975,bank_statement,b10975_bank_statement.pdf,verified,75,Structured checks passed
B10975,income_document,b10975_income_document.pdf,verified,77,Structured checks passed
B10975,business_document,b10975_business_document.pdf,verified,68,Structured checks passed
B10976,identity,b10976_identity.pdf,verified,90,Structured checks passed
B10976,bank_statement,b10976_bank_statement.pdf,verified,92,Structured checks passed
B10976,income_document,b10976_income_document.pdf,verified,84,Structured checks passed
B10977,identity,b10977_identity.pdf,verified,95,Structured checks passed
B10977,bank_statement,b10977_bank_statement.pdf,verified,92,Structured checks passed
B10977,income_document,b10977_income_document.pdf,verified,90,Structured checks passed
B10977,salary_slip,b10977_salary_slip.pdf,verified,99,Structured checks passed
B10978,identity,b10978_identity.pdf,verified,58,Structured checks passed
B10978,bank_statement,b10978_bank_statement.pdf,verified,74,Structured checks passed
B10978,income_document,b10978_income_document.pdf,verified,69,Structured checks passed
B10978,salary_slip,b10978_salary_slip.pdf,verified,62,Structured checks passed
B10979,identity,b10979_identity.pdf,suspicious,68,OCR pending — status from structured verification
B10979,bank_statement,b10979_bank_statement.pdf,needs_review,74,OCR pending — status from structured verification
B10979,income_document,b10979_income_document.pdf,suspicious,71,OCR pending — status from structured verification
B10980,identity,b10980_identity.pdf,verified,56,Structured checks passed
B10980,bank_statement,b10980_bank_statement.pdf,verified,63,Structured checks passed
B10980,income_document,b10980_income_document.pdf,needs_review,52,OCR pending — status from structured verification
B10980,business_document,b10980_business_document.pdf,verified,69,Structured checks passed
B10981,identity,b10981_identity.pdf,verified,81,Structured checks passed
B10981,bank_statement,b10981_bank_statement.pdf,verified,65,Structured checks passed
B10981,income_document,b10981_income_document.pdf,verified,66,Structured checks passed
B10982,identity,b10982_identity.pdf,verified,90,Structured checks passed
B10982,bank_statement,b10982_bank_statement.pdf,needs_review,96,OCR pending — status from structured verification
B10982,income_document,b10982_income_document.pdf,verified,90,Structured checks passed
B10982,salary_slip,b10982_salary_slip.pdf,verified,88,Structured checks passed
B10983,identity,b10983_identity.pdf,verified,59,Structured checks passed
B10983,bank_statement,b10983_bank_statement.pdf,suspicious,52,OCR pending — status from structured verification
B10983,income_document,b10983_income_document.pdf,needs_review,41,OCR pending — status from structured verification
B10983,business_document,b10983_business_document.pdf,suspicious,52,OCR pending — status from structured verification
B10984,identity,b10984_identity.pdf,suspicious,68,OCR pending — status from structured verification
B10984,bank_statement,b10984_bank_statement.pdf,verified,68,Structured checks passed
B10984,income_document,b10984_income_document.pdf,suspicious,78,OCR pending — status from structured verification
B10984,salary_slip,b10984_salary_slip.pdf,suspicious,61,OCR pending — status from structured verification
B10985,identity,b10985_identity.pdf,verified,93,Structured checks passed
B10985,bank_statement,b10985_bank_statement.pdf,verified,87,Structured checks passed
B10985,income_document,b10985_income_document.pdf,verified,95,Structured checks passed
B10985,salary_slip,b10985_salary_slip.pdf,verified,88,Structured checks passed
B10986,identity,b10986_identity.pdf,verified,52,Structured checks passed
B10986,bank_statement,b10986_bank_statement.pdf,verified,56,Structured checks passed
B10986,income_document,b10986_income_document.pdf,suspicious,61,OCR pending — status from structured verification
B10986,salary_slip,b10986_salary_slip.pdf,suspicious,56,OCR pending — status from structured verification
B10987,identity,b10987_identity.pdf,verified,78,Structured checks passed
B10987,bank_statement,b10987_bank_statement.pdf,verified,72,Structured checks passed
B10987,income_document,b10987_income_document.pdf,needs_review,82,OCR pending — status from structured verification
B10988,identity,b10988_identity.pdf,verified,51,Structured checks passed
B10988,bank_statement,b10988_bank_statement.pdf,verified,36,Structured checks passed
B10988,income_document,b10988_income_document.pdf,suspicious,32,OCR pending — status from structured verification
B10988,salary_slip,b10988_salary_slip.pdf,suspicious,37,OCR pending — status from structured verification
B10989,identity,b10989_identity.pdf,verified,75,Structured checks passed
B10989,bank_statement,b10989_bank_statement.pdf,verified,63,Structured checks passed
B10989,income_document,b10989_income_document.pdf,verified,64,Structured checks passed
B10989,business_document,b10989_business_document.pdf,verified,67,Structured checks passed
B10990,identity,b10990_identity.pdf,needs_review,54,OCR pending — status from structured verification
B10990,bank_statement,b10990_bank_statement.pdf,verified,67,Structured checks passed
B10990,income_document,b10990_income_document.pdf,verified,64,Structured checks passed
B10991,identity,b10991_identity.pdf,verified,63,Structured checks passed
B10991,bank_statement,b10991_bank_statement.pdf,suspicious,48,OCR pending — status from structured verification
B10991,income_document,b10991_income_document.pdf,suspicious,53,OCR pending — status from structured verification
B10992,identity,b10992_identity.pdf,verified,37,Structured checks passed
B10992,bank_statement,b10992_bank_statement.pdf,verified,51,Structured checks passed
B10992,income_document,b10992_income_document.pdf,verified,36,Structured checks passed
B10992,salary_slip,b10992_salary_slip.pdf,verified,34,Structured checks passed
B10993,identity,b10993_identity.pdf,verified,81,Structured checks passed
B10993,bank_statement,b10993_bank_statement.pdf,verified,98,Structured checks passed
B10993,income_document,b10993_income_document.pdf,needs_review,84,OCR pending — status from structured verification
B10993,business_document,b10993_business_document.pdf,verified,99,Structured checks passed
B10994,identity,b10994_identity.pdf,verified,94,Structured checks passed
B10994,bank_statement,b10994_bank_statement.pdf,verified,99,Structured checks passed
B10994,income_document,b10994_income_document.pdf,needs_review,95,OCR pending — status from structured verification
B10995,identity,b10995_identity.pdf,verified,58,Structured checks passed
B10995,bank_statement,b10995_bank_statement.pdf,verified,55,Structured checks passed
B10995,income_document,b10995_income_document.pdf,verified,59,Structured checks passed
B10996,identity,b10996_identity.pdf,needs_review,77,OCR pending — status from structured verification
B10996,bank_statement,b10996_bank_statement.pdf,verified,69,Structured checks passed
B10996,income_document,b10996_income_document.pdf,needs_review,61,OCR pending — status from structured verification
B10996,business_document,b10996_business_document.pdf,verified,66,Structured checks passed
B10997,identity,b10997_identity.pdf,verified,67,Structured checks passed
B10997,bank_statement,b10997_bank_statement.pdf,suspicious,62,OCR pending — status from structured verification
B10997,income_document,b10997_income_document.pdf,verified,62,Structured checks passed
B10997,salary_slip,b10997_salary_slip.pdf,verified,58,Structured checks passed
B10998,identity,b10998_identity.pdf,verified,88,Structured checks passed
B10998,bank_statement,b10998_bank_statement.pdf,verified,99,Structured checks passed
B10998,income_document,b10998_income_document.pdf,verified,99,Structured checks passed
B10998,salary_slip,b10998_salary_slip.pdf,verified,99,Structured checks passed
B10999,identity,b10999_identity.pdf,verified,75,Structured checks passed
B10999,bank_statement,b10999_bank_statement.pdf,verified,70,Structured checks passed
B10999,income_document,b10999_income_document.pdf,verified,79,Structured checks passed
B10999,salary_slip,b10999_salary_slip.pdf,verified,77,Structured checks passed
B11000,identity,b11000_identity.pdf,verified,95,Structured checks passed
B11000,bank_statement,b11000_bank_statement.pdf,verified,96,Structured checks passed
B11000,income_document,b11000_income_document.pdf,verified,89,Structured checks passed
B11001,identity,b11001_identity.pdf,needs_review,33,OCR pending — status from structured verification
B11001,bank_statement,b11001_bank_statement.pdf,suspicious,46,OCR pending — status from structured verification
B11001,income_document,b11001_income_document.pdf,verified,37,Structured checks passed
B11001,salary_slip,b11001_salary_slip.pdf,verified,42,Structured checks passed
B11002,identity,b11002_identity.pdf,verified,69,Structured checks passed
B11002,bank_statement,b11002_bank_statement.pdf,needs_review,67,OCR pending — status from structured verification
B11002,income_document,b11002_income_document.pdf,needs_review,78,OCR pending — status from structured verification
B11002,salary_slip,b11002_salary_slip.pdf,needs_review,61,OCR pending — status from structured verification
B11003,identity,b11003_identity.pdf,verified,52,Structured checks passed
B11003,bank_statement,b11003_bank_statement.pdf,verified,44,Structured checks passed
B11003,income_document,b11003_income_document.pdf,verified,48,Structured checks passed
B11004,identity,b11004_identity.pdf,needs_review,42,OCR pending — status from structured verification
B11004,bank_statement,b11004_bank_statement.pdf,verified,51,Structured checks passed
B11004,income_document,b11004_income_document.pdf,needs_review,41,OCR pending — status from structured verification
B11004,salary_slip,b11004_salary_slip.pdf,needs_review,49,OCR pending — status from structured verification
B11005,identity,b11005_identity.pdf,needs_review,93,OCR pending — status from structured verification
B11005,bank_statement,b11005_bank_statement.pdf,suspicious,94,OCR pending — status from structured verification
B11005,income_document,b11005_income_document.pdf,verified,99,Structured checks passed
B11005,salary_slip,b11005_salary_slip.pdf,verified,99,Structured checks passed
B11006,identity,b11006_identity.pdf,verified,51,Structured checks passed
B11006,bank_statement,b11006_bank_statement.pdf,verified,52,Structured checks passed
B11006,income_document,b11006_income_document.pdf,verified,38,Structured checks passed
B11007,identity,b11007_identity.pdf,verified,74,Structured checks passed
B11007,bank_statement,b11007_bank_statement.pdf,verified,79,Structured checks passed
B11007,income_document,b11007_income_document.pdf,verified,69,Structured checks passed
B11007,business_document,b11007_business_document.pdf,verified,76,Structured checks passed
B11008,identity,b11008_identity.pdf,verified,83,Structured checks passed
B11008,bank_statement,b11008_bank_statement.pdf,verified,99,Structured checks passed
B11008,income_document,b11008_income_document.pdf,verified,96,Structured checks passed
B11008,business_document,b11008_business_document.pdf,verified,90,Structured checks passed
B11009,identity,b11009_identity.pdf,verified,99,Structured checks passed
B11009,bank_statement,b11009_bank_statement.pdf,verified,95,Structured checks passed
B11009,income_document,b11009_income_document.pdf,verified,91,Structured checks passed
B11010,identity,b11010_identity.pdf,verified,72,Structured checks passed
B11010,bank_statement,b11010_bank_statement.pdf,suspicious,60,OCR pending — status from structured verification
B11010,income_document,b11010_income_document.pdf,verified,59,Structured checks passed
B11011,identity,b11011_identity.pdf,verified,52,Structured checks passed
B11011,bank_statement,b11011_bank_statement.pdf,needs_review,62,OCR pending — status from structured verification
B11011,income_document,b11011_income_document.pdf,suspicious,64,OCR pending — status from structured verification
B11012,identity,b11012_identity.pdf,verified,59,Structured checks passed
B11012,bank_statement,b11012_bank_statement.pdf,verified,54,Structured checks passed
B11012,income_document,b11012_income_document.pdf,needs_review,72,OCR pending — status from structured verification
B11012,business_document,b11012_business_document.pdf,verified,55,Structured checks passed
B11013,identity,b11013_identity.pdf,suspicious,52,OCR pending — status from structured verification
B11013,bank_statement,b11013_bank_statement.pdf,needs_review,49,OCR pending — status from structured verification
B11013,income_document,b11013_income_document.pdf,needs_review,51,OCR pending — status from structured verification
B11014,identity,b11014_identity.pdf,verified,70,Structured checks passed
B11014,bank_statement,b11014_bank_statement.pdf,verified,81,Structured checks passed
B11014,income_document,b11014_income_document.pdf,verified,75,Structured checks passed
B11015,identity,b11015_identity.pdf,verified,75,Structured checks passed
B11015,bank_statement,b11015_bank_statement.pdf,verified,59,Structured checks passed
B11015,income_document,b11015_income_document.pdf,verified,63,Structured checks passed
B11016,identity,b11016_identity.pdf,verified,68,Structured checks passed
B11016,bank_statement,b11016_bank_statement.pdf,suspicious,64,OCR pending — status from structured verification
B11016,income_document,b11016_income_document.pdf,suspicious,51,OCR pending — status from structured verification
B11017,identity,b11017_identity.pdf,verified,51,Structured checks passed
B11017,bank_statement,b11017_bank_statement.pdf,verified,62,Structured checks passed
B11017,income_document,b11017_income_document.pdf,verified,57,Structured checks passed
B11017,business_document,b11017_business_document.pdf,verified,48,Structured checks passed
B11018,identity,b11018_identity.pdf,suspicious,39,OCR pending — status from structured verification
B11018,bank_statement,b11018_bank_statement.pdf,verified,34,Structured checks passed
B11018,income_document,b11018_income_document.pdf,suspicious,42,OCR pending — status from structured verification
B11018,salary_slip,b11018_salary_slip.pdf,suspicious,30,OCR pending — status from structured verification
B11019,identity,b11019_identity.pdf,verified,53,Structured checks passed
B11019,bank_statement,b11019_bank_statement.pdf,verified,55,Structured checks passed
B11019,income_document,b11019_income_document.pdf,suspicious,59,OCR pending — status from structured verification
B11019,business_document,b11019_business_document.pdf,verified,55,Structured checks passed
B11020,identity,b11020_identity.pdf,needs_review,71,OCR pending — status from structured verification
B11020,bank_statement,b11020_bank_statement.pdf,verified,72,Structured checks passed
B11020,income_document,b11020_income_document.pdf,needs_review,67,OCR pending — status from structured verification
B11020,business_document,b11020_business_document.pdf,verified,66,Structured checks passed
B11021,identity,b11021_identity.pdf,verified,65,Structured checks passed
B11021,bank_statement,b11021_bank_statement.pdf,verified,71,Structured checks passed
B11021,income_document,b11021_income_document.pdf,verified,70,Structured checks passed
B11022,identity,b11022_identity.pdf,verified,95,Structured checks passed
B11022,bank_statement,b11022_bank_statement.pdf,verified,90,Structured checks passed
B11022,income_document,b11022_income_document.pdf,verified,87,Structured checks passed
B11022,salary_slip,b11022_salary_slip.pdf,verified,99,Structured checks passed
B11023,identity,b11023_identity.pdf,suspicious,60,OCR pending — status from structured verification
B11023,bank_statement,b11023_bank_statement.pdf,verified,58,Structured checks passed
B11023,income_document,b11023_income_document.pdf,suspicious,45,OCR pending — status from structured verification
B11023,business_document,b11023_business_document.pdf,verified,60,Structured checks passed
B11024,identity,b11024_identity.pdf,verified,43,Structured checks passed
B11024,bank_statement,b11024_bank_statement.pdf,verified,57,Structured checks passed
B11024,income_document,b11024_income_document.pdf,verified,57,Structured checks passed
B11025,identity,b11025_identity.pdf,verified,99,Structured checks passed
B11025,bank_statement,b11025_bank_statement.pdf,verified,99,Structured checks passed
B11025,income_document,b11025_income_document.pdf,needs_review,99,OCR pending — status from structured verification
B11026,identity,b11026_identity.pdf,verified,97,Structured checks passed
B11026,bank_statement,b11026_bank_statement.pdf,verified,78,Structured checks passed
B11026,income_document,b11026_income_document.pdf,verified,90,Structured checks passed
B11026,salary_slip,b11026_salary_slip.pdf,verified,81,Structured checks passed
B11027,identity,b11027_identity.pdf,needs_review,39,OCR pending — status from structured verification
B11027,bank_statement,b11027_bank_statement.pdf,verified,51,Structured checks passed
B11027,income_document,b11027_income_document.pdf,verified,40,Structured checks passed
B11027,business_document,b11027_business_document.pdf,verified,49,Structured checks passed
B11028,identity,b11028_identity.pdf,needs_review,76,OCR pending — status from structured verification
B11028,bank_statement,b11028_bank_statement.pdf,needs_review,68,OCR pending — status from structured verification
B11028,income_document,b11028_income_document.pdf,suspicious,61,OCR pending — status from structured verification
B11029,identity,b11029_identity.pdf,verified,79,Structured checks passed
B11029,bank_statement,b11029_bank_statement.pdf,verified,78,Structured checks passed
B11029,income_document,b11029_income_document.pdf,verified,80,Structured checks passed
B11030,identity,b11030_identity.pdf,suspicious,60,OCR pending — status from structured verification
B11030,bank_statement,b11030_bank_statement.pdf,verified,61,Structured checks passed
B11030,income_document,b11030_income_document.pdf,suspicious,71,OCR pending — status from structured verification
B11030,salary_slip,b11030_salary_slip.pdf,suspicious,61,OCR pending — status from structured verification
B11031,identity,b11031_identity.pdf,needs_review,53,OCR pending — status from structured verification
B11031,bank_statement,b11031_bank_statement.pdf,verified,52,Structured checks passed
B11031,income_document,b11031_income_document.pdf,suspicious,45,OCR pending — status from structured verification
B11031,business_document,b11031_business_document.pdf,verified,41,Structured checks passed
B11032,identity,b11032_identity.pdf,suspicious,55,OCR pending — status from structured verification
B11032,bank_statement,b11032_bank_statement.pdf,verified,58,Structured checks passed
B11032,income_document,b11032_income_document.pdf,verified,64,Structured checks passed
B11033,identity,b11033_identity.pdf,verified,85,Structured checks passed
B11033,bank_statement,b11033_bank_statement.pdf,suspicious,92,OCR pending — status from structured verification
B11033,income_document,b11033_income_document.pdf,verified,87,Structured checks passed
B11033,salary_slip,b11033_salary_slip.pdf,verified,86,Structured checks passed
B11034,identity,b11034_identity.pdf,suspicious,53,OCR pending — status from structured verification
B11034,bank_statement,b11034_bank_statement.pdf,verified,60,Structured checks passed
B11034,income_document,b11034_income_document.pdf,suspicious,63,OCR pending — status from structured verification
B11035,identity,b11035_identity.pdf,verified,74,Structured checks passed
B11035,bank_statement,b11035_bank_statement.pdf,verified,91,Structured checks passed
B11035,income_document,b11035_income_document.pdf,needs_review,84,OCR pending — status from structured verification
B11035,business_document,b11035_business_document.pdf,verified,83,Structured checks passed
B11036,identity,b11036_identity.pdf,verified,84,Structured checks passed
B11036,bank_statement,b11036_bank_statement.pdf,verified,92,Structured checks passed
B11036,income_document,b11036_income_document.pdf,verified,92,Structured checks passed
B11036,business_document,b11036_business_document.pdf,verified,99,Structured checks passed
B11037,identity,b11037_identity.pdf,verified,43,Structured checks passed
B11037,bank_statement,b11037_bank_statement.pdf,suspicious,48,OCR pending — status from structured verification
B11037,income_document,b11037_income_document.pdf,verified,45,Structured checks passed
B11038,identity,b11038_identity.pdf,verified,61,Structured checks passed
B11038,bank_statement,b11038_bank_statement.pdf,verified,64,Structured checks passed
B11038,income_document,b11038_income_document.pdf,needs_review,55,OCR pending — status from structured verification
B11038,salary_slip,b11038_salary_slip.pdf,needs_review,63,OCR pending — status from structured verification
B11039,identity,b11039_identity.pdf,verified,83,Structured checks passed
B11039,bank_statement,b11039_bank_statement.pdf,verified,71,Structured checks passed
B11039,income_document,b11039_income_document.pdf,verified,78,Structured checks passed
B11040,identity,b11040_identity.pdf,verified,70,Structured checks passed
B11040,bank_statement,b11040_bank_statement.pdf,verified,67,Structured checks passed
B11040,income_document,b11040_income_document.pdf,verified,77,Structured checks passed
B11041,identity,b11041_identity.pdf,verified,90,Structured checks passed
B11041,bank_statement,b11041_bank_statement.pdf,verified,86,Structured checks passed
B11041,income_document,b11041_income_document.pdf,verified,85,Structured checks passed
B11041,salary_slip,b11041_salary_slip.pdf,verified,89,Structured checks passed
B11042,identity,b11042_identity.pdf,suspicious,61,OCR pending — status from structured verification
B11042,bank_statement,b11042_bank_statement.pdf,needs_review,67,OCR pending — status from structured verification
B11042,income_document,b11042_income_document.pdf,suspicious,52,OCR pending — status from structured verification
B11043,identity,b11043_identity.pdf,verified,82,Structured checks passed
B11043,bank_statement,b11043_bank_statement.pdf,needs_review,77,OCR pending — status from structured verification
B11043,income_document,b11043_income_document.pdf,verified,77,Structured checks passed
B11044,identity,b11044_identity.pdf,verified,90,Structured checks passed
B11044,bank_statement,b11044_bank_statement.pdf,verified,99,Structured checks passed
B11044,income_document,b11044_income_document.pdf,verified,94,Structured checks passed
B11044,salary_slip,b11044_salary_slip.pdf,verified,89,Structured checks passed
B11045,identity,b11045_identity.pdf,verified,40,Structured checks passed
B11045,bank_statement,b11045_bank_statement.pdf,verified,33,Structured checks passed
B11045,income_document,b11045_income_document.pdf,verified,30,Structured checks passed
B11046,identity,b11046_identity.pdf,verified,49,Structured checks passed
B11046,bank_statement,b11046_bank_statement.pdf,suspicious,43,OCR pending — status from structured verification
B11046,income_document,b11046_income_document.pdf,verified,42,Structured checks passed
B11047,identity,b11047_identity.pdf,needs_review,84,OCR pending — status from structured verification
B11047,bank_statement,b11047_bank_statement.pdf,verified,80,Structured checks passed
B11047,income_document,b11047_income_document.pdf,verified,87,Structured checks passed
B11048,identity,b11048_identity.pdf,verified,39,Structured checks passed
B11048,bank_statement,b11048_bank_statement.pdf,verified,41,Structured checks passed
B11048,income_document,b11048_income_document.pdf,verified,46,Structured checks passed
B11048,business_document,b11048_business_document.pdf,verified,38,Structured checks passed
B11049,identity,b11049_identity.pdf,verified,88,Structured checks passed
B11049,bank_statement,b11049_bank_statement.pdf,needs_review,99,OCR pending — status from structured verification
B11049,income_document,b11049_income_document.pdf,needs_review,89,OCR pending — status from structured verification
B11049,business_document,b11049_business_document.pdf,needs_review,99,OCR pending — status from structured verification
B11050,identity,b11050_identity.pdf,verified,61,Structured checks passed
B11050,bank_statement,b11050_bank_statement.pdf,verified,67,Structured checks passed
B11050,income_document,b11050_income_document.pdf,verified,66,Structured checks passed
B11050,business_document,b11050_business_document.pdf,verified,73,Structured checks passed
B11051,identity,b11051_identity.pdf,needs_review,78,OCR pending — status from structured verification
B11051,bank_statement,b11051_bank_statement.pdf,verified,77,Structured checks passed
B11051,income_document,b11051_income_document.pdf,verified,83,Structured checks passed
B11051,business_document,b11051_business_document.pdf,verified,81,Structured checks passed
B11052,identity,b11052_identity.pdf,verified,48,Structured checks passed
B11052,bank_statement,b11052_bank_statement.pdf,verified,36,Structured checks passed
B11052,income_document,b11052_income_document.pdf,verified,47,Structured checks passed
B11052,business_document,b11052_business_document.pdf,verified,52,Structured checks passed
B11053,identity,b11053_identity.pdf,verified,81,Structured checks passed
B11053,bank_statement,b11053_bank_statement.pdf,verified,79,Structured checks passed
B11053,income_document,b11053_income_document.pdf,verified,67,Structured checks passed
B11053,business_document,b11053_business_document.pdf,verified,71,Structured checks passed
B11054,identity,b11054_identity.pdf,verified,84,Structured checks passed
B11054,bank_statement,b11054_bank_statement.pdf,verified,84,Structured checks passed
B11054,income_document,b11054_income_document.pdf,verified,79,Structured checks passed
B11054,salary_slip,b11054_salary_slip.pdf,verified,75,Structured checks passed
B11055,identity,b11055_identity.pdf,verified,83,Structured checks passed
B11055,bank_statement,b11055_bank_statement.pdf,verified,86,Structured checks passed
B11055,income_document,b11055_income_document.pdf,verified,80,Structured checks passed
B11055,salary_slip,b11055_salary_slip.pdf,verified,84,Structured checks passed
B11056,identity,b11056_identity.pdf,verified,63,Structured checks passed
B11056,bank_statement,b11056_bank_statement.pdf,verified,59,Structured checks passed
B11056,income_document,b11056_income_document.pdf,verified,55,Structured checks passed
B11056,salary_slip,b11056_salary_slip.pdf,verified,52,Structured checks passed
B11057,identity,b11057_identity.pdf,verified,74,Structured checks passed
B11057,bank_statement,b11057_bank_statement.pdf,verified,58,Structured checks passed
B11057,income_document,b11057_income_document.pdf,verified,59,Structured checks passed
B11057,business_document,b11057_business_document.pdf,verified,59,Structured checks passed
B11058,identity,b11058_identity.pdf,verified,99,Structured checks passed
B11058,bank_statement,b11058_bank_statement.pdf,verified,99,Structured checks passed
B11058,income_document,b11058_income_document.pdf,verified,89,Structured checks passed
B11059,identity,b11059_identity.pdf,needs_review,89,OCR pending — status from structured verification
B11059,bank_statement,b11059_bank_statement.pdf,verified,78,Structured checks passed
B11059,income_document,b11059_income_document.pdf,needs_review,89,OCR pending — status from structured verification
B11059,business_document,b11059_business_document.pdf,verified,91,Structured checks passed
B11060,identity,b11060_identity.pdf,verified,51,Structured checks passed
B11060,bank_statement,b11060_bank_statement.pdf,verified,58,Structured checks passed
B11060,income_document,b11060_income_document.pdf,verified,44,Structured checks passed
B11060,salary_slip,b11060_salary_slip.pdf,verified,46,Structured checks passed
B11061,identity,b11061_identity.pdf,verified,61,Structured checks passed
B11061,bank_statement,b11061_bank_statement.pdf,verified,61,Structured checks passed
B11061,income_document,b11061_income_document.pdf,verified,79,Structured checks passed
B11061,business_document,b11061_business_document.pdf,verified,61,Structured checks passed
B11062,identity,b11062_identity.pdf,verified,71,Structured checks passed
B11062,bank_statement,b11062_bank_statement.pdf,suspicious,64,OCR pending — status from structured verification
B11062,income_document,b11062_income_document.pdf,verified,66,Structured checks passed
B11063,identity,b11063_identity.pdf,verified,81,Structured checks passed
B11063,bank_statement,b11063_bank_statement.pdf,needs_review,68,OCR pending — status from structured verification
B11063,income_document,b11063_income_document.pdf,verified,78,Structured checks passed
B11064,identity,b11064_identity.pdf,verified,71,Structured checks passed
B11064,bank_statement,b11064_bank_statement.pdf,needs_review,66,OCR pending — status from structured verification
B11064,income_document,b11064_income_document.pdf,suspicious,72,OCR pending — status from structured verification
B11064,business_document,b11064_business_document.pdf,needs_review,54,OCR pending — status from structured verification
B11065,identity,b11065_identity.pdf,verified,85,Structured checks passed
B11065,bank_statement,b11065_bank_statement.pdf,verified,77,Structured checks passed
B11065,income_document,b11065_income_document.pdf,verified,75,Structured checks passed
B11065,business_document,b11065_business_document.pdf,verified,80,Structured checks passed
B11066,identity,b11066_identity.pdf,verified,54,Structured checks passed
B11066,bank_statement,b11066_bank_statement.pdf,verified,66,Structured checks passed
B11066,income_document,b11066_income_document.pdf,verified,63,Structured checks passed
B11066,business_document,b11066_business_document.pdf,verified,67,Structured checks passed
B11067,identity,b11067_identity.pdf,needs_review,46,OCR pending — status from structured verification
B11067,bank_statement,b11067_bank_statement.pdf,verified,52,Structured checks passed
B11067,income_document,b11067_income_document.pdf,needs_review,49,OCR pending — status from structured verification
B11068,identity,b11068_identity.pdf,verified,86,Structured checks passed
B11068,bank_statement,b11068_bank_statement.pdf,verified,91,Structured checks passed
B11068,income_document,b11068_income_document.pdf,verified,88,Structured checks passed
B11068,business_document,b11068_business_document.pdf,verified,81,Structured checks passed
B11069,identity,b11069_identity.pdf,verified,72,Structured checks passed
B11069,bank_statement,b11069_bank_statement.pdf,verified,59,Structured checks passed
B11069,income_document,b11069_income_document.pdf,verified,69,Structured checks passed
B11070,identity,b11070_identity.pdf,verified,77,Structured checks passed
B11070,bank_statement,b11070_bank_statement.pdf,verified,86,Structured checks passed
B11070,income_document,b11070_income_document.pdf,verified,88,Structured checks passed
B11070,salary_slip,b11070_salary_slip.pdf,verified,80,Structured checks passed
B11071,identity,b11071_identity.pdf,suspicious,70,OCR pending — status from structured verification
B11071,bank_statement,b11071_bank_statement.pdf,verified,65,Structured checks passed
B11071,income_document,b11071_income_document.pdf,verified,63,Structured checks passed
B11072,identity,b11072_identity.pdf,verified,88,Structured checks passed
B11072,bank_statement,b11072_bank_statement.pdf,verified,91,Structured checks passed
B11072,income_document,b11072_income_document.pdf,needs_review,86,OCR pending — status from structured verification
B11072,salary_slip,b11072_salary_slip.pdf,needs_review,99,OCR pending — status from structured verification
B11073,identity,b11073_identity.pdf,verified,52,Structured checks passed
B11073,bank_statement,b11073_bank_statement.pdf,verified,60,Structured checks passed
B11073,income_document,b11073_income_document.pdf,verified,43,Structured checks passed
B11073,salary_slip,b11073_salary_slip.pdf,verified,59,Structured checks passed
B11074,identity,b11074_identity.pdf,verified,84,Structured checks passed
B11074,bank_statement,b11074_bank_statement.pdf,verified,86,Structured checks passed
B11074,income_document,b11074_income_document.pdf,verified,84,Structured checks passed
B11075,identity,b11075_identity.pdf,verified,70,Structured checks passed
B11075,bank_statement,b11075_bank_statement.pdf,verified,81,Structured checks passed
B11075,income_document,b11075_income_document.pdf,verified,74,Structured checks passed
B11076,identity,b11076_identity.pdf,verified,99,Structured checks passed
B11076,bank_statement,b11076_bank_statement.pdf,verified,96,Structured checks passed
B11076,income_document,b11076_income_document.pdf,needs_review,98,OCR pending — status from structured verification
B11076,salary_slip,b11076_salary_slip.pdf,needs_review,91,OCR pending — status from structured verification
B11077,identity,b11077_identity.pdf,verified,51,Structured checks passed
B11077,bank_statement,b11077_bank_statement.pdf,suspicious,52,OCR pending — status from structured verification
B11077,income_document,b11077_income_document.pdf,verified,57,Structured checks passed
B11077,salary_slip,b11077_salary_slip.pdf,verified,56,Structured checks passed
B11078,identity,b11078_identity.pdf,verified,30,Structured checks passed
B11078,bank_statement,b11078_bank_statement.pdf,verified,30,Structured checks passed
B11078,income_document,b11078_income_document.pdf,needs_review,34,OCR pending — status from structured verification
B11079,identity,b11079_identity.pdf,suspicious,30,OCR pending — status from structured verification
B11079,bank_statement,b11079_bank_statement.pdf,suspicious,33,OCR pending — status from structured verification
B11079,income_document,b11079_income_document.pdf,verified,38,Structured checks passed
B11080,identity,b11080_identity.pdf,verified,64,Structured checks passed
B11080,bank_statement,b11080_bank_statement.pdf,needs_review,60,OCR pending — status from structured verification
B11080,income_document,b11080_income_document.pdf,verified,66,Structured checks passed
B11081,identity,b11081_identity.pdf,verified,69,Structured checks passed
B11081,bank_statement,b11081_bank_statement.pdf,verified,70,Structured checks passed
B11081,income_document,b11081_income_document.pdf,suspicious,70,OCR pending — status from structured verification
B11081,salary_slip,b11081_salary_slip.pdf,suspicious,67,OCR pending — status from structured verification
B11082,identity,b11082_identity.pdf,verified,70,Structured checks passed
B11082,bank_statement,b11082_bank_statement.pdf,verified,78,Structured checks passed
B11082,income_document,b11082_income_document.pdf,verified,73,Structured checks passed
B11083,identity,b11083_identity.pdf,verified,89,Structured checks passed
B11083,bank_statement,b11083_bank_statement.pdf,verified,94,Structured checks passed
B11083,income_document,b11083_income_document.pdf,verified,87,Structured checks passed
B11083,salary_slip,b11083_salary_slip.pdf,verified,75,Structured checks passed
B11084,identity,b11084_identity.pdf,verified,64,Structured checks passed
B11084,bank_statement,b11084_bank_statement.pdf,verified,61,Structured checks passed
B11084,income_document,b11084_income_document.pdf,verified,76,Structured checks passed
B11084,salary_slip,b11084_salary_slip.pdf,verified,76,Structured checks passed
B11085,identity,b11085_identity.pdf,verified,76,Structured checks passed
B11085,bank_statement,b11085_bank_statement.pdf,verified,67,Structured checks passed
B11085,income_document,b11085_income_document.pdf,verified,78,Structured checks passed
B11086,identity,b11086_identity.pdf,verified,88,Structured checks passed
B11086,bank_statement,b11086_bank_statement.pdf,verified,92,Structured checks passed
B11086,income_document,b11086_income_document.pdf,verified,82,Structured checks passed
B11086,salary_slip,b11086_salary_slip.pdf,verified,89,Structured checks passed
B11087,identity,b11087_identity.pdf,verified,89,Structured checks passed
B11087,bank_statement,b11087_bank_statement.pdf,verified,89,Structured checks passed
B11087,income_document,b11087_income_document.pdf,verified,77,Structured checks passed
B11087,salary_slip,b11087_salary_slip.pdf,verified,88,Structured checks passed
B11088,identity,b11088_identity.pdf,verified,55,Structured checks passed
B11088,bank_statement,b11088_bank_statement.pdf,verified,57,Structured checks passed
B11088,income_document,b11088_income_document.pdf,suspicious,55,OCR pending — status from structured verification
B11089,identity,b11089_identity.pdf,verified,69,Structured checks passed
B11089,bank_statement,b11089_bank_statement.pdf,needs_review,74,OCR pending — status from structured verification
B11089,income_document,b11089_income_document.pdf,verified,74,Structured checks passed
B11089,business_document,b11089_business_document.pdf,needs_review,65,OCR pending — status from structured verification
B11090,identity,b11090_identity.pdf,verified,99,Structured checks passed
B11090,bank_statement,b11090_bank_statement.pdf,verified,95,Structured checks passed
B11090,income_document,b11090_income_document.pdf,verified,99,Structured checks passed
B11090,salary_slip,b11090_salary_slip.pdf,verified,99,Structured checks passed
B11091,identity,b11091_identity.pdf,verified,68,Structured checks passed
B11091,bank_statement,b11091_bank_statement.pdf,verified,72,Structured checks passed
B11091,income_document,b11091_income_document.pdf,verified,68,Structured checks passed
B11091,business_document,b11091_business_document.pdf,verified,62,Structured checks passed
B11092,identity,b11092_identity.pdf,verified,66,Structured checks passed
B11092,bank_statement,b11092_bank_statement.pdf,suspicious,56,OCR pending — status from structured verification
B11092,income_document,b11092_income_document.pdf,needs_review,59,OCR pending — status from structured verification
B11092,business_document,b11092_business_document.pdf,suspicious,53,OCR pending — status from structured verification
B11093,identity,b11093_identity.pdf,verified,55,Structured checks passed
B11093,bank_statement,b11093_bank_statement.pdf,needs_review,67,OCR pending — status from structured verification
B11093,income_document,b11093_income_document.pdf,verified,57,Structured checks passed
B11094,identity,b11094_identity.pdf,verified,61,Structured checks passed
B11094,bank_statement,b11094_bank_statement.pdf,verified,60,Structured checks passed
B11094,income_document,b11094_income_document.pdf,needs_review,45,OCR pending — status from structured verification
B11094,salary_slip,b11094_salary_slip.pdf,needs_review,51,OCR pending — status from structured verification
B11095,identity,b11095_identity.pdf,verified,50,Structured checks passed
B11095,bank_statement,b11095_bank_statement.pdf,verified,50,Structured checks passed
B11095,income_document,b11095_income_document.pdf,suspicious,65,OCR pending — status from structured verification
B11096,identity,b11096_identity.pdf,verified,65,Structured checks passed
B11096,bank_statement,b11096_bank_statement.pdf,verified,67,Structured checks passed
B11096,income_document,b11096_income_document.pdf,verified,63,Structured checks passed
B11097,identity,b11097_identity.pdf,verified,99,Structured checks passed
B11097,bank_statement,b11097_bank_statement.pdf,verified,96,Structured checks passed
B11097,income_document,b11097_income_document.pdf,verified,91,Structured checks passed
B11098,identity,b11098_identity.pdf,verified,99,Structured checks passed
B11098,bank_statement,b11098_bank_statement.pdf,verified,95,Structured checks passed
B11098,income_document,b11098_income_document.pdf,verified,88,Structured checks passed
B11099,identity,b11099_identity.pdf,verified,37,Structured checks passed
B11099,bank_statement,b11099_bank_statement.pdf,verified,45,Structured checks passed
B11099,income_document,b11099_income_document.pdf,needs_review,35,OCR pending — status from structured verification
B11099,salary_slip,b11099_salary_slip.pdf,needs_review,29,OCR pending — status from structured verification
B11100,identity,b11100_identity.pdf,verified,81,Structured checks passed
B11100,bank_statement,b11100_bank_statement.pdf,needs_review,84,OCR pending — status from structured verification
B11100,income_document,b11100_income_document.pdf,verified,87,Structured checks passed
B11101,identity,b11101_identity.pdf,verified,65,Structured checks passed
B11101,bank_statement,b11101_bank_statement.pdf,verified,70,Structured checks passed
B11101,income_document,b11101_income_document.pdf,verified,60,Structured checks passed
B11102,identity,b11102_identity.pdf,verified,63,Structured checks passed
B11102,bank_statement,b11102_bank_statement.pdf,verified,75,Structured checks passed
B11102,income_document,b11102_income_document.pdf,verified,58,Structured checks passed
B11102,business_document,b11102_business_document.pdf,verified,57,Structured checks passed
B11103,identity,b11103_identity.pdf,verified,60,Structured checks passed
B11103,bank_statement,b11103_bank_statement.pdf,verified,67,Structured checks passed
B11103,income_document,b11103_income_document.pdf,needs_review,54,OCR pending — status from structured verification
B11103,business_document,b11103_business_document.pdf,verified,65,Structured checks passed
B11104,identity,b11104_identity.pdf,verified,98,Structured checks passed
B11104,bank_statement,b11104_bank_statement.pdf,verified,95,Structured checks passed
B11104,income_document,b11104_income_document.pdf,verified,90,Structured checks passed
B11104,salary_slip,b11104_salary_slip.pdf,verified,86,Structured checks passed
B11105,identity,b11105_identity.pdf,needs_review,61,OCR pending — status from structured verification
B11105,bank_statement,b11105_bank_statement.pdf,verified,47,Structured checks passed
B11105,income_document,b11105_income_document.pdf,verified,54,Structured checks passed
B11106,identity,b11106_identity.pdf,verified,55,Structured checks passed
B11106,bank_statement,b11106_bank_statement.pdf,suspicious,69,OCR pending — status from structured verification
B11106,income_document,b11106_income_document.pdf,needs_review,74,OCR pending — status from structured verification
B11106,salary_slip,b11106_salary_slip.pdf,needs_review,57,OCR pending — status from structured verification
B11107,identity,b11107_identity.pdf,verified,55,Structured checks passed
B11107,bank_statement,b11107_bank_statement.pdf,suspicious,58,OCR pending — status from structured verification
B11107,income_document,b11107_income_document.pdf,needs_review,60,OCR pending — status from structured verification
B11107,salary_slip,b11107_salary_slip.pdf,needs_review,50,OCR pending — status from structured verification
B11108,identity,b11108_identity.pdf,suspicious,69,OCR pending — status from structured verification
B11108,bank_statement,b11108_bank_statement.pdf,verified,63,Structured checks passed
B11108,income_document,b11108_income_document.pdf,verified,55,Structured checks passed
B11109,identity,b11109_identity.pdf,verified,61,Structured checks passed
B11109,bank_statement,b11109_bank_statement.pdf,verified,59,Structured checks passed
B11109,income_document,b11109_income_document.pdf,verified,49,Structured checks passed
B11109,salary_slip,b11109_salary_slip.pdf,verified,64,Structured checks passed
B11110,identity,b11110_identity.pdf,verified,54,Structured checks passed
B11110,bank_statement,b11110_bank_statement.pdf,verified,54,Structured checks passed
B11110,income_document,b11110_income_document.pdf,suspicious,49,OCR pending — status from structured verification
B11111,identity,b11111_identity.pdf,verified,84,Structured checks passed
B11111,bank_statement,b11111_bank_statement.pdf,verified,83,Structured checks passed
B11111,income_document,b11111_income_document.pdf,verified,75,Structured checks passed
B11111,salary_slip,b11111_salary_slip.pdf,verified,80,Structured checks passed
B11112,identity,b11112_identity.pdf,verified,53,Structured checks passed
B11112,bank_statement,b11112_bank_statement.pdf,verified,54,Structured checks passed
B11112,income_document,b11112_income_document.pdf,needs_review,68,OCR pending — status from structured verification
B11112,salary_slip,b11112_salary_slip.pdf,needs_review,49,OCR pending — status from structured verification
B11113,identity,b11113_identity.pdf,verified,50,Structured checks passed
B11113,bank_statement,b11113_bank_statement.pdf,verified,56,Structured checks passed
B11113,income_document,b11113_income_document.pdf,verified,51,Structured checks passed
B11114,identity,b11114_identity.pdf,verified,79,Structured checks passed
B11114,bank_statement,b11114_bank_statement.pdf,verified,79,Structured checks passed
B11114,income_document,b11114_income_document.pdf,verified,74,Structured checks passed
B11114,salary_slip,b11114_salary_slip.pdf,verified,70,Structured checks passed
B11115,identity,b11115_identity.pdf,suspicious,61,OCR pending — status from structured verification
B11115,bank_statement,b11115_bank_statement.pdf,verified,60,Structured checks passed
B11115,income_document,b11115_income_document.pdf,needs_review,52,OCR pending — status from structured verification
B11116,identity,b11116_identity.pdf,verified,42,Structured checks passed
B11116,bank_statement,b11116_bank_statement.pdf,verified,50,Structured checks passed
B11116,income_document,b11116_income_document.pdf,verified,50,Structured checks passed
B11117,identity,b11117_identity.pdf,needs_review,57,OCR pending — status from structured verification
B11117,bank_statement,b11117_bank_statement.pdf,verified,65,Structured checks passed
B11117,income_document,b11117_income_document.pdf,needs_review,61,OCR pending — status from structured verification
B11117,business_document,b11117_business_document.pdf,verified,58,Structured checks passed
B11118,identity,b11118_identity.pdf,verified,57,Structured checks passed
B11118,bank_statement,b11118_bank_statement.pdf,verified,62,Structured checks passed
B11118,income_document,b11118_income_document.pdf,verified,63,Structured checks passed
B11118,business_document,b11118_business_document.pdf,verified,61,Structured checks passed
B11119,identity,b11119_identity.pdf,needs_review,89,OCR pending — status from structured verification
B11119,bank_statement,b11119_bank_statement.pdf,verified,79,Structured checks passed
B11119,income_document,b11119_income_document.pdf,verified,76,Structured checks passed
B11119,business_document,b11119_business_document.pdf,verified,86,Structured checks passed
B11120,identity,b11120_identity.pdf,needs_review,57,OCR pending — status from structured verification
B11120,bank_statement,b11120_bank_statement.pdf,verified,66,Structured checks passed
B11120,income_document,b11120_income_document.pdf,verified,76,Structured checks passed
B11121,identity,b11121_identity.pdf,verified,40,Structured checks passed
B11121,bank_statement,b11121_bank_statement.pdf,needs_review,50,OCR pending — status from structured verification
B11121,income_document,b11121_income_document.pdf,verified,47,Structured checks passed
B11121,business_document,b11121_business_document.pdf,needs_review,50,OCR pending — status from structured verification
B11122,identity,b11122_identity.pdf,verified,51,Structured checks passed
B11122,bank_statement,b11122_bank_statement.pdf,suspicious,61,OCR pending — status from structured verification
B11122,income_document,b11122_income_document.pdf,verified,52,Structured checks passed
B11123,identity,b11123_identity.pdf,verified,75,Structured checks passed
B11123,bank_statement,b11123_bank_statement.pdf,verified,75,Structured checks passed
B11123,income_document,b11123_income_document.pdf,verified,85,Structured checks passed
B11123,business_document,b11123_business_document.pdf,verified,74,Structured checks passed
B11124,identity,b11124_identity.pdf,verified,70,Structured checks passed
B11124,bank_statement,b11124_bank_statement.pdf,verified,69,Structured checks passed
B11124,income_document,b11124_income_document.pdf,suspicious,60,OCR pending — status from structured verification
B11124,business_document,b11124_business_document.pdf,verified,67,Structured checks passed
B11125,identity,b11125_identity.pdf,verified,99,Structured checks passed
B11125,bank_statement,b11125_bank_statement.pdf,verified,99,Structured checks passed
B11125,income_document,b11125_income_document.pdf,verified,91,Structured checks passed
B11125,business_document,b11125_business_document.pdf,verified,99,Structured checks passed
B11126,identity,b11126_identity.pdf,verified,63,Structured checks passed
B11126,bank_statement,b11126_bank_statement.pdf,verified,75,Structured checks passed
B11126,income_document,b11126_income_document.pdf,verified,73,Structured checks passed
B11127,identity,b11127_identity.pdf,suspicious,64,OCR pending — status from structured verification
B11127,bank_statement,b11127_bank_statement.pdf,verified,53,Structured checks passed
B11127,income_document,b11127_income_document.pdf,verified,60,Structured checks passed
B11127,business_document,b11127_business_document.pdf,verified,57,Structured checks passed
B11128,identity,b11128_identity.pdf,needs_review,43,OCR pending — status from structured verification
B11128,bank_statement,b11128_bank_statement.pdf,verified,27,Structured checks passed
B11128,income_document,b11128_income_document.pdf,verified,37,Structured checks passed
B11128,business_document,b11128_business_document.pdf,verified,35,Structured checks passed
B11129,identity,b11129_identity.pdf,verified,91,Structured checks passed
B11129,bank_statement,b11129_bank_statement.pdf,verified,97,Structured checks passed
B11129,income_document,b11129_income_document.pdf,verified,99,Structured checks passed
B11129,business_document,b11129_business_document.pdf,verified,98,Structured checks passed
B11130,identity,b11130_identity.pdf,verified,46,Structured checks passed
B11130,bank_statement,b11130_bank_statement.pdf,verified,55,Structured checks passed
B11130,income_document,b11130_income_document.pdf,needs_review,57,OCR pending — status from structured verification
B11130,business_document,b11130_business_document.pdf,verified,45,Structured checks passed
B11131,identity,b11131_identity.pdf,verified,58,Structured checks passed
B11131,bank_statement,b11131_bank_statement.pdf,verified,58,Structured checks passed
B11131,income_document,b11131_income_document.pdf,suspicious,60,OCR pending — status from structured verification
B11132,identity,b11132_identity.pdf,verified,75,Structured checks passed
B11132,bank_statement,b11132_bank_statement.pdf,verified,82,Structured checks passed
B11132,income_document,b11132_income_document.pdf,verified,65,Structured checks passed
B11132,business_document,b11132_business_document.pdf,verified,66,Structured checks passed
B11133,identity,b11133_identity.pdf,verified,73,Structured checks passed
B11133,bank_statement,b11133_bank_statement.pdf,verified,65,Structured checks passed
B11133,income_document,b11133_income_document.pdf,verified,72,Structured checks passed
B11133,salary_slip,b11133_salary_slip.pdf,verified,69,Structured checks passed
B11134,identity,b11134_identity.pdf,verified,83,Structured checks passed
B11134,bank_statement,b11134_bank_statement.pdf,verified,85,Structured checks passed
B11134,income_document,b11134_income_document.pdf,verified,87,Structured checks passed
B11134,salary_slip,b11134_salary_slip.pdf,verified,78,Structured checks passed
B11135,identity,b11135_identity.pdf,verified,82,Structured checks passed
B11135,bank_statement,b11135_bank_statement.pdf,verified,94,Structured checks passed
B11135,income_document,b11135_income_document.pdf,verified,98,Structured checks passed
B11135,business_document,b11135_business_document.pdf,verified,98,Structured checks passed
B11136,identity,b11136_identity.pdf,verified,65,Structured checks passed
B11136,bank_statement,b11136_bank_statement.pdf,verified,71,Structured checks passed
B11136,income_document,b11136_income_document.pdf,verified,75,Structured checks passed
B11137,identity,b11137_identity.pdf,verified,80,Structured checks passed
B11137,bank_statement,b11137_bank_statement.pdf,verified,77,Structured checks passed
B11137,income_document,b11137_income_document.pdf,verified,78,Structured checks passed
B11137,salary_slip,b11137_salary_slip.pdf,verified,73,Structured checks passed
B11138,identity,b11138_identity.pdf,needs_review,63,OCR pending — status from structured verification
B11138,bank_statement,b11138_bank_statement.pdf,verified,72,Structured checks passed
B11138,income_document,b11138_income_document.pdf,verified,58,Structured checks passed
B11138,salary_slip,b11138_salary_slip.pdf,verified,61,Structured checks passed
B11139,identity,b11139_identity.pdf,verified,55,Structured checks passed
B11139,bank_statement,b11139_bank_statement.pdf,suspicious,39,OCR pending — status from structured verification
B11139,income_document,b11139_income_document.pdf,suspicious,56,OCR pending — status from structured verification
B11140,identity,b11140_identity.pdf,verified,30,Structured checks passed
B11140,bank_statement,b11140_bank_statement.pdf,suspicious,32,OCR pending — status from structured verification
B11140,income_document,b11140_income_document.pdf,needs_review,28,OCR pending — status from structured verification
B11141,identity,b11141_identity.pdf,suspicious,27,OCR pending — status from structured verification
B11141,bank_statement,b11141_bank_statement.pdf,verified,35,Structured checks passed
B11141,income_document,b11141_income_document.pdf,verified,33,Structured checks passed
B11142,identity,b11142_identity.pdf,verified,97,Structured checks passed
B11142,bank_statement,b11142_bank_statement.pdf,verified,96,Structured checks passed
B11142,income_document,b11142_income_document.pdf,verified,99,Structured checks passed
B11142,salary_slip,b11142_salary_slip.pdf,verified,92,Structured checks passed
B11143,identity,b11143_identity.pdf,verified,82,Structured checks passed
B11143,bank_statement,b11143_bank_statement.pdf,verified,79,Structured checks passed
B11143,income_document,b11143_income_document.pdf,verified,86,Structured checks passed
B11144,identity,b11144_identity.pdf,needs_review,62,OCR pending — status from structured verification
B11144,bank_statement,b11144_bank_statement.pdf,verified,53,Structured checks passed
B11144,income_document,b11144_income_document.pdf,verified,53,Structured checks passed
B11145,identity,b11145_identity.pdf,verified,92,Structured checks passed
B11145,bank_statement,b11145_bank_statement.pdf,verified,99,Structured checks passed
B11145,income_document,b11145_income_document.pdf,verified,99,Structured checks passed
B11145,salary_slip,b11145_salary_slip.pdf,verified,99,Structured checks passed
B11146,identity,b11146_identity.pdf,verified,73,Structured checks passed
B11146,bank_statement,b11146_bank_statement.pdf,verified,81,Structured checks passed
B11146,income_document,b11146_income_document.pdf,verified,89,Structured checks passed
B11147,identity,b11147_identity.pdf,verified,45,Structured checks passed
B11147,bank_statement,b11147_bank_statement.pdf,suspicious,42,OCR pending — status from structured verification
B11147,income_document,b11147_income_document.pdf,suspicious,52,OCR pending — status from structured verification
B11148,identity,b11148_identity.pdf,verified,66,Structured checks passed
B11148,bank_statement,b11148_bank_statement.pdf,verified,64,Structured checks passed
B11148,income_document,b11148_income_document.pdf,verified,59,Structured checks passed
B11149,identity,b11149_identity.pdf,suspicious,49,OCR pending — status from structured verification
B11149,bank_statement,b11149_bank_statement.pdf,verified,47,Structured checks passed
B11149,income_document,b11149_income_document.pdf,verified,43,Structured checks passed
B11150,identity,b11150_identity.pdf,verified,87,Structured checks passed
B11150,bank_statement,b11150_bank_statement.pdf,verified,99,Structured checks passed
B11150,income_document,b11150_income_document.pdf,verified,96,Structured checks passed
B11150,salary_slip,b11150_salary_slip.pdf,verified,99,Structured checks passed
B11151,identity,b11151_identity.pdf,verified,90,Structured checks passed
B11151,bank_statement,b11151_bank_statement.pdf,verified,83,Structured checks passed
B11151,income_document,b11151_income_document.pdf,verified,91,Structured checks passed
B11152,identity,b11152_identity.pdf,suspicious,61,OCR pending — status from structured verification
B11152,bank_statement,b11152_bank_statement.pdf,suspicious,68,OCR pending — status from structured verification
B11152,income_document,b11152_income_document.pdf,suspicious,66,OCR pending — status from structured verification
B11153,identity,b11153_identity.pdf,verified,43,Structured checks passed
B11153,bank_statement,b11153_bank_statement.pdf,needs_review,45,OCR pending — status from structured verification
B11153,income_document,b11153_income_document.pdf,needs_review,51,OCR pending — status from structured verification
B11154,identity,b11154_identity.pdf,suspicious,34,OCR pending — status from structured verification
B11154,bank_statement,b11154_bank_statement.pdf,verified,43,Structured checks passed
B11154,income_document,b11154_income_document.pdf,verified,29,Structured checks passed
B11155,identity,b11155_identity.pdf,verified,64,Structured checks passed
B11155,bank_statement,b11155_bank_statement.pdf,verified,71,Structured checks passed
B11155,income_document,b11155_income_document.pdf,verified,74,Structured checks passed
B11156,identity,b11156_identity.pdf,verified,89,Structured checks passed
B11156,bank_statement,b11156_bank_statement.pdf,verified,75,Structured checks passed
B11156,income_document,b11156_income_document.pdf,verified,82,Structured checks passed
B11157,identity,b11157_identity.pdf,suspicious,45,OCR pending — status from structured verification
B11157,bank_statement,b11157_bank_statement.pdf,needs_review,39,OCR pending — status from structured verification
B11157,income_document,b11157_income_document.pdf,verified,34,Structured checks passed
B11158,identity,b11158_identity.pdf,verified,54,Structured checks passed
B11158,bank_statement,b11158_bank_statement.pdf,needs_review,45,OCR pending — status from structured verification
B11158,income_document,b11158_income_document.pdf,suspicious,48,OCR pending — status from structured verification
B11159,identity,b11159_identity.pdf,verified,69,Structured checks passed
B11159,bank_statement,b11159_bank_statement.pdf,suspicious,67,OCR pending — status from structured verification
B11159,income_document,b11159_income_document.pdf,verified,61,Structured checks passed
B11159,business_document,b11159_business_document.pdf,suspicious,58,OCR pending — status from structured verification
B11160,identity,b11160_identity.pdf,verified,64,Structured checks passed
B11160,bank_statement,b11160_bank_statement.pdf,verified,59,Structured checks passed
B11160,income_document,b11160_income_document.pdf,verified,68,Structured checks passed
B11161,identity,b11161_identity.pdf,verified,99,Structured checks passed
B11161,bank_statement,b11161_bank_statement.pdf,verified,95,Structured checks passed
B11161,income_document,b11161_income_document.pdf,verified,88,Structured checks passed
B11161,salary_slip,b11161_salary_slip.pdf,verified,89,Structured checks passed
B11162,identity,b11162_identity.pdf,verified,86,Structured checks passed
B11162,bank_statement,b11162_bank_statement.pdf,verified,82,Structured checks passed
B11162,income_document,b11162_income_document.pdf,verified,89,Structured checks passed
B11162,business_document,b11162_business_document.pdf,verified,93,Structured checks passed
B11163,identity,b11163_identity.pdf,needs_review,54,OCR pending — status from structured verification
B11163,bank_statement,b11163_bank_statement.pdf,verified,68,Structured checks passed
B11163,income_document,b11163_income_document.pdf,suspicious,60,OCR pending — status from structured verification
B11163,business_document,b11163_business_document.pdf,verified,55,Structured checks passed
B11164,identity,b11164_identity.pdf,verified,64,Structured checks passed
B11164,bank_statement,b11164_bank_statement.pdf,verified,69,Structured checks passed
B11164,income_document,b11164_income_document.pdf,verified,54,Structured checks passed
B11164,salary_slip,b11164_salary_slip.pdf,verified,61,Structured checks passed
B11165,identity,b11165_identity.pdf,verified,75,Structured checks passed
B11165,bank_statement,b11165_bank_statement.pdf,verified,91,Structured checks passed
B11165,income_document,b11165_income_document.pdf,needs_review,82,OCR pending — status from structured verification
B11165,salary_slip,b11165_salary_slip.pdf,needs_review,78,OCR pending — status from structured verification
B11166,identity,b11166_identity.pdf,verified,72,Structured checks passed
B11166,bank_statement,b11166_bank_statement.pdf,verified,78,Structured checks passed
B11166,income_document,b11166_income_document.pdf,verified,69,Structured checks passed
B11166,business_document,b11166_business_document.pdf,verified,76,Structured checks passed
B11167,identity,b11167_identity.pdf,verified,76,Structured checks passed
B11167,bank_statement,b11167_bank_statement.pdf,verified,87,Structured checks passed
B11167,income_document,b11167_income_document.pdf,verified,86,Structured checks passed
B11167,salary_slip,b11167_salary_slip.pdf,verified,79,Structured checks passed
B11168,identity,b11168_identity.pdf,verified,66,Structured checks passed
B11168,bank_statement,b11168_bank_statement.pdf,verified,71,Structured checks passed
B11168,income_document,b11168_income_document.pdf,verified,69,Structured checks passed
B11169,identity,b11169_identity.pdf,needs_review,76,OCR pending — status from structured verification
B11169,bank_statement,b11169_bank_statement.pdf,verified,79,Structured checks passed
B11169,income_document,b11169_income_document.pdf,verified,77,Structured checks passed
B11169,business_document,b11169_business_document.pdf,verified,87,Structured checks passed
B11170,identity,b11170_identity.pdf,verified,87,Structured checks passed
B11170,bank_statement,b11170_bank_statement.pdf,suspicious,85,OCR pending — status from structured verification
B11170,income_document,b11170_income_document.pdf,suspicious,86,OCR pending — status from structured verification
B11170,salary_slip,b11170_salary_slip.pdf,suspicious,96,OCR pending — status from structured verification
B11171,identity,b11171_identity.pdf,verified,49,Structured checks passed
B11171,bank_statement,b11171_bank_statement.pdf,suspicious,58,OCR pending — status from structured verification
B11171,income_document,b11171_income_document.pdf,verified,58,Structured checks passed
B11171,business_document,b11171_business_document.pdf,suspicious,52,OCR pending — status from structured verification
B11172,identity,b11172_identity.pdf,verified,58,Structured checks passed
B11172,bank_statement,b11172_bank_statement.pdf,verified,62,Structured checks passed
B11172,income_document,b11172_income_document.pdf,verified,72,Structured checks passed
B11172,salary_slip,b11172_salary_slip.pdf,verified,65,Structured checks passed
B11173,identity,b11173_identity.pdf,suspicious,65,OCR pending — status from structured verification
B11173,bank_statement,b11173_bank_statement.pdf,verified,74,Structured checks passed
B11173,income_document,b11173_income_document.pdf,verified,77,Structured checks passed
B11173,business_document,b11173_business_document.pdf,verified,77,Structured checks passed
B11174,identity,b11174_identity.pdf,verified,57,Structured checks passed
B11174,bank_statement,b11174_bank_statement.pdf,verified,56,Structured checks passed
B11174,income_document,b11174_income_document.pdf,verified,47,Structured checks passed
B11174,salary_slip,b11174_salary_slip.pdf,verified,53,Structured checks passed
B11175,identity,b11175_identity.pdf,verified,99,Structured checks passed
B11175,bank_statement,b11175_bank_statement.pdf,verified,99,Structured checks passed
B11175,income_document,b11175_income_document.pdf,verified,91,Structured checks passed
B11175,business_document,b11175_business_document.pdf,verified,94,Structured checks passed
B11176,identity,b11176_identity.pdf,verified,68,Structured checks passed
B11176,bank_statement,b11176_bank_statement.pdf,verified,83,Structured checks passed
B11176,income_document,b11176_income_document.pdf,verified,80,Structured checks passed
B11177,identity,b11177_identity.pdf,verified,70,Structured checks passed
B11177,bank_statement,b11177_bank_statement.pdf,verified,66,Structured checks passed
B11177,income_document,b11177_income_document.pdf,verified,64,Structured checks passed
B11177,salary_slip,b11177_salary_slip.pdf,verified,50,Structured checks passed
B11178,identity,b11178_identity.pdf,verified,50,Structured checks passed
B11178,bank_statement,b11178_bank_statement.pdf,needs_review,67,OCR pending — status from structured verification
B11178,income_document,b11178_income_document.pdf,verified,68,Structured checks passed
B11179,identity,b11179_identity.pdf,verified,83,Structured checks passed
B11179,bank_statement,b11179_bank_statement.pdf,verified,84,Structured checks passed
B11179,income_document,b11179_income_document.pdf,needs_review,98,OCR pending — status from structured verification
B11179,salary_slip,b11179_salary_slip.pdf,needs_review,91,OCR pending — status from structured verification
B11180,identity,b11180_identity.pdf,needs_review,49,OCR pending — status from structured verification
B11180,bank_statement,b11180_bank_statement.pdf,verified,55,Structured checks passed
B11180,income_document,b11180_income_document.pdf,verified,55,Structured checks passed
B11180,salary_slip,b11180_salary_slip.pdf,verified,61,Structured checks passed
B11181,identity,b11181_identity.pdf,verified,96,Structured checks passed
B11181,bank_statement,b11181_bank_statement.pdf,verified,94,Structured checks passed
B11181,income_document,b11181_income_document.pdf,verified,99,Structured checks passed
B11182,identity,b11182_identity.pdf,suspicious,64,OCR pending — status from structured verification
B11182,bank_statement,b11182_bank_statement.pdf,verified,53,Structured checks passed
B11182,income_document,b11182_income_document.pdf,needs_review,54,OCR pending — status from structured verification
B11183,identity,b11183_identity.pdf,needs_review,63,OCR pending — status from structured verification
B11183,bank_statement,b11183_bank_statement.pdf,suspicious,59,OCR pending — status from structured verification
B11183,income_document,b11183_income_document.pdf,verified,54,Structured checks passed
B11184,identity,b11184_identity.pdf,verified,70,Structured checks passed
B11184,bank_statement,b11184_bank_statement.pdf,suspicious,52,OCR pending — status from structured verification
B11184,income_document,b11184_income_document.pdf,verified,65,Structured checks passed
B11185,identity,b11185_identity.pdf,verified,80,Structured checks passed
B11185,bank_statement,b11185_bank_statement.pdf,verified,89,Structured checks passed
B11185,income_document,b11185_income_document.pdf,verified,86,Structured checks passed
B11185,salary_slip,b11185_salary_slip.pdf,verified,82,Structured checks passed
B11186,identity,b11186_identity.pdf,verified,73,Structured checks passed
B11186,bank_statement,b11186_bank_statement.pdf,verified,76,Structured checks passed
B11186,income_document,b11186_income_document.pdf,verified,88,Structured checks passed
B11187,identity,b11187_identity.pdf,verified,50,Structured checks passed
B11187,bank_statement,b11187_bank_statement.pdf,verified,67,Structured checks passed
B11187,income_document,b11187_income_document.pdf,suspicious,65,OCR pending — status from structured verification
B11188,identity,b11188_identity.pdf,verified,43,Structured checks passed
B11188,bank_statement,b11188_bank_statement.pdf,verified,51,Structured checks passed
B11188,income_document,b11188_income_document.pdf,suspicious,35,OCR pending — status from structured verification
B11188,salary_slip,b11188_salary_slip.pdf,suspicious,37,OCR pending — status from structured verification
B11189,identity,b11189_identity.pdf,needs_review,48,OCR pending — status from structured verification
B11189,bank_statement,b11189_bank_statement.pdf,verified,61,Structured checks passed
B11189,income_document,b11189_income_document.pdf,verified,42,Structured checks passed
B11189,salary_slip,b11189_salary_slip.pdf,verified,46,Structured checks passed
B11190,identity,b11190_identity.pdf,needs_review,36,OCR pending — status from structured verification
B11190,bank_statement,b11190_bank_statement.pdf,verified,19,Structured checks passed
B11190,income_document,b11190_income_document.pdf,suspicious,32,OCR pending — status from structured verification
B11190,salary_slip,b11190_salary_slip.pdf,suspicious,23,OCR pending — status from structured verification
B11191,identity,b11191_identity.pdf,verified,82,Structured checks passed
B11191,bank_statement,b11191_bank_statement.pdf,verified,86,Structured checks passed
B11191,income_document,b11191_income_document.pdf,verified,70,Structured checks passed
B11192,identity,b11192_identity.pdf,verified,53,Structured checks passed
B11192,bank_statement,b11192_bank_statement.pdf,verified,53,Structured checks passed
B11192,income_document,b11192_income_document.pdf,verified,57,Structured checks passed
B11193,identity,b11193_identity.pdf,verified,57,Structured checks passed
B11193,bank_statement,b11193_bank_statement.pdf,verified,55,Structured checks passed
B11193,income_document,b11193_income_document.pdf,verified,45,Structured checks passed
B11193,salary_slip,b11193_salary_slip.pdf,verified,49,Structured checks passed
B11194,identity,b11194_identity.pdf,verified,89,Structured checks passed
B11194,bank_statement,b11194_bank_statement.pdf,verified,75,Structured checks passed
B11194,income_document,b11194_income_document.pdf,verified,81,Structured checks passed
B11194,business_document,b11194_business_document.pdf,verified,88,Structured checks passed
B11195,identity,b11195_identity.pdf,verified,45,Structured checks passed
B11195,bank_statement,b11195_bank_statement.pdf,verified,33,Structured checks passed
B11195,income_document,b11195_income_document.pdf,suspicious,35,OCR pending — status from structured verification
B11195,salary_slip,b11195_salary_slip.pdf,suspicious,33,OCR pending — status from structured verification
B11196,identity,b11196_identity.pdf,verified,63,Structured checks passed
B11196,bank_statement,b11196_bank_statement.pdf,verified,72,Structured checks passed
B11196,income_document,b11196_income_document.pdf,verified,66,Structured checks passed
B11196,salary_slip,b11196_salary_slip.pdf,verified,73,Structured checks passed
B11197,identity,b11197_identity.pdf,verified,78,Structured checks passed
B11197,bank_statement,b11197_bank_statement.pdf,verified,74,Structured checks passed
B11197,income_document,b11197_income_document.pdf,verified,84,Structured checks passed
B11197,business_document,b11197_business_document.pdf,verified,70,Structured checks passed
B11198,identity,b11198_identity.pdf,verified,63,Structured checks passed
B11198,bank_statement,b11198_bank_statement.pdf,verified,64,Structured checks passed
B11198,income_document,b11198_income_document.pdf,needs_review,74,OCR pending — status from structured verification
B11198,business_document,b11198_business_document.pdf,verified,75,Structured checks passed
B11199,identity,b11199_identity.pdf,verified,48,Structured checks passed
B11199,bank_statement,b11199_bank_statement.pdf,suspicious,50,OCR pending — status from structured verification
B11199,income_document,b11199_income_document.pdf,suspicious,37,OCR pending — status from structured verification
B11200,identity,b11200_identity.pdf,verified,51,Structured checks passed
B11200,bank_statement,b11200_bank_statement.pdf,verified,60,Structured checks passed
B11200,income_document,b11200_income_document.pdf,verified,60,Structured checks passed
B11200,salary_slip,b11200_salary_slip.pdf,verified,43,Structured checks passed
B11201,identity,b11201_identity.pdf,suspicious,51,OCR pending — status from structured verification
B11201,bank_statement,b11201_bank_statement.pdf,verified,52,Structured checks passed
B11201,income_document,b11201_income_document.pdf,suspicious,53,OCR pending — status from structured verification
B11201,salary_slip,b11201_salary_slip.pdf,suspicious,67,OCR pending — status from structured verification
B11202,identity,b11202_identity.pdf,needs_review,50,OCR pending — status from structured verification
B11202,bank_statement,b11202_bank_statement.pdf,needs_review,54,OCR pending — status from structured verification
B11202,income_document,b11202_income_document.pdf,verified,45,Structured checks passed
B11203,identity,b11203_identity.pdf,verified,86,Structured checks passed
B11203,bank_statement,b11203_bank_statement.pdf,verified,72,Structured checks passed
B11203,income_document,b11203_income_document.pdf,verified,81,Structured checks passed
B11203,salary_slip,b11203_salary_slip.pdf,verified,68,Structured checks passed
B11204,identity,b11204_identity.pdf,verified,96,Structured checks passed
B11204,bank_statement,b11204_bank_statement.pdf,verified,91,Structured checks passed
B11204,income_document,b11204_income_document.pdf,verified,97,Structured checks passed
B11205,identity,b11205_identity.pdf,needs_review,58,OCR pending — status from structured verification
B11205,bank_statement,b11205_bank_statement.pdf,verified,62,Structured checks passed
B11205,income_document,b11205_income_document.pdf,verified,66,Structured checks passed
B11206,identity,b11206_identity.pdf,verified,69,Structured checks passed
B11206,bank_statement,b11206_bank_statement.pdf,needs_review,70,OCR pending — status from structured verification
B11206,income_document,b11206_income_document.pdf,verified,67,Structured checks passed
B11207,identity,b11207_identity.pdf,verified,63,Structured checks passed
B11207,bank_statement,b11207_bank_statement.pdf,verified,68,Structured checks passed
B11207,income_document,b11207_income_document.pdf,verified,50,Structured checks passed
B11207,salary_slip,b11207_salary_slip.pdf,verified,60,Structured checks passed
B11208,identity,b11208_identity.pdf,verified,96,Structured checks passed
B11208,bank_statement,b11208_bank_statement.pdf,verified,99,Structured checks passed
B11208,income_document,b11208_income_document.pdf,verified,86,Structured checks passed
B11208,salary_slip,b11208_salary_slip.pdf,verified,99,Structured checks passed
B11209,identity,b11209_identity.pdf,needs_review,99,OCR pending — status from structured verification
B11209,bank_statement,b11209_bank_statement.pdf,verified,93,Structured checks passed
B11209,income_document,b11209_income_document.pdf,verified,99,Structured checks passed
B11210,identity,b11210_identity.pdf,suspicious,61,OCR pending — status from structured verification
B11210,bank_statement,b11210_bank_statement.pdf,verified,57,Structured checks passed
B11210,income_document,b11210_income_document.pdf,needs_review,72,OCR pending — status from structured verification
B11210,salary_slip,b11210_salary_slip.pdf,needs_review,63,OCR pending — status from structured verification
B11211,identity,b11211_identity.pdf,verified,64,Structured checks passed
B11211,bank_statement,b11211_bank_statement.pdf,verified,66,Structured checks passed
B11211,income_document,b11211_income_document.pdf,suspicious,72,OCR pending — status from structured verification
B11212,identity,b11212_identity.pdf,verified,75,Structured checks passed
B11212,bank_statement,b11212_bank_statement.pdf,verified,73,Structured checks passed
B11212,income_document,b11212_income_document.pdf,verified,72,Structured checks passed
B11213,identity,b11213_identity.pdf,suspicious,37,OCR pending — status from structured verification
B11213,bank_statement,b11213_bank_statement.pdf,suspicious,31,OCR pending — status from structured verification
B11213,income_document,b11213_income_document.pdf,suspicious,47,OCR pending — status from structured verification
B11213,business_document,b11213_business_document.pdf,suspicious,46,OCR pending — status from structured verification
B11214,identity,b11214_identity.pdf,verified,74,Structured checks passed
B11214,bank_statement,b11214_bank_statement.pdf,verified,86,Structured checks passed
B11214,income_document,b11214_income_document.pdf,verified,78,Structured checks passed
B11215,identity,b11215_identity.pdf,verified,72,Structured checks passed
B11215,bank_statement,b11215_bank_statement.pdf,verified,74,Structured checks passed
B11215,income_document,b11215_income_document.pdf,verified,86,Structured checks passed
B11215,salary_slip,b11215_salary_slip.pdf,verified,81,Structured checks passed
B11216,identity,b11216_identity.pdf,verified,75,Structured checks passed
B11216,bank_statement,b11216_bank_statement.pdf,verified,63,Structured checks passed
B11216,income_document,b11216_income_document.pdf,needs_review,64,OCR pending — status from structured verification
B11217,identity,b11217_identity.pdf,suspicious,49,OCR pending — status from structured verification
B11217,bank_statement,b11217_bank_statement.pdf,verified,46,Structured checks passed
B11217,income_document,b11217_income_document.pdf,verified,39,Structured checks passed
B11218,identity,b11218_identity.pdf,verified,43,Structured checks passed
B11218,bank_statement,b11218_bank_statement.pdf,verified,47,Structured checks passed
B11218,income_document,b11218_income_document.pdf,verified,48,Structured checks passed
B11219,identity,b11219_identity.pdf,needs_review,54,OCR pending — status from structured verification
B11219,bank_statement,b11219_bank_statement.pdf,verified,39,Structured checks passed
B11219,income_document,b11219_income_document.pdf,verified,55,Structured checks passed
B11220,identity,b11220_identity.pdf,verified,41,Structured checks passed
B11220,bank_statement,b11220_bank_statement.pdf,verified,42,Structured checks passed
B11220,income_document,b11220_income_document.pdf,verified,39,Structured checks passed
B11220,business_document,b11220_business_document.pdf,verified,34,Structured checks passed
B11221,identity,b11221_identity.pdf,needs_review,49,OCR pending — status from structured verification
B11221,bank_statement,b11221_bank_statement.pdf,verified,54,Structured checks passed
B11221,income_document,b11221_income_document.pdf,verified,48,Structured checks passed
B11222,identity,b11222_identity.pdf,verified,71,Structured checks passed
B11222,bank_statement,b11222_bank_statement.pdf,verified,77,Structured checks passed
B11222,income_document,b11222_income_document.pdf,verified,63,Structured checks passed
B11222,business_document,b11222_business_document.pdf,verified,60,Structured checks passed
B11223,identity,b11223_identity.pdf,verified,83,Structured checks passed
B11223,bank_statement,b11223_bank_statement.pdf,verified,93,Structured checks passed
B11223,income_document,b11223_income_document.pdf,verified,94,Structured checks passed
B11223,business_document,b11223_business_document.pdf,verified,83,Structured checks passed
B11224,identity,b11224_identity.pdf,verified,67,Structured checks passed
B11224,bank_statement,b11224_bank_statement.pdf,verified,72,Structured checks passed
B11224,income_document,b11224_income_document.pdf,verified,73,Structured checks passed
B11224,salary_slip,b11224_salary_slip.pdf,verified,72,Structured checks passed
B11225,identity,b11225_identity.pdf,verified,91,Structured checks passed
B11225,bank_statement,b11225_bank_statement.pdf,verified,94,Structured checks passed
B11225,income_document,b11225_income_document.pdf,verified,86,Structured checks passed
B11226,identity,b11226_identity.pdf,needs_review,79,OCR pending — status from structured verification
B11226,bank_statement,b11226_bank_statement.pdf,verified,70,Structured checks passed
B11226,income_document,b11226_income_document.pdf,needs_review,63,OCR pending — status from structured verification
B11226,business_document,b11226_business_document.pdf,verified,76,Structured checks passed
B11227,identity,b11227_identity.pdf,verified,34,Structured checks passed
B11227,bank_statement,b11227_bank_statement.pdf,verified,30,Structured checks passed
B11227,income_document,b11227_income_document.pdf,verified,28,Structured checks passed
B11228,identity,b11228_identity.pdf,verified,54,Structured checks passed
B11228,bank_statement,b11228_bank_statement.pdf,verified,47,Structured checks passed
B11228,income_document,b11228_income_document.pdf,verified,53,Structured checks passed
B11229,identity,b11229_identity.pdf,verified,75,Structured checks passed
B11229,bank_statement,b11229_bank_statement.pdf,verified,67,Structured checks passed
B11229,income_document,b11229_income_document.pdf,verified,79,Structured checks passed
B11230,identity,b11230_identity.pdf,verified,63,Structured checks passed
B11230,bank_statement,b11230_bank_statement.pdf,verified,81,Structured checks passed
B11230,income_document,b11230_income_document.pdf,needs_review,76,OCR pending — status from structured verification
B11231,identity,b11231_identity.pdf,verified,80,Structured checks passed
B11231,bank_statement,b11231_bank_statement.pdf,needs_review,96,OCR pending — status from structured verification
B11231,income_document,b11231_income_document.pdf,verified,85,Structured checks passed
B11232,identity,b11232_identity.pdf,verified,78,Structured checks passed
B11232,bank_statement,b11232_bank_statement.pdf,verified,74,Structured checks passed
B11232,income_document,b11232_income_document.pdf,verified,77,Structured checks passed
B11232,salary_slip,b11232_salary_slip.pdf,verified,71,Structured checks passed
B11233,identity,b11233_identity.pdf,verified,85,Structured checks passed
B11233,bank_statement,b11233_bank_statement.pdf,verified,73,Structured checks passed
B11233,income_document,b11233_income_document.pdf,verified,80,Structured checks passed
B11233,business_document,b11233_business_document.pdf,verified,72,Structured checks passed
B11234,identity,b11234_identity.pdf,needs_review,56,OCR pending — status from structured verification
B11234,bank_statement,b11234_bank_statement.pdf,verified,53,Structured checks passed
B11234,income_document,b11234_income_document.pdf,verified,47,Structured checks passed
B11234,business_document,b11234_business_document.pdf,verified,67,Structured checks passed
B11235,identity,b11235_identity.pdf,verified,72,Structured checks passed
B11235,bank_statement,b11235_bank_statement.pdf,verified,67,Structured checks passed
B11235,income_document,b11235_income_document.pdf,needs_review,71,OCR pending — status from structured verification
B11236,identity,b11236_identity.pdf,verified,65,Structured checks passed
B11236,bank_statement,b11236_bank_statement.pdf,needs_review,66,OCR pending — status from structured verification
B11236,income_document,b11236_income_document.pdf,verified,61,Structured checks passed
B11237,identity,b11237_identity.pdf,verified,77,Structured checks passed
B11237,bank_statement,b11237_bank_statement.pdf,verified,73,Structured checks passed
B11237,income_document,b11237_income_document.pdf,verified,75,Structured checks passed
B11237,salary_slip,b11237_salary_slip.pdf,verified,83,Structured checks passed
B11238,identity,b11238_identity.pdf,verified,45,Structured checks passed
B11238,bank_statement,b11238_bank_statement.pdf,needs_review,50,OCR pending — status from structured verification
B11238,income_document,b11238_income_document.pdf,verified,51,Structured checks passed
B11238,business_document,b11238_business_document.pdf,needs_review,45,OCR pending — status from structured verification
B11239,identity,b11239_identity.pdf,needs_review,59,OCR pending — status from structured verification
B11239,bank_statement,b11239_bank_statement.pdf,verified,45,Structured checks passed
B11239,income_document,b11239_income_document.pdf,verified,42,Structured checks passed
B11239,business_document,b11239_business_document.pdf,verified,57,Structured checks passed
B11240,identity,b11240_identity.pdf,verified,99,Structured checks passed
B11240,bank_statement,b11240_bank_statement.pdf,verified,91,Structured checks passed
B11240,income_document,b11240_income_document.pdf,verified,99,Structured checks passed
B11240,business_document,b11240_business_document.pdf,verified,93,Structured checks passed
B11241,identity,b11241_identity.pdf,suspicious,32,OCR pending — status from structured verification
B11241,bank_statement,b11241_bank_statement.pdf,suspicious,51,OCR pending — status from structured verification
B11241,income_document,b11241_income_document.pdf,verified,40,Structured checks passed
B11241,business_document,b11241_business_document.pdf,suspicious,47,OCR pending — status from structured verification
B11242,identity,b11242_identity.pdf,verified,62,Structured checks passed
B11242,bank_statement,b11242_bank_statement.pdf,verified,68,Structured checks passed
B11242,income_document,b11242_income_document.pdf,verified,65,Structured checks passed
B11242,salary_slip,b11242_salary_slip.pdf,verified,60,Structured checks passed
B11243,identity,b11243_identity.pdf,verified,64,Structured checks passed
B11243,bank_statement,b11243_bank_statement.pdf,needs_review,57,OCR pending — status from structured verification
B11243,income_document,b11243_income_document.pdf,verified,67,Structured checks passed
B11243,salary_slip,b11243_salary_slip.pdf,verified,60,Structured checks passed
B11244,identity,b11244_identity.pdf,verified,95,Structured checks passed
B11244,bank_statement,b11244_bank_statement.pdf,verified,84,Structured checks passed
B11244,income_document,b11244_income_document.pdf,verified,99,Structured checks passed
B11244,salary_slip,b11244_salary_slip.pdf,verified,86,Structured checks passed
B11245,identity,b11245_identity.pdf,suspicious,69,OCR pending — status from structured verification
B11245,bank_statement,b11245_bank_statement.pdf,needs_review,72,OCR pending — status from structured verification
B11245,income_document,b11245_income_document.pdf,suspicious,65,OCR pending — status from structured verification
B11245,business_document,b11245_business_document.pdf,needs_review,59,OCR pending — status from structured verification
B11246,identity,b11246_identity.pdf,verified,45,Structured checks passed
B11246,bank_statement,b11246_bank_statement.pdf,verified,51,Structured checks passed
B11246,income_document,b11246_income_document.pdf,verified,43,Structured checks passed
B11247,identity,b11247_identity.pdf,needs_review,51,OCR pending — status from structured verification
B11247,bank_statement,b11247_bank_statement.pdf,verified,41,Structured checks passed
B11247,income_document,b11247_income_document.pdf,verified,42,Structured checks passed
B11247,salary_slip,b11247_salary_slip.pdf,verified,55,Structured checks passed
B11248,identity,b11248_identity.pdf,verified,88,Structured checks passed
B11248,bank_statement,b11248_bank_statement.pdf,verified,77,Structured checks passed
B11248,income_document,b11248_income_document.pdf,verified,88,Structured checks passed
B11248,business_document,b11248_business_document.pdf,verified,75,Structured checks passed
B11249,identity,b11249_identity.pdf,suspicious,55,OCR pending — status from structured verification
B11249,bank_statement,b11249_bank_statement.pdf,verified,55,Structured checks passed
B11249,income_document,b11249_income_document.pdf,needs_review,49,OCR pending — status from structured verification
B11250,identity,b11250_identity.pdf,verified,90,Structured checks passed
B11250,bank_statement,b11250_bank_statement.pdf,verified,93,Structured checks passed
B11250,income_document,b11250_income_document.pdf,verified,95,Structured checks passed
B11250,salary_slip,b11250_salary_slip.pdf,verified,99,Structured checks passed
B11251,identity,b11251_identity.pdf,verified,39,Structured checks passed
B11251,bank_statement,b11251_bank_statement.pdf,verified,47,Structured checks passed
B11251,income_document,b11251_income_document.pdf,needs_review,55,OCR pending — status from structured verification
B11252,identity,b11252_identity.pdf,verified,53,Structured checks passed
B11252,bank_statement,b11252_bank_statement.pdf,verified,51,Structured checks passed
B11252,income_document,b11252_income_document.pdf,verified,53,Structured checks passed
B11252,salary_slip,b11252_salary_slip.pdf,verified,62,Structured checks passed
B11253,identity,b11253_identity.pdf,needs_review,38,OCR pending — status from structured verification
B11253,bank_statement,b11253_bank_statement.pdf,verified,51,Structured checks passed
B11253,income_document,b11253_income_document.pdf,needs_review,46,OCR pending — status from structured verification
B11254,identity,b11254_identity.pdf,verified,99,Structured checks passed
B11254,bank_statement,b11254_bank_statement.pdf,verified,99,Structured checks passed
B11254,income_document,b11254_income_document.pdf,verified,93,Structured checks passed
B11254,salary_slip,b11254_salary_slip.pdf,verified,90,Structured checks passed
B11255,identity,b11255_identity.pdf,verified,79,Structured checks passed
B11255,bank_statement,b11255_bank_statement.pdf,verified,77,Structured checks passed
B11255,income_document,b11255_income_document.pdf,verified,71,Structured checks passed
B11255,business_document,b11255_business_document.pdf,verified,90,Structured checks passed
B11256,identity,b11256_identity.pdf,verified,60,Structured checks passed
B11256,bank_statement,b11256_bank_statement.pdf,verified,52,Structured checks passed
B11256,income_document,b11256_income_document.pdf,suspicious,55,OCR pending — status from structured verification
B11257,identity,b11257_identity.pdf,verified,74,Structured checks passed
B11257,bank_statement,b11257_bank_statement.pdf,verified,79,Structured checks passed
B11257,income_document,b11257_income_document.pdf,verified,74,Structured checks passed
B11257,business_document,b11257_business_document.pdf,verified,88,Structured checks passed
B11258,identity,b11258_identity.pdf,needs_review,80,OCR pending — status from structured verification
B11258,bank_statement,b11258_bank_statement.pdf,verified,75,Structured checks passed
B11258,income_document,b11258_income_document.pdf,verified,74,Structured checks passed
B11258,business_document,b11258_business_document.pdf,verified,81,Structured checks passed
B11259,identity,b11259_identity.pdf,needs_review,53,OCR pending — status from structured verification
B11259,bank_statement,b11259_bank_statement.pdf,verified,54,Structured checks passed
B11259,income_document,b11259_income_document.pdf,verified,42,Structured checks passed
B11259,salary_slip,b11259_salary_slip.pdf,verified,41,Structured checks passed
B11260,identity,b11260_identity.pdf,verified,55,Structured checks passed
B11260,bank_statement,b11260_bank_statement.pdf,verified,69,Structured checks passed
B11260,income_document,b11260_income_document.pdf,verified,59,Structured checks passed
B11261,identity,b11261_identity.pdf,verified,45,Structured checks passed
B11261,bank_statement,b11261_bank_statement.pdf,verified,50,Structured checks passed
B11261,income_document,b11261_income_document.pdf,needs_review,47,OCR pending — status from structured verification
B11261,business_document,b11261_business_document.pdf,verified,55,Structured checks passed
B11262,identity,b11262_identity.pdf,verified,55,Structured checks passed
B11262,bank_statement,b11262_bank_statement.pdf,suspicious,57,OCR pending — status from structured verification
B11262,income_document,b11262_income_document.pdf,verified,55,Structured checks passed
B11262,salary_slip,b11262_salary_slip.pdf,verified,45,Structured checks passed
B11263,identity,b11263_identity.pdf,verified,64,Structured checks passed
B11263,bank_statement,b11263_bank_statement.pdf,verified,74,Structured checks passed
B11263,income_document,b11263_income_document.pdf,verified,61,Structured checks passed
B11263,salary_slip,b11263_salary_slip.pdf,verified,60,Structured checks passed
B11264,identity,b11264_identity.pdf,verified,97,Structured checks passed
B11264,bank_statement,b11264_bank_statement.pdf,verified,85,Structured checks passed
B11264,income_document,b11264_income_document.pdf,verified,99,Structured checks passed
B11265,identity,b11265_identity.pdf,verified,49,Structured checks passed
B11265,bank_statement,b11265_bank_statement.pdf,verified,37,Structured checks passed
B11265,income_document,b11265_income_document.pdf,suspicious,36,OCR pending — status from structured verification
B11266,identity,b11266_identity.pdf,verified,41,Structured checks passed
B11266,bank_statement,b11266_bank_statement.pdf,verified,31,Structured checks passed
B11266,income_document,b11266_income_document.pdf,verified,28,Structured checks passed
B11266,salary_slip,b11266_salary_slip.pdf,verified,44,Structured checks passed
B11267,identity,b11267_identity.pdf,verified,68,Structured checks passed
B11267,bank_statement,b11267_bank_statement.pdf,verified,73,Structured checks passed
B11267,income_document,b11267_income_document.pdf,verified,69,Structured checks passed
B11267,salary_slip,b11267_salary_slip.pdf,verified,71,Structured checks passed
B11268,identity,b11268_identity.pdf,suspicious,58,OCR pending — status from structured verification
B11268,bank_statement,b11268_bank_statement.pdf,needs_review,57,OCR pending — status from structured verification
B11268,income_document,b11268_income_document.pdf,verified,52,Structured checks passed
B11268,salary_slip,b11268_salary_slip.pdf,verified,48,Structured checks passed
B11269,identity,b11269_identity.pdf,verified,48,Structured checks passed
B11269,bank_statement,b11269_bank_statement.pdf,verified,42,Structured checks passed
B11269,income_document,b11269_income_document.pdf,verified,36,Structured checks passed
B11269,business_document,b11269_business_document.pdf,verified,45,Structured checks passed
B11270,identity,b11270_identity.pdf,verified,78,Structured checks passed
B11270,bank_statement,b11270_bank_statement.pdf,verified,76,Structured checks passed
B11270,income_document,b11270_income_document.pdf,suspicious,69,OCR pending — status from structured verification
B11270,salary_slip,b11270_salary_slip.pdf,suspicious,68,OCR pending — status from structured verification
B11271,identity,b11271_identity.pdf,verified,72,Structured checks passed
B11271,bank_statement,b11271_bank_statement.pdf,verified,81,Structured checks passed
B11271,income_document,b11271_income_document.pdf,needs_review,67,OCR pending — status from structured verification
B11272,identity,b11272_identity.pdf,verified,99,Structured checks passed
B11272,bank_statement,b11272_bank_statement.pdf,verified,93,Structured checks passed
B11272,income_document,b11272_income_document.pdf,verified,99,Structured checks passed
B11273,identity,b11273_identity.pdf,suspicious,46,OCR pending — status from structured verification
B11273,bank_statement,b11273_bank_statement.pdf,verified,52,Structured checks passed
B11273,income_document,b11273_income_document.pdf,verified,46,Structured checks passed
B11273,salary_slip,b11273_salary_slip.pdf,verified,48,Structured checks passed
B11274,identity,b11274_identity.pdf,suspicious,42,OCR pending — status from structured verification
B11274,bank_statement,b11274_bank_statement.pdf,verified,56,Structured checks passed
B11274,income_document,b11274_income_document.pdf,verified,47,Structured checks passed
B11274,salary_slip,b11274_salary_slip.pdf,verified,49,Structured checks passed
B11275,identity,b11275_identity.pdf,needs_review,73,OCR pending — status from structured verification
B11275,bank_statement,b11275_bank_statement.pdf,verified,83,Structured checks passed
B11275,income_document,b11275_income_document.pdf,verified,78,Structured checks passed
B11275,salary_slip,b11275_salary_slip.pdf,verified,79,Structured checks passed
B11276,identity,b11276_identity.pdf,suspicious,63,OCR pending — status from structured verification
B11276,bank_statement,b11276_bank_statement.pdf,verified,62,Structured checks passed
B11276,income_document,b11276_income_document.pdf,verified,66,Structured checks passed
B11276,business_document,b11276_business_document.pdf,verified,51,Structured checks passed
B11277,identity,b11277_identity.pdf,verified,97,Structured checks passed
B11277,bank_statement,b11277_bank_statement.pdf,verified,92,Structured checks passed
B11277,income_document,b11277_income_document.pdf,verified,85,Structured checks passed
B11277,salary_slip,b11277_salary_slip.pdf,verified,98,Structured checks passed
B11278,identity,b11278_identity.pdf,verified,99,Structured checks passed
B11278,bank_statement,b11278_bank_statement.pdf,verified,99,Structured checks passed
B11278,income_document,b11278_income_document.pdf,verified,99,Structured checks passed
B11278,business_document,b11278_business_document.pdf,verified,99,Structured checks passed
B11279,identity,b11279_identity.pdf,suspicious,51,OCR pending — status from structured verification
B11279,bank_statement,b11279_bank_statement.pdf,suspicious,54,OCR pending — status from structured verification
B11279,income_document,b11279_income_document.pdf,verified,54,Structured checks passed
B11279,salary_slip,b11279_salary_slip.pdf,verified,60,Structured checks passed
B11280,identity,b11280_identity.pdf,needs_review,53,OCR pending — status from structured verification
B11280,bank_statement,b11280_bank_statement.pdf,verified,53,Structured checks passed
B11280,income_document,b11280_income_document.pdf,verified,62,Structured checks passed
B11281,identity,b11281_identity.pdf,verified,73,Structured checks passed
B11281,bank_statement,b11281_bank_statement.pdf,verified,76,Structured checks passed
B11281,income_document,b11281_income_document.pdf,verified,83,Structured checks passed
B11281,salary_slip,b11281_salary_slip.pdf,verified,84,Structured checks passed
B11282,identity,b11282_identity.pdf,verified,95,Structured checks passed
B11282,bank_statement,b11282_bank_statement.pdf,verified,99,Structured checks passed
B11282,income_document,b11282_income_document.pdf,verified,95,Structured checks passed
B11282,salary_slip,b11282_salary_slip.pdf,verified,99,Structured checks passed
B11283,identity,b11283_identity.pdf,verified,89,Structured checks passed
B11283,bank_statement,b11283_bank_statement.pdf,verified,96,Structured checks passed
B11283,income_document,b11283_income_document.pdf,verified,98,Structured checks passed
B11284,identity,b11284_identity.pdf,needs_review,70,OCR pending — status from structured verification
B11284,bank_statement,b11284_bank_statement.pdf,verified,73,Structured checks passed
B11284,income_document,b11284_income_document.pdf,verified,81,Structured checks passed
B11284,salary_slip,b11284_salary_slip.pdf,verified,70,Structured checks passed
B11285,identity,b11285_identity.pdf,verified,69,Structured checks passed
B11285,bank_statement,b11285_bank_statement.pdf,verified,66,Structured checks passed
B11285,income_document,b11285_income_document.pdf,verified,62,Structured checks passed
B11286,identity,b11286_identity.pdf,verified,77,Structured checks passed
B11286,bank_statement,b11286_bank_statement.pdf,verified,82,Structured checks passed
B11286,income_document,b11286_income_document.pdf,verified,68,Structured checks passed
B11286,salary_slip,b11286_salary_slip.pdf,verified,86,Structured checks passed
B11287,identity,b11287_identity.pdf,verified,74,Structured checks passed
B11287,bank_statement,b11287_bank_statement.pdf,verified,60,Structured checks passed
B11287,income_document,b11287_income_document.pdf,needs_review,59,OCR pending — status from structured verification
B11288,identity,b11288_identity.pdf,verified,62,Structured checks passed
B11288,bank_statement,b11288_bank_statement.pdf,suspicious,63,OCR pending — status from structured verification
B11288,income_document,b11288_income_document.pdf,verified,66,Structured checks passed
B11288,business_document,b11288_business_document.pdf,suspicious,62,OCR pending — status from structured verification
B11289,identity,b11289_identity.pdf,suspicious,59,OCR pending — status from structured verification
B11289,bank_statement,b11289_bank_statement.pdf,needs_review,52,OCR pending — status from structured verification
B11289,income_document,b11289_income_document.pdf,verified,60,Structured checks passed
B11290,identity,b11290_identity.pdf,needs_review,82,OCR pending — status from structured verification
B11290,bank_statement,b11290_bank_statement.pdf,verified,78,Structured checks passed
B11290,income_document,b11290_income_document.pdf,verified,75,Structured checks passed
B11291,identity,b11291_identity.pdf,verified,45,Structured checks passed
B11291,bank_statement,b11291_bank_statement.pdf,verified,42,Structured checks passed
B11291,income_document,b11291_income_document.pdf,needs_review,48,OCR pending — status from structured verification
B11292,identity,b11292_identity.pdf,suspicious,58,OCR pending — status from structured verification
B11292,bank_statement,b11292_bank_statement.pdf,verified,56,Structured checks passed
B11292,income_document,b11292_income_document.pdf,suspicious,55,OCR pending — status from structured verification
B11293,identity,b11293_identity.pdf,verified,53,Structured checks passed
B11293,bank_statement,b11293_bank_statement.pdf,suspicious,56,OCR pending — status from structured verification
B11293,income_document,b11293_income_document.pdf,verified,39,Structured checks passed
B11294,identity,b11294_identity.pdf,verified,83,Structured checks passed
B11294,bank_statement,b11294_bank_statement.pdf,needs_review,96,OCR pending — status from structured verification
B11294,income_document,b11294_income_document.pdf,verified,95,Structured checks passed
B11295,identity,b11295_identity.pdf,verified,37,Structured checks passed
B11295,bank_statement,b11295_bank_statement.pdf,verified,25,Structured checks passed
B11295,income_document,b11295_income_document.pdf,verified,36,Structured checks passed
B11295,business_document,b11295_business_document.pdf,verified,37,Structured checks passed
B11296,identity,b11296_identity.pdf,suspicious,39,OCR pending — status from structured verification
B11296,bank_statement,b11296_bank_statement.pdf,verified,40,Structured checks passed
B11296,income_document,b11296_income_document.pdf,suspicious,55,OCR pending — status from structured verification
B11297,identity,b11297_identity.pdf,verified,77,Structured checks passed
B11297,bank_statement,b11297_bank_statement.pdf,verified,76,Structured checks passed
B11297,income_document,b11297_income_document.pdf,verified,72,Structured checks passed
B11297,salary_slip,b11297_salary_slip.pdf,verified,69,Structured checks passed
B11298,identity,b11298_identity.pdf,verified,73,Structured checks passed
B11298,bank_statement,b11298_bank_statement.pdf,verified,75,Structured checks passed
B11298,income_document,b11298_income_document.pdf,verified,80,Structured checks passed
B11298,salary_slip,b11298_salary_slip.pdf,verified,80,Structured checks passed
B11299,identity,b11299_identity.pdf,verified,55,Structured checks passed
B11299,bank_statement,b11299_bank_statement.pdf,suspicious,52,OCR pending — status from structured verification
B11299,income_document,b11299_income_document.pdf,verified,62,Structured checks passed
B11299,business_document,b11299_business_document.pdf,suspicious,59,OCR pending — status from structured verification
B11300,identity,b11300_identity.pdf,verified,30,Structured checks passed
B11300,bank_statement,b11300_bank_statement.pdf,verified,42,Structured checks passed
B11300,income_document,b11300_income_document.pdf,needs_review,33,OCR pending — status from structured verification
B11300,business_document,b11300_business_document.pdf,verified,29,Structured checks passed
B11301,identity,b11301_identity.pdf,verified,47,Structured checks passed
B11301,bank_statement,b11301_bank_statement.pdf,suspicious,39,OCR pending — status from structured verification
B11301,income_document,b11301_income_document.pdf,suspicious,39,OCR pending — status from structured verification
B11301,salary_slip,b11301_salary_slip.pdf,suspicious,48,OCR pending — status from structured verification
B11302,identity,b11302_identity.pdf,verified,81,Structured checks passed
B11302,bank_statement,b11302_bank_statement.pdf,verified,79,Structured checks passed
B11302,income_document,b11302_income_document.pdf,verified,73,Structured checks passed
B11302,salary_slip,b11302_salary_slip.pdf,verified,72,Structured checks passed
B11303,identity,b11303_identity.pdf,verified,90,Structured checks passed
B11303,bank_statement,b11303_bank_statement.pdf,verified,99,Structured checks passed
B11303,income_document,b11303_income_document.pdf,verified,89,Structured checks passed
B11303,business_document,b11303_business_document.pdf,verified,97,Structured checks passed
B11304,identity,b11304_identity.pdf,verified,62,Structured checks passed
B11304,bank_statement,b11304_bank_statement.pdf,needs_review,68,OCR pending — status from structured verification
B11304,income_document,b11304_income_document.pdf,verified,53,Structured checks passed
B11305,identity,b11305_identity.pdf,verified,87,Structured checks passed
B11305,bank_statement,b11305_bank_statement.pdf,verified,73,Structured checks passed
B11305,income_document,b11305_income_document.pdf,verified,73,Structured checks passed
B11305,salary_slip,b11305_salary_slip.pdf,verified,89,Structured checks passed
B11306,identity,b11306_identity.pdf,verified,99,Structured checks passed
B11306,bank_statement,b11306_bank_statement.pdf,verified,93,Structured checks passed
B11306,income_document,b11306_income_document.pdf,verified,92,Structured checks passed
B11306,salary_slip,b11306_salary_slip.pdf,verified,91,Structured checks passed
B11307,identity,b11307_identity.pdf,needs_review,51,OCR pending — status from structured verification
B11307,bank_statement,b11307_bank_statement.pdf,verified,54,Structured checks passed
B11307,income_document,b11307_income_document.pdf,verified,58,Structured checks passed
B11308,identity,b11308_identity.pdf,verified,42,Structured checks passed
B11308,bank_statement,b11308_bank_statement.pdf,suspicious,41,OCR pending — status from structured verification
B11308,income_document,b11308_income_document.pdf,verified,42,Structured checks passed
B11309,identity,b11309_identity.pdf,verified,67,Structured checks passed
B11309,bank_statement,b11309_bank_statement.pdf,verified,69,Structured checks passed
B11309,income_document,b11309_income_document.pdf,needs_review,81,OCR pending — status from structured verification
B11309,business_document,b11309_business_document.pdf,verified,77,Structured checks passed
B11310,identity,b11310_identity.pdf,verified,47,Structured checks passed
B11310,bank_statement,b11310_bank_statement.pdf,verified,38,Structured checks passed
B11310,income_document,b11310_income_document.pdf,verified,43,Structured checks passed
B11310,salary_slip,b11310_salary_slip.pdf,verified,42,Structured checks passed
B11311,identity,b11311_identity.pdf,verified,68,Structured checks passed
B11311,bank_statement,b11311_bank_statement.pdf,verified,79,Structured checks passed
B11311,income_document,b11311_income_document.pdf,verified,69,Structured checks passed
B11311,salary_slip,b11311_salary_slip.pdf,verified,83,Structured checks passed
B11312,identity,b11312_identity.pdf,verified,51,Structured checks passed
B11312,bank_statement,b11312_bank_statement.pdf,verified,51,Structured checks passed
B11312,income_document,b11312_income_document.pdf,verified,47,Structured checks passed
B11313,identity,b11313_identity.pdf,verified,80,Structured checks passed
B11313,bank_statement,b11313_bank_statement.pdf,verified,83,Structured checks passed
B11313,income_document,b11313_income_document.pdf,verified,80,Structured checks passed
B11313,salary_slip,b11313_salary_slip.pdf,verified,78,Structured checks passed
B11314,identity,b11314_identity.pdf,verified,45,Structured checks passed
B11314,bank_statement,b11314_bank_statement.pdf,verified,47,Structured checks passed
B11314,income_document,b11314_income_document.pdf,verified,61,Structured checks passed
B11314,salary_slip,b11314_salary_slip.pdf,verified,63,Structured checks passed
B11315,identity,b11315_identity.pdf,verified,69,Structured checks passed
B11315,bank_statement,b11315_bank_statement.pdf,verified,62,Structured checks passed
B11315,income_document,b11315_income_document.pdf,suspicious,59,OCR pending — status from structured verification
B11315,salary_slip,b11315_salary_slip.pdf,suspicious,70,OCR pending — status from structured verification
B11316,identity,b11316_identity.pdf,needs_review,63,OCR pending — status from structured verification
B11316,bank_statement,b11316_bank_statement.pdf,verified,52,Structured checks passed
B11316,income_document,b11316_income_document.pdf,verified,54,Structured checks passed
B11316,salary_slip,b11316_salary_slip.pdf,verified,61,Structured checks passed
B11317,identity,b11317_identity.pdf,verified,87,Structured checks passed
B11317,bank_statement,b11317_bank_statement.pdf,verified,99,Structured checks passed
B11317,income_document,b11317_income_document.pdf,verified,88,Structured checks passed
B11318,identity,b11318_identity.pdf,verified,39,Structured checks passed
B11318,bank_statement,b11318_bank_statement.pdf,verified,44,Structured checks passed
B11318,income_document,b11318_income_document.pdf,verified,39,Structured checks passed
B11318,salary_slip,b11318_salary_slip.pdf,verified,41,Structured checks passed
B11319,identity,b11319_identity.pdf,verified,46,Structured checks passed
B11319,bank_statement,b11319_bank_statement.pdf,verified,51,Structured checks passed
B11319,income_document,b11319_income_document.pdf,needs_review,56,OCR pending — status from structured verification
B11319,salary_slip,b11319_salary_slip.pdf,needs_review,41,OCR pending — status from structured verification
B11320,identity,b11320_identity.pdf,verified,70,Structured checks passed
B11320,bank_statement,b11320_bank_statement.pdf,needs_review,60,OCR pending — status from structured verification
B11320,income_document,b11320_income_document.pdf,verified,63,Structured checks passed
B11320,salary_slip,b11320_salary_slip.pdf,verified,70,Structured checks passed
B11321,identity,b11321_identity.pdf,verified,63,Structured checks passed
B11321,bank_statement,b11321_bank_statement.pdf,verified,62,Structured checks passed
B11321,income_document,b11321_income_document.pdf,verified,63,Structured checks passed
B11322,identity,b11322_identity.pdf,verified,55,Structured checks passed
B11322,bank_statement,b11322_bank_statement.pdf,suspicious,64,OCR pending — status from structured verification
B11322,income_document,b11322_income_document.pdf,needs_review,59,OCR pending — status from structured verification
B11322,salary_slip,b11322_salary_slip.pdf,needs_review,49,OCR pending — status from structured verification
B11323,identity,b11323_identity.pdf,verified,39,Structured checks passed
B11323,bank_statement,b11323_bank_statement.pdf,needs_review,40,OCR pending — status from structured verification
B11323,income_document,b11323_income_document.pdf,verified,54,Structured checks passed
B11324,identity,b11324_identity.pdf,verified,86,Structured checks passed
B11324,bank_statement,b11324_bank_statement.pdf,verified,78,Structured checks passed
B11324,income_document,b11324_income_document.pdf,verified,90,Structured checks passed
B11324,business_document,b11324_business_document.pdf,verified,81,Structured checks passed
B11325,identity,b11325_identity.pdf,verified,83,Structured checks passed
B11325,bank_statement,b11325_bank_statement.pdf,verified,73,Structured checks passed
B11325,income_document,b11325_income_document.pdf,needs_review,75,OCR pending — status from structured verification
B11326,identity,b11326_identity.pdf,verified,81,Structured checks passed
B11326,bank_statement,b11326_bank_statement.pdf,verified,87,Structured checks passed
B11326,income_document,b11326_income_document.pdf,verified,71,Structured checks passed
B11326,salary_slip,b11326_salary_slip.pdf,verified,87,Structured checks passed
B11327,identity,b11327_identity.pdf,verified,76,Structured checks passed
B11327,bank_statement,b11327_bank_statement.pdf,verified,92,Structured checks passed
B11327,income_document,b11327_income_document.pdf,verified,90,Structured checks passed
B11327,salary_slip,b11327_salary_slip.pdf,verified,86,Structured checks passed
B11328,identity,b11328_identity.pdf,suspicious,29,OCR pending — status from structured verification
B11328,bank_statement,b11328_bank_statement.pdf,needs_review,45,OCR pending — status from structured verification
B11328,income_document,b11328_income_document.pdf,needs_review,38,OCR pending — status from structured verification
B11328,business_document,b11328_business_document.pdf,needs_review,46,OCR pending — status from structured verification
B11329,identity,b11329_identity.pdf,verified,70,Structured checks passed
B11329,bank_statement,b11329_bank_statement.pdf,verified,67,Structured checks passed
B11329,income_document,b11329_income_document.pdf,needs_review,57,OCR pending — status from structured verification
B11329,business_document,b11329_business_document.pdf,verified,63,Structured checks passed
B11330,identity,b11330_identity.pdf,verified,74,Structured checks passed
B11330,bank_statement,b11330_bank_statement.pdf,suspicious,57,OCR pending — status from structured verification
B11330,income_document,b11330_income_document.pdf,needs_review,71,OCR pending — status from structured verification
B11330,salary_slip,b11330_salary_slip.pdf,needs_review,66,OCR pending — status from structured verification
B11331,identity,b11331_identity.pdf,verified,53,Structured checks passed
B11331,bank_statement,b11331_bank_statement.pdf,suspicious,41,OCR pending — status from structured verification
B11331,income_document,b11331_income_document.pdf,verified,51,Structured checks passed
B11331,business_document,b11331_business_document.pdf,suspicious,53,OCR pending — status from structured verification
B11332,identity,b11332_identity.pdf,verified,62,Structured checks passed
B11332,bank_statement,b11332_bank_statement.pdf,verified,64,Structured checks passed
B11332,income_document,b11332_income_document.pdf,needs_review,63,OCR pending — status from structured verification
B11332,salary_slip,b11332_salary_slip.pdf,needs_review,57,OCR pending — status from structured verification
B11333,identity,b11333_identity.pdf,verified,83,Structured checks passed
B11333,bank_statement,b11333_bank_statement.pdf,needs_review,90,OCR pending — status from structured verification
B11333,income_document,b11333_income_document.pdf,needs_review,81,OCR pending — status from structured verification
B11333,business_document,b11333_business_document.pdf,needs_review,92,OCR pending — status from structured verification
B11334,identity,b11334_identity.pdf,verified,78,Structured checks passed
B11334,bank_statement,b11334_bank_statement.pdf,verified,71,Structured checks passed
B11334,income_document,b11334_income_document.pdf,verified,72,Structured checks passed
B11334,business_document,b11334_business_document.pdf,verified,77,Structured checks passed
B11335,identity,b11335_identity.pdf,verified,23,Structured checks passed
B11335,bank_statement,b11335_bank_statement.pdf,verified,19,Structured checks passed
B11335,income_document,b11335_income_document.pdf,verified,30,Structured checks passed
B11336,identity,b11336_identity.pdf,verified,71,Structured checks passed
B11336,bank_statement,b11336_bank_statement.pdf,suspicious,71,OCR pending — status from structured verification
B11336,income_document,b11336_income_document.pdf,verified,71,Structured checks passed
B11336,salary_slip,b11336_salary_slip.pdf,verified,60,Structured checks passed
B11337,identity,b11337_identity.pdf,verified,96,Structured checks passed
B11337,bank_statement,b11337_bank_statement.pdf,verified,89,Structured checks passed
B11337,income_document,b11337_income_document.pdf,needs_review,98,OCR pending — status from structured verification
B11337,salary_slip,b11337_salary_slip.pdf,needs_review,97,OCR pending — status from structured verification
B11338,identity,b11338_identity.pdf,needs_review,37,OCR pending — status from structured verification
B11338,bank_statement,b11338_bank_statement.pdf,verified,44,Structured checks passed
B11338,income_document,b11338_income_document.pdf,verified,53,Structured checks passed
B11338,business_document,b11338_business_document.pdf,verified,48,Structured checks passed
B11339,identity,b11339_identity.pdf,suspicious,59,OCR pending — status from structured verification
B11339,bank_statement,b11339_bank_statement.pdf,verified,54,Structured checks passed
B11339,income_document,b11339_income_document.pdf,suspicious,68,OCR pending — status from structured verification
B11339,salary_slip,b11339_salary_slip.pdf,suspicious,56,OCR pending — status from structured verification
B11340,identity,b11340_identity.pdf,verified,86,Structured checks passed
B11340,bank_statement,b11340_bank_statement.pdf,verified,84,Structured checks passed
B11340,income_document,b11340_income_document.pdf,verified,99,Structured checks passed
B11341,identity,b11341_identity.pdf,verified,58,Structured checks passed
B11341,bank_statement,b11341_bank_statement.pdf,verified,61,Structured checks passed
B11341,income_document,b11341_income_document.pdf,verified,56,Structured checks passed
B11341,business_document,b11341_business_document.pdf,verified,64,Structured checks passed
B11342,identity,b11342_identity.pdf,verified,69,Structured checks passed
B11342,bank_statement,b11342_bank_statement.pdf,suspicious,63,OCR pending — status from structured verification
B11342,income_document,b11342_income_document.pdf,verified,51,Structured checks passed
B11342,business_document,b11342_business_document.pdf,suspicious,65,OCR pending — status from structured verification
B11343,identity,b11343_identity.pdf,verified,42,Structured checks passed
B11343,bank_statement,b11343_bank_statement.pdf,verified,38,Structured checks passed
B11343,income_document,b11343_income_document.pdf,verified,51,Structured checks passed
B11344,identity,b11344_identity.pdf,needs_review,61,OCR pending — status from structured verification
B11344,bank_statement,b11344_bank_statement.pdf,verified,61,Structured checks passed
B11344,income_document,b11344_income_document.pdf,verified,70,Structured checks passed
B11345,identity,b11345_identity.pdf,verified,51,Structured checks passed
B11345,bank_statement,b11345_bank_statement.pdf,verified,63,Structured checks passed
B11345,income_document,b11345_income_document.pdf,suspicious,64,OCR pending — status from structured verification
B11345,salary_slip,b11345_salary_slip.pdf,suspicious,61,OCR pending — status from structured verification
B11346,identity,b11346_identity.pdf,needs_review,37,OCR pending — status from structured verification
B11346,bank_statement,b11346_bank_statement.pdf,needs_review,42,OCR pending — status from structured verification
B11346,income_document,b11346_income_document.pdf,verified,43,Structured checks passed
B11346,salary_slip,b11346_salary_slip.pdf,verified,41,Structured checks passed
B11347,identity,b11347_identity.pdf,verified,59,Structured checks passed
B11347,bank_statement,b11347_bank_statement.pdf,verified,61,Structured checks passed
B11347,income_document,b11347_income_document.pdf,verified,58,Structured checks passed
B11347,business_document,b11347_business_document.pdf,verified,59,Structured checks passed
B11348,identity,b11348_identity.pdf,verified,78,Structured checks passed
B11348,bank_statement,b11348_bank_statement.pdf,verified,79,Structured checks passed
B11348,income_document,b11348_income_document.pdf,verified,74,Structured checks passed
B11348,salary_slip,b11348_salary_slip.pdf,verified,77,Structured checks passed
B11349,identity,b11349_identity.pdf,verified,73,Structured checks passed
B11349,bank_statement,b11349_bank_statement.pdf,verified,70,Structured checks passed
B11349,income_document,b11349_income_document.pdf,verified,82,Structured checks passed
B11349,salary_slip,b11349_salary_slip.pdf,verified,75,Structured checks passed
B11350,identity,b11350_identity.pdf,suspicious,93,OCR pending — status from structured verification
B11350,bank_statement,b11350_bank_statement.pdf,verified,78,Structured checks passed
B11350,income_document,b11350_income_document.pdf,verified,80,Structured checks passed
B11350,salary_slip,b11350_salary_slip.pdf,verified,77,Structured checks passed
B11351,identity,b11351_identity.pdf,verified,91,Structured checks passed
B11351,bank_statement,b11351_bank_statement.pdf,verified,87,Structured checks passed
B11351,income_document,b11351_income_document.pdf,needs_review,82,OCR pending — status from structured verification
B11351,salary_slip,b11351_salary_slip.pdf,needs_review,75,OCR pending — status from structured verification
B11352,identity,b11352_identity.pdf,suspicious,57,OCR pending — status from structured verification
B11352,bank_statement,b11352_bank_statement.pdf,verified,73,Structured checks passed
B11352,income_document,b11352_income_document.pdf,verified,57,Structured checks passed
B11352,business_document,b11352_business_document.pdf,verified,67,Structured checks passed
B11353,identity,b11353_identity.pdf,verified,82,Structured checks passed
B11353,bank_statement,b11353_bank_statement.pdf,verified,99,Structured checks passed
B11353,income_document,b11353_income_document.pdf,verified,95,Structured checks passed
B11354,identity,b11354_identity.pdf,verified,48,Structured checks passed
B11354,bank_statement,b11354_bank_statement.pdf,verified,57,Structured checks passed
B11354,income_document,b11354_income_document.pdf,verified,55,Structured checks passed
B11355,identity,b11355_identity.pdf,verified,66,Structured checks passed
B11355,bank_statement,b11355_bank_statement.pdf,suspicious,66,OCR pending — status from structured verification
B11355,income_document,b11355_income_document.pdf,suspicious,57,OCR pending — status from structured verification
B11355,salary_slip,b11355_salary_slip.pdf,suspicious,60,OCR pending — status from structured verification
B11356,identity,b11356_identity.pdf,verified,69,Structured checks passed
B11356,bank_statement,b11356_bank_statement.pdf,suspicious,61,OCR pending — status from structured verification
B11356,income_document,b11356_income_document.pdf,verified,71,Structured checks passed
B11356,salary_slip,b11356_salary_slip.pdf,verified,55,Structured checks passed
B11357,identity,b11357_identity.pdf,verified,48,Structured checks passed
B11357,bank_statement,b11357_bank_statement.pdf,needs_review,32,OCR pending — status from structured verification
B11357,income_document,b11357_income_document.pdf,needs_review,36,OCR pending — status from structured verification
B11357,business_document,b11357_business_document.pdf,needs_review,50,OCR pending — status from structured verification
B11358,identity,b11358_identity.pdf,needs_review,65,OCR pending — status from structured verification
B11358,bank_statement,b11358_bank_statement.pdf,needs_review,59,OCR pending — status from structured verification
B11358,income_document,b11358_income_document.pdf,verified,70,Structured checks passed
B11358,business_document,b11358_business_document.pdf,needs_review,63,OCR pending — status from structured verification
B11359,identity,b11359_identity.pdf,needs_review,72,OCR pending — status from structured verification
B11359,bank_statement,b11359_bank_statement.pdf,verified,74,Structured checks passed
B11359,income_document,b11359_income_document.pdf,verified,76,Structured checks passed
B11359,business_document,b11359_business_document.pdf,verified,66,Structured checks passed
B11360,identity,b11360_identity.pdf,verified,69,Structured checks passed
B11360,bank_statement,b11360_bank_statement.pdf,verified,60,Structured checks passed
B11360,income_document,b11360_income_document.pdf,needs_review,58,OCR pending — status from structured verification
B11361,identity,b11361_identity.pdf,suspicious,39,OCR pending — status from structured verification
B11361,bank_statement,b11361_bank_statement.pdf,needs_review,42,OCR pending — status from structured verification
B11361,income_document,b11361_income_document.pdf,suspicious,53,OCR pending — status from structured verification
B11362,identity,b11362_identity.pdf,verified,76,Structured checks passed
B11362,bank_statement,b11362_bank_statement.pdf,verified,75,Structured checks passed
B11362,income_document,b11362_income_document.pdf,verified,68,Structured checks passed
B11363,identity,b11363_identity.pdf,verified,83,Structured checks passed
B11363,bank_statement,b11363_bank_statement.pdf,verified,71,Structured checks passed
B11363,income_document,b11363_income_document.pdf,verified,75,Structured checks passed
B11364,identity,b11364_identity.pdf,verified,80,Structured checks passed
B11364,bank_statement,b11364_bank_statement.pdf,verified,73,Structured checks passed
B11364,income_document,b11364_income_document.pdf,verified,76,Structured checks passed
B11364,salary_slip,b11364_salary_slip.pdf,verified,65,Structured checks passed
B11365,identity,b11365_identity.pdf,needs_review,75,OCR pending — status from structured verification
B11365,bank_statement,b11365_bank_statement.pdf,verified,76,Structured checks passed
B11365,income_document,b11365_income_document.pdf,verified,82,Structured checks passed
B11365,business_document,b11365_business_document.pdf,verified,69,Structured checks passed
B11366,identity,b11366_identity.pdf,needs_review,72,OCR pending — status from structured verification
B11366,bank_statement,b11366_bank_statement.pdf,verified,77,Structured checks passed
B11366,income_document,b11366_income_document.pdf,verified,66,Structured checks passed
B11367,identity,b11367_identity.pdf,verified,78,Structured checks passed
B11367,bank_statement,b11367_bank_statement.pdf,verified,80,Structured checks passed
B11367,income_document,b11367_income_document.pdf,verified,70,Structured checks passed
B11367,salary_slip,b11367_salary_slip.pdf,verified,86,Structured checks passed
B11368,identity,b11368_identity.pdf,verified,99,Structured checks passed
B11368,bank_statement,b11368_bank_statement.pdf,verified,99,Structured checks passed
B11368,income_document,b11368_income_document.pdf,verified,99,Structured checks passed
B11369,identity,b11369_identity.pdf,verified,59,Structured checks passed
B11369,bank_statement,b11369_bank_statement.pdf,verified,61,Structured checks passed
B11369,income_document,b11369_income_document.pdf,verified,61,Structured checks passed
B11370,identity,b11370_identity.pdf,verified,75,Structured checks passed
B11370,bank_statement,b11370_bank_statement.pdf,verified,65,Structured checks passed
B11370,income_document,b11370_income_document.pdf,needs_review,57,OCR pending — status from structured verification
B11371,identity,b11371_identity.pdf,verified,78,Structured checks passed
B11371,bank_statement,b11371_bank_statement.pdf,verified,68,Structured checks passed
B11371,income_document,b11371_income_document.pdf,verified,65,Structured checks passed
B11372,identity,b11372_identity.pdf,verified,91,Structured checks passed
B11372,bank_statement,b11372_bank_statement.pdf,verified,81,Structured checks passed
B11372,income_document,b11372_income_document.pdf,verified,88,Structured checks passed
B11372,business_document,b11372_business_document.pdf,verified,94,Structured checks passed
B11373,identity,b11373_identity.pdf,verified,40,Structured checks passed
B11373,bank_statement,b11373_bank_statement.pdf,verified,46,Structured checks passed
B11373,income_document,b11373_income_document.pdf,verified,38,Structured checks passed
B11374,identity,b11374_identity.pdf,suspicious,62,OCR pending — status from structured verification
B11374,bank_statement,b11374_bank_statement.pdf,verified,80,Structured checks passed
B11374,income_document,b11374_income_document.pdf,suspicious,64,OCR pending — status from structured verification
B11375,identity,b11375_identity.pdf,verified,71,Structured checks passed
B11375,bank_statement,b11375_bank_statement.pdf,verified,66,Structured checks passed
B11375,income_document,b11375_income_document.pdf,verified,75,Structured checks passed
B11376,identity,b11376_identity.pdf,verified,93,Structured checks passed
B11376,bank_statement,b11376_bank_statement.pdf,verified,92,Structured checks passed
B11376,income_document,b11376_income_document.pdf,verified,84,Structured checks passed
B11376,salary_slip,b11376_salary_slip.pdf,verified,96,Structured checks passed
B11377,identity,b11377_identity.pdf,verified,73,Structured checks passed
B11377,bank_statement,b11377_bank_statement.pdf,verified,87,Structured checks passed
B11377,income_document,b11377_income_document.pdf,verified,70,Structured checks passed
B11377,salary_slip,b11377_salary_slip.pdf,verified,72,Structured checks passed
B11378,identity,b11378_identity.pdf,verified,55,Structured checks passed
B11378,bank_statement,b11378_bank_statement.pdf,verified,47,Structured checks passed
B11378,income_document,b11378_income_document.pdf,verified,65,Structured checks passed
B11378,salary_slip,b11378_salary_slip.pdf,verified,61,Structured checks passed
B11379,identity,b11379_identity.pdf,verified,99,Structured checks passed
B11379,bank_statement,b11379_bank_statement.pdf,verified,99,Structured checks passed
B11379,income_document,b11379_income_document.pdf,verified,87,Structured checks passed
B11380,identity,b11380_identity.pdf,verified,75,Structured checks passed
B11380,bank_statement,b11380_bank_statement.pdf,suspicious,58,OCR pending — status from structured verification
B11380,income_document,b11380_income_document.pdf,verified,61,Structured checks passed
B11380,salary_slip,b11380_salary_slip.pdf,verified,66,Structured checks passed
B11381,identity,b11381_identity.pdf,verified,75,Structured checks passed
B11381,bank_statement,b11381_bank_statement.pdf,verified,77,Structured checks passed
B11381,income_document,b11381_income_document.pdf,verified,71,Structured checks passed
B11382,identity,b11382_identity.pdf,verified,67,Structured checks passed
B11382,bank_statement,b11382_bank_statement.pdf,verified,64,Structured checks passed
B11382,income_document,b11382_income_document.pdf,needs_review,56,OCR pending — status from structured verification
B11382,salary_slip,b11382_salary_slip.pdf,needs_review,68,OCR pending — status from structured verification
B11383,identity,b11383_identity.pdf,verified,61,Structured checks passed
B11383,bank_statement,b11383_bank_statement.pdf,verified,68,Structured checks passed
B11383,income_document,b11383_income_document.pdf,verified,72,Structured checks passed
B11383,salary_slip,b11383_salary_slip.pdf,verified,59,Structured checks passed
B11384,identity,b11384_identity.pdf,needs_review,42,OCR pending — status from structured verification
B11384,bank_statement,b11384_bank_statement.pdf,verified,46,Structured checks passed
B11384,income_document,b11384_income_document.pdf,verified,55,Structured checks passed
B11385,identity,b11385_identity.pdf,verified,64,Structured checks passed
B11385,bank_statement,b11385_bank_statement.pdf,verified,81,Structured checks passed
B11385,income_document,b11385_income_document.pdf,verified,82,Structured checks passed
B11385,salary_slip,b11385_salary_slip.pdf,verified,66,Structured checks passed
B11386,identity,b11386_identity.pdf,verified,51,Structured checks passed
B11386,bank_statement,b11386_bank_statement.pdf,verified,63,Structured checks passed
B11386,income_document,b11386_income_document.pdf,verified,64,Structured checks passed
B11387,identity,b11387_identity.pdf,verified,99,Structured checks passed
B11387,bank_statement,b11387_bank_statement.pdf,needs_review,89,OCR pending — status from structured verification
B11387,income_document,b11387_income_document.pdf,verified,88,Structured checks passed
B11387,salary_slip,b11387_salary_slip.pdf,verified,95,Structured checks passed
B11388,identity,b11388_identity.pdf,verified,70,Structured checks passed
B11388,bank_statement,b11388_bank_statement.pdf,verified,72,Structured checks passed
B11388,income_document,b11388_income_document.pdf,verified,75,Structured checks passed
B11388,salary_slip,b11388_salary_slip.pdf,verified,70,Structured checks passed
B11389,identity,b11389_identity.pdf,verified,83,Structured checks passed
B11389,bank_statement,b11389_bank_statement.pdf,verified,90,Structured checks passed
B11389,income_document,b11389_income_document.pdf,verified,89,Structured checks passed
B11389,business_document,b11389_business_document.pdf,verified,88,Structured checks passed
B11390,identity,b11390_identity.pdf,verified,50,Structured checks passed
B11390,bank_statement,b11390_bank_statement.pdf,verified,59,Structured checks passed
B11390,income_document,b11390_income_document.pdf,verified,65,Structured checks passed
B11390,business_document,b11390_business_document.pdf,verified,61,Structured checks passed
B11391,identity,b11391_identity.pdf,verified,50,Structured checks passed
B11391,bank_statement,b11391_bank_statement.pdf,verified,55,Structured checks passed
B11391,income_document,b11391_income_document.pdf,verified,52,Structured checks passed
B11391,salary_slip,b11391_salary_slip.pdf,verified,62,Structured checks passed
B11392,identity,b11392_identity.pdf,verified,49,Structured checks passed
B11392,bank_statement,b11392_bank_statement.pdf,verified,53,Structured checks passed
B11392,income_document,b11392_income_document.pdf,verified,64,Structured checks passed
B11392,salary_slip,b11392_salary_slip.pdf,verified,62,Structured checks passed
B11393,identity,b11393_identity.pdf,needs_review,67,OCR pending — status from structured verification
B11393,bank_statement,b11393_bank_statement.pdf,verified,65,Structured checks passed
B11393,income_document,b11393_income_document.pdf,suspicious,56,OCR pending — status from structured verification
B11394,identity,b11394_identity.pdf,verified,86,Structured checks passed
B11394,bank_statement,b11394_bank_statement.pdf,verified,72,Structured checks passed
B11394,income_document,b11394_income_document.pdf,verified,85,Structured checks passed
B11394,salary_slip,b11394_salary_slip.pdf,verified,86,Structured checks passed
B11395,identity,b11395_identity.pdf,verified,64,Structured checks passed
B11395,bank_statement,b11395_bank_statement.pdf,verified,60,Structured checks passed
B11395,income_document,b11395_income_document.pdf,verified,57,Structured checks passed
B11395,salary_slip,b11395_salary_slip.pdf,verified,73,Structured checks passed
B11396,identity,b11396_identity.pdf,verified,43,Structured checks passed
B11396,bank_statement,b11396_bank_statement.pdf,verified,57,Structured checks passed
B11396,income_document,b11396_income_document.pdf,needs_review,54,OCR pending — status from structured verification
B11396,business_document,b11396_business_document.pdf,verified,44,Structured checks passed
B11397,identity,b11397_identity.pdf,verified,85,Structured checks passed
B11397,bank_statement,b11397_bank_statement.pdf,verified,67,Structured checks passed
B11397,income_document,b11397_income_document.pdf,verified,81,Structured checks passed
B11398,identity,b11398_identity.pdf,verified,82,Structured checks passed
B11398,bank_statement,b11398_bank_statement.pdf,verified,93,Structured checks passed
B11398,income_document,b11398_income_document.pdf,verified,88,Structured checks passed
B11398,salary_slip,b11398_salary_slip.pdf,verified,85,Structured checks passed
B11399,identity,b11399_identity.pdf,verified,65,Structured checks passed
B11399,bank_statement,b11399_bank_statement.pdf,verified,56,Structured checks passed
B11399,income_document,b11399_income_document.pdf,verified,51,Structured checks passed
B11399,salary_slip,b11399_salary_slip.pdf,verified,48,Structured checks passed
B11400,identity,b11400_identity.pdf,verified,78,Structured checks passed
B11400,bank_statement,b11400_bank_statement.pdf,needs_review,71,OCR pending — status from structured verification
B11400,income_document,b11400_income_document.pdf,verified,71,Structured checks passed
B11401,identity,b11401_identity.pdf,verified,88,Structured checks passed
B11401,bank_statement,b11401_bank_statement.pdf,verified,99,Structured checks passed
B11401,income_document,b11401_income_document.pdf,verified,85,Structured checks passed
B11401,salary_slip,b11401_salary_slip.pdf,verified,90,Structured checks passed
B11402,identity,b11402_identity.pdf,verified,50,Structured checks passed
B11402,bank_statement,b11402_bank_statement.pdf,verified,65,Structured checks passed
B11402,income_document,b11402_income_document.pdf,verified,54,Structured checks passed
B11402,business_document,b11402_business_document.pdf,verified,61,Structured checks passed
B11403,identity,b11403_identity.pdf,verified,52,Structured checks passed
B11403,bank_statement,b11403_bank_statement.pdf,suspicious,65,OCR pending — status from structured verification
B11403,income_document,b11403_income_document.pdf,verified,53,Structured checks passed
B11404,identity,b11404_identity.pdf,verified,65,Structured checks passed
B11404,bank_statement,b11404_bank_statement.pdf,verified,63,Structured checks passed
B11404,income_document,b11404_income_document.pdf,verified,62,Structured checks passed
B11404,business_document,b11404_business_document.pdf,verified,50,Structured checks passed
B11405,identity,b11405_identity.pdf,verified,57,Structured checks passed
B11405,bank_statement,b11405_bank_statement.pdf,verified,49,Structured checks passed
B11405,income_document,b11405_income_document.pdf,verified,59,Structured checks passed
B11406,identity,b11406_identity.pdf,needs_review,56,OCR pending — status from structured verification
B11406,bank_statement,b11406_bank_statement.pdf,verified,67,Structured checks passed
B11406,income_document,b11406_income_document.pdf,verified,47,Structured checks passed
B11406,salary_slip,b11406_salary_slip.pdf,verified,56,Structured checks passed
B11407,identity,b11407_identity.pdf,verified,70,Structured checks passed
B11407,bank_statement,b11407_bank_statement.pdf,verified,61,Structured checks passed
B11407,income_document,b11407_income_document.pdf,verified,68,Structured checks passed
B11408,identity,b11408_identity.pdf,verified,82,Structured checks passed
B11408,bank_statement,b11408_bank_statement.pdf,verified,76,Structured checks passed
B11408,income_document,b11408_income_document.pdf,verified,73,Structured checks passed
B11408,salary_slip,b11408_salary_slip.pdf,verified,76,Structured checks passed
B11409,identity,b11409_identity.pdf,verified,72,Structured checks passed
B11409,bank_statement,b11409_bank_statement.pdf,verified,59,Structured checks passed
B11409,income_document,b11409_income_document.pdf,verified,61,Structured checks passed
B11409,business_document,b11409_business_document.pdf,verified,71,Structured checks passed
B11410,identity,b11410_identity.pdf,verified,71,Structured checks passed
B11410,bank_statement,b11410_bank_statement.pdf,needs_review,75,OCR pending — status from structured verification
B11410,income_document,b11410_income_document.pdf,verified,69,Structured checks passed
B11410,salary_slip,b11410_salary_slip.pdf,verified,71,Structured checks passed
B11411,identity,b11411_identity.pdf,suspicious,37,OCR pending — status from structured verification
B11411,bank_statement,b11411_bank_statement.pdf,suspicious,31,OCR pending — status from structured verification
B11411,income_document,b11411_income_document.pdf,verified,31,Structured checks passed
B11412,identity,b11412_identity.pdf,verified,84,Structured checks passed
B11412,bank_statement,b11412_bank_statement.pdf,verified,93,Structured checks passed
B11412,income_document,b11412_income_document.pdf,verified,90,Structured checks passed
B11412,salary_slip,b11412_salary_slip.pdf,verified,82,Structured checks passed
B11413,identity,b11413_identity.pdf,verified,34,Structured checks passed
B11413,bank_statement,b11413_bank_statement.pdf,verified,37,Structured checks passed
B11413,income_document,b11413_income_document.pdf,verified,32,Structured checks passed
B11414,identity,b11414_identity.pdf,verified,41,Structured checks passed
B11414,bank_statement,b11414_bank_statement.pdf,suspicious,37,OCR pending — status from structured verification
B11414,income_document,b11414_income_document.pdf,suspicious,46,OCR pending — status from structured verification
B11415,identity,b11415_identity.pdf,verified,76,Structured checks passed
B11415,bank_statement,b11415_bank_statement.pdf,verified,66,Structured checks passed
B11415,income_document,b11415_income_document.pdf,verified,70,Structured checks passed
B11416,identity,b11416_identity.pdf,verified,73,Structured checks passed
B11416,bank_statement,b11416_bank_statement.pdf,verified,62,Structured checks passed
B11416,income_document,b11416_income_document.pdf,needs_review,73,OCR pending — status from structured verification
B11417,identity,b11417_identity.pdf,verified,99,Structured checks passed
B11417,bank_statement,b11417_bank_statement.pdf,verified,95,Structured checks passed
B11417,income_document,b11417_income_document.pdf,verified,99,Structured checks passed
B11417,business_document,b11417_business_document.pdf,verified,89,Structured checks passed
B11418,identity,b11418_identity.pdf,verified,71,Structured checks passed
B11418,bank_statement,b11418_bank_statement.pdf,verified,65,Structured checks passed
B11418,income_document,b11418_income_document.pdf,needs_review,61,OCR pending — status from structured verification
B11419,identity,b11419_identity.pdf,verified,92,Structured checks passed
B11419,bank_statement,b11419_bank_statement.pdf,verified,84,Structured checks passed
B11419,income_document,b11419_income_document.pdf,verified,79,Structured checks passed
B11419,business_document,b11419_business_document.pdf,verified,94,Structured checks passed
B11420,identity,b11420_identity.pdf,verified,94,Structured checks passed
B11420,bank_statement,b11420_bank_statement.pdf,verified,92,Structured checks passed
B11420,income_document,b11420_income_document.pdf,verified,80,Structured checks passed
B11421,identity,b11421_identity.pdf,needs_review,35,OCR pending — status from structured verification
B11421,bank_statement,b11421_bank_statement.pdf,verified,44,Structured checks passed
B11421,income_document,b11421_income_document.pdf,needs_review,48,OCR pending — status from structured verification
B11422,identity,b11422_identity.pdf,verified,46,Structured checks passed
B11422,bank_statement,b11422_bank_statement.pdf,verified,47,Structured checks passed
B11422,income_document,b11422_income_document.pdf,suspicious,46,OCR pending — status from structured verification
B11422,salary_slip,b11422_salary_slip.pdf,suspicious,40,OCR pending — status from structured verification
B11423,identity,b11423_identity.pdf,verified,47,Structured checks passed
B11423,bank_statement,b11423_bank_statement.pdf,suspicious,55,OCR pending — status from structured verification
B11423,income_document,b11423_income_document.pdf,suspicious,42,OCR pending — status from structured verification
B11424,identity,b11424_identity.pdf,verified,51,Structured checks passed
B11424,bank_statement,b11424_bank_statement.pdf,needs_review,60,OCR pending — status from structured verification
B11424,income_document,b11424_income_document.pdf,verified,55,Structured checks passed
B11425,identity,b11425_identity.pdf,verified,72,Structured checks passed
B11425,bank_statement,b11425_bank_statement.pdf,verified,56,Structured checks passed
B11425,income_document,b11425_income_document.pdf,verified,71,Structured checks passed
B11425,salary_slip,b11425_salary_slip.pdf,verified,60,Structured checks passed
B11426,identity,b11426_identity.pdf,verified,99,Structured checks passed
B11426,bank_statement,b11426_bank_statement.pdf,needs_review,99,OCR pending — status from structured verification
B11426,income_document,b11426_income_document.pdf,verified,99,Structured checks passed
B11427,identity,b11427_identity.pdf,needs_review,61,OCR pending — status from structured verification
B11427,bank_statement,b11427_bank_statement.pdf,verified,61,Structured checks passed
B11427,income_document,b11427_income_document.pdf,needs_review,48,OCR pending — status from structured verification
B11427,salary_slip,b11427_salary_slip.pdf,needs_review,44,OCR pending — status from structured verification
B11428,identity,b11428_identity.pdf,verified,80,Structured checks passed
B11428,bank_statement,b11428_bank_statement.pdf,suspicious,69,OCR pending — status from structured verification
B11428,income_document,b11428_income_document.pdf,verified,77,Structured checks passed
B11428,salary_slip,b11428_salary_slip.pdf,verified,63,Structured checks passed
B11429,identity,b11429_identity.pdf,verified,83,Structured checks passed
B11429,bank_statement,b11429_bank_statement.pdf,verified,84,Structured checks passed
B11429,income_document,b11429_income_document.pdf,verified,73,Structured checks passed
B11430,identity,b11430_identity.pdf,verified,62,Structured checks passed
B11430,bank_statement,b11430_bank_statement.pdf,verified,72,Structured checks passed
B11430,income_document,b11430_income_document.pdf,needs_review,63,OCR pending — status from structured verification
B11431,identity,b11431_identity.pdf,verified,52,Structured checks passed
B11431,bank_statement,b11431_bank_statement.pdf,verified,67,Structured checks passed
B11431,income_document,b11431_income_document.pdf,verified,59,Structured checks passed
B11431,salary_slip,b11431_salary_slip.pdf,verified,58,Structured checks passed
B11432,identity,b11432_identity.pdf,verified,99,Structured checks passed
B11432,bank_statement,b11432_bank_statement.pdf,verified,91,Structured checks passed
B11432,income_document,b11432_income_document.pdf,needs_review,97,OCR pending — status from structured verification
B11432,salary_slip,b11432_salary_slip.pdf,needs_review,93,OCR pending — status from structured verification
B11433,identity,b11433_identity.pdf,suspicious,68,OCR pending — status from structured verification
B11433,bank_statement,b11433_bank_statement.pdf,needs_review,64,OCR pending — status from structured verification
B11433,income_document,b11433_income_document.pdf,suspicious,70,OCR pending — status from structured verification
B11434,identity,b11434_identity.pdf,verified,80,Structured checks passed
B11434,bank_statement,b11434_bank_statement.pdf,verified,86,Structured checks passed
B11434,income_document,b11434_income_document.pdf,verified,85,Structured checks passed
B11435,identity,b11435_identity.pdf,verified,68,Structured checks passed
B11435,bank_statement,b11435_bank_statement.pdf,verified,71,Structured checks passed
B11435,income_document,b11435_income_document.pdf,needs_review,63,OCR pending — status from structured verification
B11435,salary_slip,b11435_salary_slip.pdf,needs_review,71,OCR pending — status from structured verification
B11436,identity,b11436_identity.pdf,suspicious,42,OCR pending — status from structured verification
B11436,bank_statement,b11436_bank_statement.pdf,verified,25,Structured checks passed
B11436,income_document,b11436_income_document.pdf,verified,30,Structured checks passed
B11437,identity,b11437_identity.pdf,verified,37,Structured checks passed
B11437,bank_statement,b11437_bank_statement.pdf,suspicious,26,OCR pending — status from structured verification
B11437,income_document,b11437_income_document.pdf,suspicious,33,OCR pending — status from structured verification
B11437,salary_slip,b11437_salary_slip.pdf,suspicious,21,OCR pending — status from structured verification
B11438,identity,b11438_identity.pdf,verified,55,Structured checks passed
B11438,bank_statement,b11438_bank_statement.pdf,verified,55,Structured checks passed
B11438,income_document,b11438_income_document.pdf,verified,59,Structured checks passed
B11439,identity,b11439_identity.pdf,verified,99,Structured checks passed
B11439,bank_statement,b11439_bank_statement.pdf,verified,93,Structured checks passed
B11439,income_document,b11439_income_document.pdf,verified,88,Structured checks passed
B11440,identity,b11440_identity.pdf,verified,45,Structured checks passed
B11440,bank_statement,b11440_bank_statement.pdf,verified,62,Structured checks passed
B11440,income_document,b11440_income_document.pdf,verified,47,Structured checks passed
B11440,business_document,b11440_business_document.pdf,verified,48,Structured checks passed
B11441,identity,b11441_identity.pdf,needs_review,81,OCR pending — status from structured verification
B11441,bank_statement,b11441_bank_statement.pdf,suspicious,84,OCR pending — status from structured verification
B11441,income_document,b11441_income_document.pdf,suspicious,81,OCR pending — status from structured verification
B11441,salary_slip,b11441_salary_slip.pdf,suspicious,73,OCR pending — status from structured verification
B11442,identity,b11442_identity.pdf,verified,84,Structured checks passed
B11442,bank_statement,b11442_bank_statement.pdf,verified,75,Structured checks passed
B11442,income_document,b11442_income_document.pdf,verified,72,Structured checks passed
B11443,identity,b11443_identity.pdf,verified,93,Structured checks passed
B11443,bank_statement,b11443_bank_statement.pdf,verified,97,Structured checks passed
B11443,income_document,b11443_income_document.pdf,verified,81,Structured checks passed
B11444,identity,b11444_identity.pdf,verified,66,Structured checks passed
B11444,bank_statement,b11444_bank_statement.pdf,verified,72,Structured checks passed
B11444,income_document,b11444_income_document.pdf,verified,73,Structured checks passed
B11444,business_document,b11444_business_document.pdf,verified,78,Structured checks passed
B11445,identity,b11445_identity.pdf,verified,98,Structured checks passed
B11445,bank_statement,b11445_bank_statement.pdf,verified,99,Structured checks passed
B11445,income_document,b11445_income_document.pdf,verified,99,Structured checks passed
B11445,salary_slip,b11445_salary_slip.pdf,verified,94,Structured checks passed
B11446,identity,b11446_identity.pdf,verified,27,Structured checks passed
B11446,bank_statement,b11446_bank_statement.pdf,suspicious,37,OCR pending — status from structured verification
B11446,income_document,b11446_income_document.pdf,verified,32,Structured checks passed
B11446,business_document,b11446_business_document.pdf,suspicious,32,OCR pending — status from structured verification
B11447,identity,b11447_identity.pdf,verified,61,Structured checks passed
B11447,bank_statement,b11447_bank_statement.pdf,needs_review,55,OCR pending — status from structured verification
B11447,income_document,b11447_income_document.pdf,verified,53,Structured checks passed
B11447,salary_slip,b11447_salary_slip.pdf,verified,54,Structured checks passed
B11448,identity,b11448_identity.pdf,verified,95,Structured checks passed
B11448,bank_statement,b11448_bank_statement.pdf,verified,85,Structured checks passed
B11448,income_document,b11448_income_document.pdf,verified,87,Structured checks passed
B11448,salary_slip,b11448_salary_slip.pdf,verified,92,Structured checks passed
B11449,identity,b11449_identity.pdf,verified,54,Structured checks passed
B11449,bank_statement,b11449_bank_statement.pdf,needs_review,52,OCR pending — status from structured verification
B11449,income_document,b11449_income_document.pdf,suspicious,40,OCR pending — status from structured verification
B11450,identity,b11450_identity.pdf,verified,73,Structured checks passed
B11450,bank_statement,b11450_bank_statement.pdf,verified,78,Structured checks passed
B11450,income_document,b11450_income_document.pdf,verified,90,Structured checks passed
B11450,salary_slip,b11450_salary_slip.pdf,verified,76,Structured checks passed
B11451,identity,b11451_identity.pdf,verified,54,Structured checks passed
B11451,bank_statement,b11451_bank_statement.pdf,verified,73,Structured checks passed
B11451,income_document,b11451_income_document.pdf,verified,64,Structured checks passed
B11451,salary_slip,b11451_salary_slip.pdf,verified,73,Structured checks passed
B11452,identity,b11452_identity.pdf,verified,94,Structured checks passed
B11452,bank_statement,b11452_bank_statement.pdf,needs_review,87,OCR pending — status from structured verification
B11452,income_document,b11452_income_document.pdf,verified,99,Structured checks passed
B11452,salary_slip,b11452_salary_slip.pdf,verified,95,Structured checks passed
B11453,identity,b11453_identity.pdf,verified,33,Structured checks passed
B11453,bank_statement,b11453_bank_statement.pdf,needs_review,34,OCR pending — status from structured verification
B11453,income_document,b11453_income_document.pdf,verified,49,Structured checks passed
B11453,salary_slip,b11453_salary_slip.pdf,verified,39,Structured checks passed
B11454,identity,b11454_identity.pdf,verified,82,Structured checks passed
B11454,bank_statement,b11454_bank_statement.pdf,verified,86,Structured checks passed
B11454,income_document,b11454_income_document.pdf,verified,71,Structured checks passed
B11454,salary_slip,b11454_salary_slip.pdf,verified,82,Structured checks passed
B11455,identity,b11455_identity.pdf,needs_review,59,OCR pending — status from structured verification
B11455,bank_statement,b11455_bank_statement.pdf,verified,69,Structured checks passed
B11455,income_document,b11455_income_document.pdf,needs_review,66,OCR pending — status from structured verification
B11455,salary_slip,b11455_salary_slip.pdf,needs_review,66,OCR pending — status from structured verification
B11456,identity,b11456_identity.pdf,verified,56,Structured checks passed
B11456,bank_statement,b11456_bank_statement.pdf,needs_review,52,OCR pending — status from structured verification
B11456,income_document,b11456_income_document.pdf,verified,55,Structured checks passed
B11456,salary_slip,b11456_salary_slip.pdf,verified,50,Structured checks passed
B11457,identity,b11457_identity.pdf,suspicious,53,OCR pending — status from structured verification
B11457,bank_statement,b11457_bank_statement.pdf,verified,50,Structured checks passed
B11457,income_document,b11457_income_document.pdf,verified,66,Structured checks passed
B11458,identity,b11458_identity.pdf,verified,49,Structured checks passed
B11458,bank_statement,b11458_bank_statement.pdf,suspicious,49,OCR pending — status from structured verification
B11458,income_document,b11458_income_document.pdf,verified,41,Structured checks passed
B11459,identity,b11459_identity.pdf,verified,77,Structured checks passed
B11459,bank_statement,b11459_bank_statement.pdf,verified,95,Structured checks passed
B11459,income_document,b11459_income_document.pdf,verified,97,Structured checks passed
B11460,identity,b11460_identity.pdf,needs_review,50,OCR pending — status from structured verification
B11460,bank_statement,b11460_bank_statement.pdf,verified,56,Structured checks passed
B11460,income_document,b11460_income_document.pdf,verified,52,Structured checks passed
B11460,business_document,b11460_business_document.pdf,verified,48,Structured checks passed
B11461,identity,b11461_identity.pdf,suspicious,43,OCR pending — status from structured verification
B11461,bank_statement,b11461_bank_statement.pdf,verified,42,Structured checks passed
B11461,income_document,b11461_income_document.pdf,needs_review,45,OCR pending — status from structured verification
B11462,identity,b11462_identity.pdf,needs_review,70,OCR pending — status from structured verification
B11462,bank_statement,b11462_bank_statement.pdf,verified,57,Structured checks passed
B11462,income_document,b11462_income_document.pdf,verified,62,Structured checks passed
B11462,business_document,b11462_business_document.pdf,verified,64,Structured checks passed
B11463,identity,b11463_identity.pdf,verified,72,Structured checks passed
B11463,bank_statement,b11463_bank_statement.pdf,verified,65,Structured checks passed
B11463,income_document,b11463_income_document.pdf,needs_review,62,OCR pending — status from structured verification
B11464,identity,b11464_identity.pdf,verified,62,Structured checks passed
B11464,bank_statement,b11464_bank_statement.pdf,suspicious,47,OCR pending — status from structured verification
B11464,income_document,b11464_income_document.pdf,verified,56,Structured checks passed
B11464,salary_slip,b11464_salary_slip.pdf,verified,56,Structured checks passed
B11465,identity,b11465_identity.pdf,suspicious,60,OCR pending — status from structured verification
B11465,bank_statement,b11465_bank_statement.pdf,verified,47,Structured checks passed
B11465,income_document,b11465_income_document.pdf,suspicious,44,OCR pending — status from structured verification
B11466,identity,b11466_identity.pdf,needs_review,95,OCR pending — status from structured verification
B11466,bank_statement,b11466_bank_statement.pdf,verified,89,Structured checks passed
B11466,income_document,b11466_income_document.pdf,verified,90,Structured checks passed
B11466,business_document,b11466_business_document.pdf,verified,84,Structured checks passed
B11467,identity,b11467_identity.pdf,needs_review,36,OCR pending — status from structured verification
B11467,bank_statement,b11467_bank_statement.pdf,verified,36,Structured checks passed
B11467,income_document,b11467_income_document.pdf,needs_review,43,OCR pending — status from structured verification
B11467,business_document,b11467_business_document.pdf,verified,41,Structured checks passed
B11468,identity,b11468_identity.pdf,verified,75,Structured checks passed
B11468,bank_statement,b11468_bank_statement.pdf,verified,57,Structured checks passed
B11468,income_document,b11468_income_document.pdf,suspicious,65,OCR pending — status from structured verification
B11469,identity,b11469_identity.pdf,verified,56,Structured checks passed
B11469,bank_statement,b11469_bank_statement.pdf,verified,56,Structured checks passed
B11469,income_document,b11469_income_document.pdf,verified,56,Structured checks passed
B11470,identity,b11470_identity.pdf,verified,42,Structured checks passed
B11470,bank_statement,b11470_bank_statement.pdf,verified,49,Structured checks passed
B11470,income_document,b11470_income_document.pdf,verified,49,Structured checks passed
B11471,identity,b11471_identity.pdf,verified,62,Structured checks passed
B11471,bank_statement,b11471_bank_statement.pdf,verified,66,Structured checks passed
B11471,income_document,b11471_income_document.pdf,needs_review,58,OCR pending — status from structured verification
B11472,identity,b11472_identity.pdf,verified,60,Structured checks passed
B11472,bank_statement,b11472_bank_statement.pdf,verified,50,Structured checks passed
B11472,income_document,b11472_income_document.pdf,needs_review,67,OCR pending — status from structured verification
B11472,salary_slip,b11472_salary_slip.pdf,needs_review,66,OCR pending — status from structured verification
B11473,identity,b11473_identity.pdf,verified,62,Structured checks passed
B11473,bank_statement,b11473_bank_statement.pdf,verified,55,Structured checks passed
B11473,income_document,b11473_income_document.pdf,verified,44,Structured checks passed
B11473,salary_slip,b11473_salary_slip.pdf,verified,57,Structured checks passed
B11474,identity,b11474_identity.pdf,verified,64,Structured checks passed
B11474,bank_statement,b11474_bank_statement.pdf,verified,74,Structured checks passed
B11474,income_document,b11474_income_document.pdf,verified,68,Structured checks passed
B11475,identity,b11475_identity.pdf,verified,72,Structured checks passed
B11475,bank_statement,b11475_bank_statement.pdf,verified,76,Structured checks passed
B11475,income_document,b11475_income_document.pdf,verified,80,Structured checks passed
B11475,business_document,b11475_business_document.pdf,verified,82,Structured checks passed
B11476,identity,b11476_identity.pdf,needs_review,58,OCR pending — status from structured verification
B11476,bank_statement,b11476_bank_statement.pdf,verified,48,Structured checks passed
B11476,income_document,b11476_income_document.pdf,suspicious,45,OCR pending — status from structured verification
B11476,business_document,b11476_business_document.pdf,verified,53,Structured checks passed
B11477,identity,b11477_identity.pdf,needs_review,87,OCR pending — status from structured verification
B11477,bank_statement,b11477_bank_statement.pdf,suspicious,84,OCR pending — status from structured verification
B11477,income_document,b11477_income_document.pdf,verified,80,Structured checks passed
B11477,business_document,b11477_business_document.pdf,suspicious,83,OCR pending — status from structured verification
B11478,identity,b11478_identity.pdf,verified,91,Structured checks passed
B11478,bank_statement,b11478_bank_statement.pdf,verified,92,Structured checks passed
B11478,income_document,b11478_income_document.pdf,verified,91,Structured checks passed
B11478,salary_slip,b11478_salary_slip.pdf,verified,96,Structured checks passed
B11479,identity,b11479_identity.pdf,verified,72,Structured checks passed
B11479,bank_statement,b11479_bank_statement.pdf,needs_review,76,OCR pending — status from structured verification
B11479,income_document,b11479_income_document.pdf,verified,76,Structured checks passed
B11479,salary_slip,b11479_salary_slip.pdf,verified,70,Structured checks passed
B11480,identity,b11480_identity.pdf,needs_review,54,OCR pending — status from structured verification
B11480,bank_statement,b11480_bank_statement.pdf,verified,56,Structured checks passed
B11480,income_document,b11480_income_document.pdf,verified,51,Structured checks passed
B11480,salary_slip,b11480_salary_slip.pdf,verified,51,Structured checks passed
B11481,identity,b11481_identity.pdf,verified,86,Structured checks passed
B11481,bank_statement,b11481_bank_statement.pdf,verified,92,Structured checks passed
B11481,income_document,b11481_income_document.pdf,verified,99,Structured checks passed
B11482,identity,b11482_identity.pdf,needs_review,48,OCR pending — status from structured verification
B11482,bank_statement,b11482_bank_statement.pdf,verified,47,Structured checks passed
B11482,income_document,b11482_income_document.pdf,verified,59,Structured checks passed
B11482,business_document,b11482_business_document.pdf,verified,57,Structured checks passed
B11483,identity,b11483_identity.pdf,suspicious,63,OCR pending — status from structured verification
B11483,bank_statement,b11483_bank_statement.pdf,verified,66,Structured checks passed
B11483,income_document,b11483_income_document.pdf,verified,54,Structured checks passed
B11484,identity,b11484_identity.pdf,verified,56,Structured checks passed
B11484,bank_statement,b11484_bank_statement.pdf,needs_review,63,OCR pending — status from structured verification
B11484,income_document,b11484_income_document.pdf,verified,60,Structured checks passed
B11484,salary_slip,b11484_salary_slip.pdf,verified,56,Structured checks passed
B11485,identity,b11485_identity.pdf,verified,89,Structured checks passed
B11485,bank_statement,b11485_bank_statement.pdf,verified,99,Structured checks passed
B11485,income_document,b11485_income_document.pdf,verified,99,Structured checks passed
B11485,salary_slip,b11485_salary_slip.pdf,verified,99,Structured checks passed
B11486,identity,b11486_identity.pdf,verified,62,Structured checks passed
B11486,bank_statement,b11486_bank_statement.pdf,verified,68,Structured checks passed
B11486,income_document,b11486_income_document.pdf,verified,71,Structured checks passed
B11486,salary_slip,b11486_salary_slip.pdf,verified,76,Structured checks passed
B11487,identity,b11487_identity.pdf,verified,47,Structured checks passed
B11487,bank_statement,b11487_bank_statement.pdf,verified,35,Structured checks passed
B11487,income_document,b11487_income_document.pdf,verified,30,Structured checks passed
B11487,business_document,b11487_business_document.pdf,verified,36,Structured checks passed
B11488,identity,b11488_identity.pdf,verified,71,Structured checks passed
B11488,bank_statement,b11488_bank_statement.pdf,verified,75,Structured checks passed
B11488,income_document,b11488_income_document.pdf,needs_review,73,OCR pending — status from structured verification
B11489,identity,b11489_identity.pdf,suspicious,68,OCR pending — status from structured verification
B11489,bank_statement,b11489_bank_statement.pdf,verified,64,Structured checks passed
B11489,income_document,b11489_income_document.pdf,needs_review,49,OCR pending — status from structured verification
B11489,business_document,b11489_business_document.pdf,verified,53,Structured checks passed
B11490,identity,b11490_identity.pdf,suspicious,58,OCR pending — status from structured verification
B11490,bank_statement,b11490_bank_statement.pdf,verified,42,Structured checks passed
B11490,income_document,b11490_income_document.pdf,verified,40,Structured checks passed
B11490,business_document,b11490_business_document.pdf,verified,59,Structured checks passed
B11491,identity,b11491_identity.pdf,suspicious,62,OCR pending — status from structured verification
B11491,bank_statement,b11491_bank_statement.pdf,verified,51,Structured checks passed
B11491,income_document,b11491_income_document.pdf,verified,57,Structured checks passed
B11491,business_document,b11491_business_document.pdf,verified,64,Structured checks passed
B11492,identity,b11492_identity.pdf,verified,71,Structured checks passed
B11492,bank_statement,b11492_bank_statement.pdf,suspicious,67,OCR pending — status from structured verification
B11492,income_document,b11492_income_document.pdf,needs_review,78,OCR pending — status from structured verification
B11492,salary_slip,b11492_salary_slip.pdf,needs_review,84,OCR pending — status from structured verification
B11493,identity,b11493_identity.pdf,verified,53,Structured checks passed
B11493,bank_statement,b11493_bank_statement.pdf,suspicious,53,OCR pending — status from structured verification
B11493,income_document,b11493_income_document.pdf,verified,38,Structured checks passed
B11494,identity,b11494_identity.pdf,verified,80,Structured checks passed
B11494,bank_statement,b11494_bank_statement.pdf,verified,81,Structured checks passed
B11494,income_document,b11494_income_document.pdf,needs_review,86,OCR pending — status from structured verification
B11494,business_document,b11494_business_document.pdf,verified,76,Structured checks passed
B11495,identity,b11495_identity.pdf,suspicious,37,OCR pending — status from structured verification
B11495,bank_statement,b11495_bank_statement.pdf,needs_review,51,OCR pending — status from structured verification
B11495,income_document,b11495_income_document.pdf,suspicious,44,OCR pending — status from structured verification
B11496,identity,b11496_identity.pdf,needs_review,68,OCR pending — status from structured verification
B11496,bank_statement,b11496_bank_statement.pdf,verified,60,Structured checks passed
B11496,income_document,b11496_income_document.pdf,verified,76,Structured checks passed
B11496,salary_slip,b11496_salary_slip.pdf,verified,57,Structured checks passed
B11497,identity,b11497_identity.pdf,verified,84,Structured checks passed
B11497,bank_statement,b11497_bank_statement.pdf,verified,93,Structured checks passed
B11497,income_document,b11497_income_document.pdf,verified,90,Structured checks passed
B11498,identity,b11498_identity.pdf,verified,89,Structured checks passed
B11498,bank_statement,b11498_bank_statement.pdf,suspicious,78,OCR pending — status from structured verification
B11498,income_document,b11498_income_document.pdf,needs_review,90,OCR pending — status from structured verification
B11498,salary_slip,b11498_salary_slip.pdf,needs_review,75,OCR pending — status from structured verification
B11499,identity,b11499_identity.pdf,verified,77,Structured checks passed
B11499,bank_statement,b11499_bank_statement.pdf,verified,92,Structured checks passed
B11499,income_document,b11499_income_document.pdf,verified,83,Structured checks passed
B11500,identity,b11500_identity.pdf,suspicious,37,OCR pending — status from structured verification
B11500,bank_statement,b11500_bank_statement.pdf,verified,42,Structured checks passed
B11500,income_document,b11500_income_document.pdf,needs_review,43,OCR pending — status from structured verification
