borrower_id,month,label,income,expenses,debt,transactions,bounced,disputed
B10001,0,M-6,37854,21206,31398,77,1,0
B10001,1,M-5,33417,28502,36530,47,0,0
B10001,2,M-4,34113,31677,19490,31,0,0
B10001,3,M-3,33278,29077,32080,77,0,0
B10001,4,M-2,37401,26858,49490,49,0,0
B10001,5,M-1,35686,30858,32777,81,0,0
B10002,0,M-6,42897,29521,17812,50,0,0
B10002,1,M-5,48304,29650,10552,60,0,0
B10002,2,M-4,53078,36523,7672,82,0,0
B10002,3,M-3,52647,37854,12420,44,0,0
B10002,4,M-2,47979,21645,20457,71,0,0
B10002,5,M-1,57857,41465,15945,31,0,0
B10003,0,M-6,38698,25290,9350,67,0,0
B10003,1,M-5,38185,25032,51363,28,0,0
B10003,2,M-4,40974,31676,7509,72,0,0
B10003,3,M-3,42591,21493,14660,59,0,0
B10003,4,M-2,37677,20411,29458,81,0,0
B10003,5,M-1,37538,32057,50933,31,0,0
B10004,0,M-6,76090,50783,28610,31,0,0
B10004,1,M-5,87936,55141,13459,47,0,0
B10004,2,M-4,82410,44130,18827,53,0,0
B10004,3,M-3,93901,52198,43421,77,0,0
B10004,4,M-2,96561,66024,28315,85,0,0
B10004,5,M-1,91072,68973,18105,82,0,0
B10005,0,M-6,7206,6385,9729,39,0,0
B10005,1,M-5,8467,5759,3974,76,0,0
B10005,2,M-4,7665,3540,2809,46,0,0
B10005,3,M-3,8852,8263,3703,66,0,0
B10005,4,M-2,8227,7738,6377,86,0,0
B10005,5,M-1,7882,7371,2657,87,0,0
B10006,0,M-6,54236,26179,24876,40,0,0
B10006,1,M-5,50615,37065,8223,28,0,0
B10006,2,M-4,57303,38046,21078,54,0,0
B10006,3,M-3,55890,36412,20040,49,0,0
B10006,4,M-2,50486,25327,19405,83,0,0
B10006,5,M-1,54845,41678,21284,39,0,0
B10007,0,M-6,44321,32909,13150,72,0,0
B10007,1,M-5,43306,33096,12316,42,0,0
B10007,2,M-4,40492,23733,15330,76,0,0
B10007,3,M-3,42172,31384,19512,88,0,0
B10007,4,M-2,40390,30996,14045,68,0,0
B10007,5,M-1,36553,21932,18633,36,0,0
B10008,0,M-6,17291,16087,18157,78,0,0
B10008,1,M-5,20116,13432,20659,87,0,0
B10008,2,M-4,18945,16181,15674,56,0,0
B10008,3,M-3,20138,16423,8800,80,0,0
B10008,4,M-2,22329,11016,24426,40,0,0
B10008,5,M-1,21335,16112,11618,26,0,0
B10009,0,M-6,44000,38907,35550,81,0,0
B10009,1,M-5,48714,33354,32394,36,0,0
B10009,2,M-4,44103,40599,34726,78,0,0
B10009,3,M-3,47927,23343,44225,28,0,0
B10009,4,M-2,45884,33561,23839,89,0,0
B10009,5,M-1,45995,38278,42777,76,0,0
B10010,0,M-6,57324,37336,23595,89,0,0
B10010,1,M-5,54582,29711,5703,74,0,0
B10010,2,M-4,51508,34924,22913,36,0,0
B10010,3,M-3,51731,34772,14575,30,0,0
B10010,4,M-2,48394,27423,18081,80,0,0
B10010,5,M-1,47294,32765,10576,86,0,0
B10011,0,M-6,32633,24262,60389,56,0,0
B10011,1,M-5,34331,24694,23691,60,0,0
B10011,2,M-4,40197,27240,22380,37,0,0
B10011,3,M-3,44464,32721,17428,75,0,0
B10011,4,M-2,41527,34150,43904,77,0,0
B10011,5,M-1,47514,37149,50389,88,0,0
B10012,0,M-6,28247,15990,27384,54,0,0
B10012,1,M-5,29221,26283,20770,43,0,0
B10012,2,M-4,29039,14140,39157,89,0,0
B10012,3,M-3,28088,26150,29392,54,0,0
B10012,4,M-2,28579,27141,35637,31,0,0
B10012,5,M-1,29532,18590,14281,70,0,0
B10013,0,M-6,52726,30758,19249,49,0,0
B10013,1,M-5,57188,35171,18838,86,0,0
B10013,2,M-4,53255,35336,19446,66,0,0
B10013,3,M-3,54654,38005,19481,32,0,0
B10013,4,M-2,49948,23127,26991,32,0,0
B10013,5,M-1,51931,33140,13835,49,0,0
B10014,0,M-6,15844,8510,3084,73,0,0
B10014,1,M-5,16919,13921,13191,75,0,0
B10014,2,M-4,17284,8720,13849,86,0,0
B10014,3,M-3,16035,13496,22508,58,0,0
B10014,4,M-2,17904,16686,3285,56,1,0
B10014,5,M-1,18100,14354,13525,84,0,0
B10015,0,M-6,32412,20542,34514,62,0,0
B10015,1,M-5,31850,27792,43227,78,0,0
B10015,2,M-4,30369,23425,4242,85,0,0
B10015,3,M-3,31319,18282,10580,70,0,0
B10015,4,M-2,27961,17333,3413,81,0,0
B10015,5,M-1,29142,18954,8995,66,0,0
B10016,0,M-6,95029,56655,13758,26,0,0
B10016,1,M-5,88964,64985,32708,79,0,0
B10016,2,M-4,101006,48568,41236,40,0,0
B10016,3,M-3,95845,60707,24330,45,0,0
B10016,4,M-2,92104,52184,15754,58,0,0
B10016,5,M-1,88725,55762,43551,47,0,0
B10017,0,M-6,19452,12292,31851,50,0,0
B10017,1,M-5,22315,17617,4139,66,0,0
B10017,2,M-4,22505,13837,20326,50,0,0
B10017,3,M-3,24135,21137,33338,64,0,0
B10017,4,M-2,25591,12559,23708,84,0,0
B10017,5,M-1,28511,22182,23661,33,0,0
B10018,0,M-6,30788,18366,5258,37,0,0
B10018,1,M-5,32151,24292,3856,56,0,0
B10018,2,M-4,31384,24386,12267,58,0,0
B10018,3,M-3,30464,14603,5236,54,0,0
B10018,4,M-2,33748,25003,4360,84,0,0
B10018,5,M-1,36558,27770,15063,51,0,0
B10019,0,M-6,36876,24799,19263,41,0,0
B10019,1,M-5,33826,24557,9307,72,0,0
B10019,2,M-4,38770,27915,15416,46,0,0
B10019,3,M-3,34675,22230,16642,36,0,0
B10019,4,M-2,40653,24904,14793,66,0,0
B10019,5,M-1,41275,19485,16058,54,0,0
B10020,0,M-6,16571,11989,2147,29,0,0
B10020,1,M-5,17745,10261,4771,61,0,0
B10020,2,M-4,17761,12214,9038,49,0,0
B10020,3,M-3,18929,12320,5876,50,0,0
B10020,4,M-2,19125,10277,2740,72,0,0
B10020,5,M-1,19152,11213,6119,42,0,0
B10021,0,M-6,33641,30457,5433,33,0,0
B10021,1,M-5,31332,16679,16405,71,0,0
B10021,2,M-4,32213,29650,39898,79,0,0
B10021,3,M-3,31168,23923,25772,33,1,0
B10021,4,M-2,31096,22288,23791,35,0,0
B10021,5,M-1,34762,18323,30202,71,0,0
B10022,0,M-6,39285,20636,9574,28,0,0
B10022,1,M-5,37173,28208,14359,55,0,0
B10022,2,M-4,38774,28945,10813,82,0,0
B10022,3,M-3,41581,29828,9781,51,0,0
B10022,4,M-2,41629,21569,12755,29,0,0
B10022,5,M-1,42368,30401,8412,89,0,0
B10023,0,M-6,30180,22808,22773,80,0,0
B10023,1,M-5,31566,25344,24728,61,0,0
B10023,2,M-4,33226,22899,18838,87,0,0
B10023,3,M-3,29995,21494,25873,68,0,0
B10023,4,M-2,32488,25678,36559,42,0,0
B10023,5,M-1,30191,28037,14777,44,0,0
B10024,0,M-6,28333,13278,35077,52,0,0
B10024,1,M-5,28685,26303,3979,79,0,0
B10024,2,M-4,28833,15661,29018,81,0,0
B10024,3,M-3,26491,12417,13186,64,0,0
B10024,4,M-2,30451,18804,18666,66,0,0
B10024,5,M-1,28579,25567,7418,57,0,0
B10025,0,M-6,37782,31876,34390,59,0,0
B10025,1,M-5,38852,35301,10797,78,0,0
B10025,2,M-4,46293,25511,35027,35,0,0
B10025,3,M-3,48967,32853,43226,71,0,0
B10025,4,M-2,48501,43624,29822,28,0,0
B10025,5,M-1,47704,31375,36582,61,0,0
B10026,0,M-6,35743,21670,13607,81,0,0
B10026,1,M-5,32982,15353,10167,60,0,0
B10026,2,M-4,36181,26109,5757,89,0,0
B10026,3,M-3,32288,24886,12191,62,0,0
B10026,4,M-2,35615,26228,7186,81,0,0
B10026,5,M-1,36695,23207,9793,42,0,0
B10027,0,M-6,16468,13139,15993,50,0,0
B10027,1,M-5,14732,8998,7374,55,0,0
B10027,2,M-4,16348,9878,8943,82,0,0
B10027,3,M-3,16099,13707,16375,74,0,0
B10027,4,M-2,15949,8797,7986,27,0,0
B10027,5,M-1,18106,14859,1908,60,0,0
B10028,0,M-6,44131,23758,11162,76,0,0
B10028,1,M-5,39770,31249,13092,40,0,0
B10028,2,M-4,45480,25241,19907,30,0,0
B10028,3,M-3,48417,32800,5202,51,0,0
B10028,4,M-2,43319,26710,16375,70,0,0
B10028,5,M-1,41003,30583,16525,46,0,0
B10029,0,M-6,23183,14948,13823,30,0,0
B10029,1,M-5,27079,18207,26479,31,0,0
B10029,2,M-4,22794,15169,20024,58,0,0
B10029,3,M-3,22846,11305,19936,63,0,0
B10029,4,M-2,26196,23101,2820,51,0,0
B10029,5,M-1,26138,21235,20104,89,0,0
B10030,0,M-6,51979,29958,20184,52,0,0
B10030,1,M-5,56262,37951,58949,62,0,0
B10030,2,M-4,61670,56228,82683,52,0,0
B10030,3,M-3,58812,54943,68008,77,0,0
B10030,4,M-2,69669,63203,16273,41,0,0
B10030,5,M-1,74323,39627,60237,61,0,0
B10031,0,M-6,84536,38173,17566,43,0,0
B10031,1,M-5,92028,67052,31267,76,0,0
B10031,2,M-4,91776,53049,16896,32,0,0
B10031,3,M-3,96985,60259,45952,45,0,0
B10031,4,M-2,94314,55399,13765,47,0,0
B10031,5,M-1,98307,50174,34904,77,0,0
B10032,0,M-6,26951,17282,14773,31,0,0
B10032,1,M-5,28270,20156,6526,89,0,0
B10032,2,M-4,26945,15412,12711,53,0,0
B10032,3,M-3,30675,22131,5802,77,0,0
B10032,4,M-2,29120,16677,11448,66,0,0
B10032,5,M-1,27357,13644,5441,38,0,0
B10033,0,M-6,38836,18368,34561,79,0,0
B10033,1,M-5,34155,31242,11547,54,0,0
B10033,2,M-4,42535,28239,52725,84,0,0
B10033,3,M-3,42668,25641,46764,81,0,0
B10033,4,M-2,37253,23478,7833,68,0,0
B10033,5,M-1,42699,20320,34533,72,0,0
B10034,0,M-6,30962,19997,32010,75,0,0
B10034,1,M-5,35380,20155,20487,40,0,0
B10034,2,M-4,34749,16871,42747,25,0,0
B10034,3,M-3,33263,20232,20530,79,0,0
B10034,4,M-2,34065,24635,11053,55,0,0
B10034,5,M-1,38424,18693,29406,25,0,0
B10035,0,M-6,26909,18019,7832,58,0,0
B10035,1,M-5,22559,16937,4376,35,0,0
B10035,2,M-4,26310,20075,9700,32,0,0
B10035,3,M-3,26343,11878,11638,25,0,0
B10035,4,M-2,23020,13291,12284,36,0,0
B10035,5,M-1,27853,12879,11054,71,0,0
B10036,0,M-6,36613,25991,31531,49,0,0
B10036,1,M-5,36483,17966,6993,33,0,0
B10036,2,M-4,34818,16971,26138,53,0,0
B10036,3,M-3,35109,19956,13699,45,0,0
B10036,4,M-2,33426,26753,32930,45,0,0
B10036,5,M-1,29521,14387,11337,75,0,0
B10037,0,M-6,38196,23948,56828,42,0,0
B10037,1,M-5,40032,20990,39858,65,0,0
B10037,2,M-4,43417,30368,55355,56,0,0
B10037,3,M-3,40261,25828,28618,66,0,0
B10037,4,M-2,48294,27749,61776,60,0,0
B10037,5,M-1,42745,27411,45584,56,0,0
B10038,0,M-6,78554,39244,11036,59,0,0
B10038,1,M-5,71999,34227,29188,68,0,0
B10038,2,M-4,73779,41892,17509,88,0,0
B10038,3,M-3,74367,44836,27192,56,0,0
B10038,4,M-2,67055,46772,24829,82,0,0
B10038,5,M-1,69681,40059,27995,77,0,0
B10039,0,M-6,77522,36920,37958,88,0,0
B10039,1,M-5,80188,63737,36410,70,0,0
B10039,2,M-4,81452,55287,27304,53,0,0
B10039,3,M-3,74950,42413,38995,51,0,0
B10039,4,M-2,82898,64159,25164,67,0,0
B10039,5,M-1,78411,37917,20475,60,0,0
B10040,0,M-6,48348,32282,60595,65,0,0
B10040,1,M-5,46248,26775,55717,84,0,0
B10040,2,M-4,38962,25094,26754,46,0,0
B10040,3,M-3,40083,27220,53611,76,0,0
B10040,4,M-2,42282,30074,28008,51,0,0
B10040,5,M-1,37717,28060,47119,86,0,0
B10041,0,M-6,15067,8660,9232,84,0,0
B10041,1,M-5,14517,8521,15585,57,0,0
B10041,2,M-4,14149,7243,1860,49,0,0
B10041,3,M-3,13861,7468,16398,63,0,0
B10041,4,M-2,13031,6930,16813,73,0,0
B10041,5,M-1,13766,8157,8022,35,0,0
B10042,0,M-6,59850,27672,23579,62,0,0
B10042,1,M-5,56947,40107,11625,59,0,0
B10042,2,M-4,63637,48828,22688,57,0,0
B10042,3,M-3,63825,47500,27724,36,0,0
B10042,4,M-2,54431,26931,12519,77,0,0
B10042,5,M-1,61776,31757,22881,46,0,0
B10043,0,M-6,17849,12771,2202,25,0,0
B10043,1,M-5,18409,10367,22149,45,0,0
B10043,2,M-4,16752,11754,8894,29,0,0
B10043,3,M-3,17100,15804,12372,58,0,0
B10043,4,M-2,19513,13012,17733,33,0,0
B10043,5,M-1,22018,15304,19203,35,0,1
B10044,0,M-6,102871,70380,15460,30,0,0
B10044,1,M-5,98275,69112,13607,41,0,0
B10044,2,M-4,94324,75085,21149,55,0,0
B10044,3,M-3,93212,47645,11211,43,0,0
B10044,4,M-2,109170,61075,38289,31,0,0
B10044,5,M-1,109999,51266,42684,68,0,0
B10045,0,M-6,13411,12300,13970,55,0,0
B10045,1,M-5,16281,8673,19866,45,0,0
B10045,2,M-4,17127,10089,14002,60,0,0
B10045,3,M-3,18693,16049,3735,53,0,0
B10045,4,M-2,20891,10320,13799,45,0,0
B10045,5,M-1,24139,19857,2271,51,0,0
B10046,0,M-6,51906,32593,25781,36,0,0
B10046,1,M-5,54750,38636,8329,50,0,0
B10046,2,M-4,56843,43140,16600,50,0,0
B10046,3,M-3,63059,48591,22286,42,0,0
B10046,4,M-2,64864,51221,15472,33,0,0
B10046,5,M-1,60111,41778,21979,44,0,0
B10047,0,M-6,48645,38505,11224,60,0,0
B10047,1,M-5,41612,22386,17367,75,0,0
B10047,2,M-4,51157,37882,23171,70,0,0
B10047,3,M-3,50612,36151,15892,64,0,0
B10047,4,M-2,53489,42122,10856,36,0,0
B10047,5,M-1,54125,27899,8454,58,0,0
B10048,0,M-6,14674,13194,6156,58,0,0
B10048,1,M-5,18048,9632,23605,59,0,0
B10048,2,M-4,15305,7388,17072,75,0,0
B10048,3,M-3,18663,12357,4132,59,0,0
B10048,4,M-2,18531,17384,19468,67,0,1
B10048,5,M-1,19827,16327,5270,54,1,0
B10049,0,M-6,33370,19233,8282,68,0,0
B10049,1,M-5,32555,15535,35800,89,0,0
B10049,2,M-4,31946,24673,6489,68,0,0
B10049,3,M-3,29599,16241,28430,86,0,0
B10049,4,M-2,29791,23405,13467,43,0,0
B10049,5,M-1,27585,15082,24334,46,0,0
B10050,0,M-6,12285,6506,11353,61,0,0
B10050,1,M-5,14476,7572,14277,86,0,0
B10050,2,M-4,12448,10341,5448,42,0,0
B10050,3,M-3,13202,10355,10498,76,0,0
B10050,4,M-2,13863,12600,16916,27,0,0
B10050,5,M-1,14844,7446,18449,66,0,0
B10051,0,M-6,63375,38975,20867,39,0,0
B10051,1,M-5,63126,31560,23747,74,0,0
B10051,2,M-4,68131,42840,11913,69,0,0
B10051,3,M-3,74517,49091,9093,49,0,0
B10051,4,M-2,65715,29953,22037,84,0,0
B10051,5,M-1,75849,56074,24399,36,0,0
B10052,0,M-6,58544,33931,18547,41,0,0
B10052,1,M-5,56523,32248,22017,72,0,0
B10052,2,M-4,63022,42902,22992,54,0,0
B10052,3,M-3,61238,31025,10702,51,0,0
B10052,4,M-2,57033,36655,21822,70,0,0
B10052,5,M-1,54982,43304,5883,30,0,0
B10053,0,M-6,18453,10204,10357,77,0,0
B10053,1,M-5,22031,16669,9199,62,0,0
B10053,2,M-4,20980,16535,7036,75,0,0
B10053,3,M-3,21245,16707,6133,54,0,0
B10053,4,M-2,20564,9451,3169,29,0,0
B10053,5,M-1,20762,16568,8020,39,0,0
B10054,0,M-6,56318,31565,6253,68,0,0
B10054,1,M-5,54950,26665,14799,81,0,0
B10054,2,M-4,52967,28708,12568,87,0,0
B10054,3,M-3,54917,28248,16307,52,0,0
B10054,4,M-2,59760,34528,15742,54,0,0
B10054,5,M-1,57900,45900,22648,77,0,0
B10055,0,M-6,31968,24535,4306,47,0,0
B10055,1,M-5,31414,21316,12566,64,0,0
B10055,2,M-4,31991,24336,13489,86,0,0
B10055,3,M-3,34339,21714,9162,35,0,0
B10055,4,M-2,35081,17322,6341,41,0,0
B10055,5,M-1,34403,24509,6026,50,0,0
B10056,0,M-6,75717,40200,7866,49,0,0
B10056,1,M-5,75875,49030,19717,35,0,0
B10056,2,M-4,79069,46366,19216,42,0,0
B10056,3,M-3,72592,38753,31025,84,0,0
B10056,4,M-2,76417,52699,16351,73,0,0
B10056,5,M-1,74577,44337,33745,36,0,0
B10057,0,M-6,49747,26178,6312,66,0,0
B10057,1,M-5,44222,22490,9149,32,0,0
B10057,2,M-4,47906,21707,5078,75,0,0
B10057,3,M-3,44522,29325,10807,30,0,0
B10057,4,M-2,41174,19845,15106,85,0,0
B10057,5,M-1,47995,32099,5387,66,0,0
B10058,0,M-6,26946,13350,12451,38,0,0
B10058,1,M-5,25369,12293,9098,79,0,0
B10058,2,M-4,26443,16766,10542,41,0,0
B10058,3,M-3,25134,16641,3556,85,0,0
B10058,4,M-2,24499,15238,12631,30,0,0
B10058,5,M-1,27782,13092,8954,85,0,0
B10059,0,M-6,54000,32803,56914,86,0,0
B10059,1,M-5,59600,54209,39456,62,0,0
B10059,2,M-4,55497,27590,36042,35,0,0
B10059,3,M-3,50925,45569,21920,41,0,0
B10059,4,M-2,50077,36819,43333,39,0,0
B10059,5,M-1,46581,28524,37528,56,0,0
B10060,0,M-6,57255,32245,26799,30,0,0
B10060,1,M-5,55609,33267,13656,45,0,0
B10060,2,M-4,54273,24883,12664,89,0,0
B10060,3,M-3,54011,43023,15800,34,0,0
B10060,4,M-2,47535,35003,10264,49,0,0
B10060,5,M-1,54476,40773,8271,28,0,0
B10061,0,M-6,126925,100589,25151,29,0,0
B10061,1,M-5,109582,64161,59782,89,0,0
B10061,2,M-4,125059,97820,22746,47,0,0
B10061,3,M-3,112094,55828,46866,58,0,0
B10061,4,M-2,118309,89376,44792,52,0,0
B10061,5,M-1,115596,69273,26897,64,0,0
B10062,0,M-6,59479,40741,11866,38,0,0
B10062,1,M-5,60922,47772,18062,65,0,0
B10062,2,M-4,69812,52594,29809,52,0,0
B10062,3,M-3,73275,48565,28152,71,0,0
B10062,4,M-2,70078,54570,21538,59,0,0
B10062,5,M-1,75835,52814,7560,32,0,0
B10063,0,M-6,73284,55262,13783,71,0,0
B10063,1,M-5,78320,43729,32736,54,0,0
B10063,2,M-4,82436,40488,12263,38,0,0
B10063,3,M-3,83196,44808,22774,80,0,0
B10063,4,M-2,82721,37391,36402,40,0,0
B10063,5,M-1,84282,51960,21215,30,0,0
B10064,0,M-6,27542,21986,7109,33,0,0
B10064,1,M-5,28105,17760,10382,57,0,0
B10064,2,M-4,26312,17453,11286,88,0,0
B10064,3,M-3,25629,11748,10307,32,0,0
B10064,4,M-2,30827,22499,14705,51,0,0
B10064,5,M-1,28206,18225,10449,25,0,0
B10065,0,M-6,39646,33401,48445,84,0,0
B10065,1,M-5,42040,19442,31717,57,0,0
B10065,2,M-4,39451,35972,45875,59,0,0
B10065,3,M-3,43887,22894,53774,78,0,0
B10065,4,M-2,44737,35269,11882,72,0,0
B10065,5,M-1,40342,32549,33967,25,0,0
B10066,0,M-6,25714,21427,17717,86,0,0
B10066,1,M-5,22808,20479,10841,48,0,0
B10066,2,M-4,22596,20532,13180,80,0,0
B10066,3,M-3,22860,15859,4605,32,0,0
B10066,4,M-2,23156,20213,11624,47,0,0
B10066,5,M-1,23162,16306,15618,71,0,0
B10067,0,M-6,24187,21951,38605,62,0,0
B10067,1,M-5,26071,18385,33445,80,0,0
B10067,2,M-4,25391,22865,37795,25,0,0
B10067,3,M-3,30512,28662,6751,43,0,0
B10067,4,M-2,29430,19596,24131,65,0,0
B10067,5,M-1,36273,23687,18525,38,0,0
B10068,0,M-6,29173,22070,38615,59,0,0
B10068,1,M-5,26367,17851,38712,62,0,0
B10068,2,M-4,28736,18002,41536,44,0,0
B10068,3,M-3,28238,22521,26566,44,0,0
B10068,4,M-2,32514,18865,27813,62,0,0
B10068,5,M-1,31728,24689,14519,72,0,0
B10069,0,M-6,34413,20686,15929,80,0,0
B10069,1,M-5,31522,17131,4750,67,0,0
B10069,2,M-4,32927,23727,13625,72,0,0
B10069,3,M-3,35338,18313,8011,69,0,0
B10069,4,M-2,33493,21491,12584,79,0,0
B10069,5,M-1,33249,16099,4826,53,0,0
B10070,0,M-6,48476,37923,19129,70,0,0
B10070,1,M-5,47524,35040,32998,86,0,0
B10070,2,M-4,43237,28884,51309,75,0,0
B10070,3,M-3,45106,32479,4470,87,0,0
B10070,4,M-2,44695,30885,35888,85,0,0
B10070,5,M-1,40207,31800,26604,66,0,0
B10071,0,M-6,48356,32105,24060,29,0,0
B10071,1,M-5,57763,28302,18731,65,0,0
B10071,2,M-4,51141,26640,13020,79,0,0
B10071,3,M-3,60508,35743,8220,69,0,0
B10071,4,M-2,60029,33770,26927,38,0,0
B10071,5,M-1,55643,28417,6943,42,0,0
B10072,0,M-6,21324,10172,12163,38,0,0
B10072,1,M-5,18795,14254,26663,54,0,0
B10072,2,M-4,18321,8725,16938,35,0,0
B10072,3,M-3,18127,12824,4075,40,0,0
B10072,4,M-2,19907,14729,13676,73,0,0
B10072,5,M-1,21859,12351,5158,39,0,0
B10073,0,M-6,44797,38554,30212,40,0,0
B10073,1,M-5,43115,19669,46155,86,0,0
B10073,2,M-4,39800,23796,41353,30,0,0
B10073,3,M-3,43120,25976,44530,80,0,0
B10073,4,M-2,45792,21165,30349,75,0,0
B10073,5,M-1,47264,30848,49469,49,0,0
B10074,0,M-6,48278,28326,8453,87,0,0
B10074,1,M-5,47576,24153,7136,34,0,0
B10074,2,M-4,47738,24895,23696,26,0,0
B10074,3,M-3,49832,34326,23295,55,0,0
B10074,4,M-2,49231,34865,5352,37,0,0
B10074,5,M-1,44662,32634,21387,58,0,0
B10075,0,M-6,43442,23956,20405,88,0,0
B10075,1,M-5,44133,22132,13932,83,0,0
B10075,2,M-4,42812,29592,16776,83,0,0
B10075,3,M-3,40024,25729,9537,51,0,0
B10075,4,M-2,45886,27811,5853,28,0,0
B10075,5,M-1,43988,28777,8069,85,0,0
B10076,0,M-6,41120,19056,4244,42,0,0
B10076,1,M-5,44944,38972,29382,67,1,0
B10076,2,M-4,44168,29088,30417,69,0,0
B10076,3,M-3,38638,19693,18937,89,0,0
B10076,4,M-2,36973,30421,35185,61,0,0
B10076,5,M-1,43210,33013,29569,70,0,0
B10077,0,M-6,15324,9673,20443,82,0,0
B10077,1,M-5,16788,13964,9581,71,0,0
B10077,2,M-4,15406,13207,6844,80,0,0
B10077,3,M-3,16296,9179,4626,33,0,0
B10077,4,M-2,16569,13179,19689,30,0,0
B10077,5,M-1,19661,16292,2731,32,0,0
B10078,0,M-6,76466,43191,13006,43,0,0
B10078,1,M-5,87539,48952,43607,53,0,0
B10078,2,M-4,88372,48755,39311,37,0,0
B10078,3,M-3,81378,60575,25808,69,0,0
B10078,4,M-2,84841,67835,26376,31,0,0
B10078,5,M-1,91126,62010,11914,34,0,0
B10079,0,M-6,58265,41799,34433,82,0,0
B10079,1,M-5,61133,37141,30607,53,0,0
B10079,2,M-4,61564,31515,25238,75,0,0
B10079,3,M-3,74901,38009,18891,45,0,0
B10079,4,M-2,69658,49973,22725,56,0,0
B10079,5,M-1,73710,47085,19977,61,0,0
B10080,0,M-6,48841,38631,7150,80,0,0
B10080,1,M-5,46509,25245,12030,62,0,0
B10080,2,M-4,54220,36251,26550,71,0,0
B10080,3,M-3,53710,35295,11503,61,0,0
B10080,4,M-2,54999,32971,13129,29,0,0
B10080,5,M-1,60089,37653,12087,68,0,0
B10081,0,M-6,78165,61542,23714,26,0,0
B10081,1,M-5,79532,38126,27444,81,0,0
B10081,2,M-4,81414,48234,19769,67,0,0
B10081,3,M-3,70282,54827,31396,34,0,0
B10081,4,M-2,71700,50697,38122,58,0,0
B10081,5,M-1,84104,65802,38078,41,0,0
B10082,0,M-6,18244,13969,19659,74,0,0
B10082,1,M-5,16344,7632,19391,78,0,0
B10082,2,M-4,17921,12286,10070,79,0,0
B10082,3,M-3,16992,15095,18442,78,0,0
B10082,4,M-2,16737,11769,8814,64,0,0
B10082,5,M-1,16909,13846,10898,26,0,0
B10083,0,M-6,53081,38998,10360,73,0,0
B10083,1,M-5,47096,28303,9164,39,0,0
B10083,2,M-4,50827,35800,8817,36,0,0
B10083,3,M-3,49996,23002,24607,40,0,0
B10083,4,M-2,46275,24846,16715,67,0,0
B10083,5,M-1,42403,26040,22506,88,0,0
B10084,0,M-6,24551,19714,18149,89,0,0
B10084,1,M-5,27713,13036,15324,71,0,0
B10084,2,M-4,25200,17551,32623,81,0,0
B10084,3,M-3,23135,11493,33412,36,0,0
B10084,4,M-2,23118,16284,12364,82,0,0
B10084,5,M-1,24924,18488,37070,59,0,0
B10085,0,M-6,35212,23283,8038,31,0,0
B10085,1,M-5,32391,16842,9179,50,0,0
B10085,2,M-4,32392,21382,4490,52,0,0
B10085,3,M-3,33742,17385,11624,31,0,0
B10085,4,M-2,35441,28022,12228,67,0,0
B10085,5,M-1,37578,29151,10259,67,0,0
B10086,0,M-6,35840,24792,16331,68,0,0
B10086,1,M-5,36943,17757,5184,37,0,0
B10086,2,M-4,36808,25530,5899,26,0,0
B10086,3,M-3,34289,17172,6620,79,0,0
B10086,4,M-2,36668,23413,4524,75,0,0
B10086,5,M-1,31622,18899,4933,83,0,0
B10087,0,M-6,38156,29034,17315,73,0,0
B10087,1,M-5,37821,19461,13317,64,0,0
B10087,2,M-4,34506,22705,51587,44,0,0
B10087,3,M-3,36170,17127,4580,82,0,0
B10087,4,M-2,38179,20208,43597,83,0,0
B10087,5,M-1,36441,17558,24454,65,0,0
B10088,0,M-6,23369,12128,17508,84,0,0
B10088,1,M-5,25687,23784,20532,69,0,0
B10088,2,M-4,27748,18627,29325,71,0,0
B10088,3,M-3,27274,13222,14375,51,0,0
B10088,4,M-2,30446,20309,16277,27,0,0
B10088,5,M-1,33150,17419,22554,88,0,0
B10089,0,M-6,26603,16480,12171,73,0,0
B10089,1,M-5,30095,24296,39444,68,0,0
B10089,2,M-4,31745,17997,14624,68,0,0
B10089,3,M-3,31662,23316,8433,49,0,0
B10089,4,M-2,31291,15728,23071,37,0,0
B10089,5,M-1,31628,21417,8689,52,1,0
B10090,0,M-6,87705,40839,26734,45,0,0
B10090,1,M-5,92952,52819,22936,79,0,0
B10090,2,M-4,97801,48557,14205,66,0,0
B10090,3,M-3,94204,64391,14588,72,0,0
B10090,4,M-2,80181,53615,31941,50,0,0
B10090,5,M-1,92013,52323,10816,68,0,0
B10091,0,M-6,25664,14859,33693,83,0,0
B10091,1,M-5,21694,12361,22294,40,0,0
B10091,2,M-4,23906,16787,33950,42,0,0
B10091,3,M-3,23032,16734,4710,26,0,0
B10091,4,M-2,24575,22286,3161,61,0,0
B10091,5,M-1,24384,12210,27785,67,0,0
B10092,0,M-6,33758,20073,14580,70,0,0
B10092,1,M-5,34503,22025,13205,67,0,0
B10092,2,M-4,30151,13895,13775,68,0,0
B10092,3,M-3,34225,19630,13530,78,0,0
B10092,4,M-2,32293,16534,12959,70,0,0
B10092,5,M-1,30106,18423,15101,53,0,0
B10093,0,M-6,31994,18843,22341,54,0,0
B10093,1,M-5,31203,17078,7136,62,0,0
B10093,2,M-4,32041,26232,47427,52,0,0
B10093,3,M-3,33093,19028,10852,45,0,0
B10093,4,M-2,37874,18875,25034,77,0,0
B10093,5,M-1,38412,29314,18486,41,0,0
B10094,0,M-6,32067,18419,10820,65,0,0
B10094,1,M-5,30982,15435,4350,33,0,0
B10094,2,M-4,34683,21836,13339,48,0,0
B10094,3,M-3,35742,22854,5853,55,0,0
B10094,4,M-2,36950,20392,18052,58,0,0
B10094,5,M-1,38425,19236,7210,78,0,0
B10095,0,M-6,33284,28082,7820,85,0,0
B10095,1,M-5,32075,18285,36894,67,0,0
B10095,2,M-4,35522,33340,44728,82,0,0
B10095,3,M-3,34323,16567,9213,85,0,0
B10095,4,M-2,33013,18020,18943,49,0,0
B10095,5,M-1,31047,29137,13380,28,0,0
B10096,0,M-6,64859,36383,16053,36,0,0
B10096,1,M-5,58118,39280,15462,30,0,0
B10096,2,M-4,65860,41457,22686,76,0,0
B10096,3,M-3,67167,32539,8158,27,0,0
B10096,4,M-2,58413,30306,14705,44,1,0
B10096,5,M-1,66325,45714,13314,70,0,0
B10097,0,M-6,58381,37998,13849,49,0,0
B10097,1,M-5,59366,28038,13753,55,0,0
B10097,2,M-4,53152,41813,19211,44,0,0
B10097,3,M-3,51940,35642,9241,78,0,0
B10097,4,M-2,57313,26329,9703,84,0,0
B10097,5,M-1,55416,28931,11693,59,0,0
B10098,0,M-6,58726,45261,22768,71,0,0
B10098,1,M-5,57382,35733,29837,60,0,0
B10098,2,M-4,66346,31633,8531,74,0,0
B10098,3,M-3,57826,35148,12074,57,0,0
B10098,4,M-2,59005,28064,22682,73,0,0
B10098,5,M-1,57597,40956,26556,50,0,0
B10099,0,M-6,66600,48983,17279,65,0,0
B10099,1,M-5,69482,53989,19463,52,0,0
B10099,2,M-4,65449,31877,17300,25,0,0
B10099,3,M-3,72678,33010,13963,39,0,0
B10099,4,M-2,74135,40586,26368,27,0,0
B10099,5,M-1,78867,46838,30702,57,0,0
B10100,0,M-6,48057,29861,18757,28,0,0
B10100,1,M-5,50859,48020,58271,70,0,0
B10100,2,M-4,45295,40147,39697,36,0,0
B10100,3,M-3,50248,24235,37718,86,0,0
B10100,4,M-2,45517,43060,67347,33,0,0
B10100,5,M-1,47686,34545,57858,38,0,0
B10101,0,M-6,22430,20548,8905,74,0,0
B10101,1,M-5,28991,24226,30832,47,0,0
B10101,2,M-4,30081,23087,16564,28,0,0
B10101,3,M-3,30470,20172,12047,56,0,0
B10101,4,M-2,36319,22907,29156,26,0,0
B10101,5,M-1,36993,19382,25393,86,0,0
B10102,0,M-6,43883,34844,21599,53,0,0
B10102,1,M-5,51749,25265,17070,30,0,0
B10102,2,M-4,44790,22110,6052,26,0,0
B10102,3,M-3,47227,29272,19460,25,0,0
B10102,4,M-2,48527,38061,17626,76,0,0
B10102,5,M-1,47186,24719,20061,49,0,0
B10103,0,M-6,37278,26056,9186,79,0,0
B10103,1,M-5,46321,43709,30453,83,0,0
B10103,2,M-4,47073,32531,34590,40,0,0
B10103,3,M-3,41244,38031,43509,31,0,0
B10103,4,M-2,49618,23053,56340,46,0,0
B10103,5,M-1,45094,26614,44588,68,0,0
B10104,0,M-6,36662,18761,50033,70,0,0
B10104,1,M-5,33652,29087,26650,70,0,0
B10104,2,M-4,33366,31383,19107,78,0,0
B10104,3,M-3,32616,26626,41346,70,0,0
B10104,4,M-2,31896,28155,11926,56,0,0
B10104,5,M-1,34675,32670,34303,80,0,0
B10105,0,M-6,13538,6699,10520,78,0,0
B10105,1,M-5,13801,10574,10159,25,0,0
B10105,2,M-4,14015,7162,13979,84,0,0
B10105,3,M-3,15330,11396,20710,56,0,0
B10105,4,M-2,17935,8919,13034,49,0,0
B10105,5,M-1,20141,16140,7303,33,0,0
B10106,0,M-6,54221,25097,9708,80,0,0
B10106,1,M-5,57271,28462,19880,63,0,0
B10106,2,M-4,59055,41645,16657,60,0,0
B10106,3,M-3,59874,40560,10245,54,0,0
B10106,4,M-2,69650,47835,29500,34,0,0
B10106,5,M-1,61185,41015,12874,66,0,0
B10107,0,M-6,48786,37636,17632,49,0,0
B10107,1,M-5,53204,36571,13251,54,0,0
B10107,2,M-4,49039,28144,14251,43,0,0
B10107,3,M-3,53310,33703,19204,85,0,0
B10107,4,M-2,45513,30606,6681,44,0,0
B10107,5,M-1,49926,37237,17542,29,0,0
B10108,0,M-6,8936,8013,12189,83,0,0
B10108,1,M-5,9857,4719,997,54,0,0
B10108,2,M-4,9138,4602,5137,71,0,0
B10108,3,M-3,9637,4379,6113,37,0,0
B10108,4,M-2,10196,9168,5872,84,0,0
B10108,5,M-1,9414,7858,3938,55,0,0
B10109,0,M-6,12058,6622,15510,77,0,0
B10109,1,M-5,13106,9189,5110,89,0,0
B10109,2,M-4,14120,10834,6065,33,0,0
B10109,3,M-3,13738,12985,19918,52,0,0
B10109,4,M-2,16786,8317,2532,51,0,0
B10109,5,M-1,16988,13024,6105,46,0,0
B10110,0,M-6,31132,25175,42657,29,0,0
B10110,1,M-5,32115,29407,25081,26,0,0
B10110,2,M-4,34503,27546,8890,27,0,0
B10110,3,M-3,35484,30062,33284,73,0,0
B10110,4,M-2,35466,28101,40904,88,0,0
B10110,5,M-1,34894,28801,19911,75,0,0
B10111,0,M-6,20749,15607,9850,53,0,0
B10111,1,M-5,21565,11903,24590,80,0,0
B10111,2,M-4,23951,16120,28070,53,0,0
B10111,3,M-3,24706,17035,19933,54,0,0
B10111,4,M-2,30499,16410,22497,86,0,0
B10111,5,M-1,28832,17040,13468,82,0,0
B10112,0,M-6,44848,33979,11548,82,0,0
B10112,1,M-5,49775,24357,7633,32,0,0
B10112,2,M-4,42395,33261,11048,65,0,0
B10112,3,M-3,41908,32401,21283,83,0,0
B10112,4,M-2,45612,23368,14199,63,0,0
B10112,5,M-1,45563,22899,16687,44,0,0
B10113,0,M-6,31419,15350,15955,48,0,0
B10113,1,M-5,36191,26149,5349,54,0,0
B10113,2,M-4,36014,23158,16229,52,0,0
B10113,3,M-3,31727,16771,13697,32,0,0
B10113,4,M-2,34915,17460,13506,70,0,0
B10113,5,M-1,33018,15483,4891,62,0,0
B10114,0,M-6,85792,40943,34895,80,0,0
B10114,1,M-5,85592,46970,32375,29,0,0
B10114,2,M-4,97807,69910,22868,60,0,0
B10114,3,M-3,100069,46165,21234,88,0,0
B10114,4,M-2,100085,64786,42545,27,0,0
B10114,5,M-1,96517,75306,10572,48,0,0
B10115,0,M-6,33975,23116,48148,88,0,0
B10115,1,M-5,34222,22964,45341,86,0,0
B10115,2,M-4,35479,24627,19946,43,0,0
B10115,3,M-3,31742,24119,34309,53,0,0
B10115,4,M-2,32320,24638,17690,30,0,0
B10115,5,M-1,31590,21325,43224,89,0,0
B10116,0,M-6,38922,27728,36616,41,0,0
B10116,1,M-5,39467,19585,47995,47,0,0
B10116,2,M-4,39723,21143,20904,52,0,0
B10116,3,M-3,38408,30512,11654,70,0,0
B10116,4,M-2,38241,30457,22859,25,0,0
B10116,5,M-1,42449,31776,7589,68,0,0
B10117,0,M-6,60436,40609,21714,85,0,0
B10117,1,M-5,62640,30364,7700,79,0,0
B10117,2,M-4,52819,24072,26968,31,0,0
B10117,3,M-3,60003,40102,18125,66,0,0
B10117,4,M-2,56789,41572,20930,80,0,0
B10117,5,M-1,53107,38339,18281,32,0,0
B10118,0,M-6,23781,18179,23180,26,0,0
B10118,1,M-5,25381,23104,5385,49,0,0
B10118,2,M-4,25851,13320,18353,66,0,0
B10118,3,M-3,24235,13810,33716,44,0,0
B10118,4,M-2,25408,14549,29639,76,0,0
B10118,5,M-1,26896,20969,12171,85,0,0
B10119,0,M-6,42705,27461,9299,73,0,0
B10119,1,M-5,44220,27834,11103,37,0,0
B10119,2,M-4,41567,28700,19429,43,0,0
B10119,3,M-3,43736,28615,17365,45,0,0
B10119,4,M-2,47554,37273,12605,82,0,0
B10119,5,M-1,44442,31619,18209,65,0,0
B10120,0,M-6,19175,8800,25679,62,0,0
B10120,1,M-5,19330,13162,6209,87,0,0
B10120,2,M-4,19697,14117,18044,46,0,0
B10120,3,M-3,19833,13584,27069,51,0,0
B10120,4,M-2,21323,12977,12620,30,0,0
B10120,5,M-1,23691,16511,3702,44,0,0
B10121,0,M-6,57486,40663,10069,30,0,0
B10121,1,M-5,61560,29000,5812,39,0,0
B10121,2,M-4,60413,31159,7831,38,0,0
B10121,3,M-3,58376,37050,24483,74,0,0
B10121,4,M-2,55702,33917,8923,57,0,0
B10121,5,M-1,63262,33312,13554,88,0,0
B10122,0,M-6,47742,36180,10120,38,0,0
B10122,1,M-5,48191,27549,10505,63,0,0
B10122,2,M-4,47695,23036,14708,70,0,0
B10122,3,M-3,45330,25243,22585,40,0,0
B10122,4,M-2,43836,20792,8540,83,0,0
B10122,5,M-1,42238,19195,14149,46,0,0
B10123,0,M-6,54647,42002,14849,46,0,0
B10123,1,M-5,61787,48246,13049,37,0,0
B10123,2,M-4,63965,44497,26884,32,0,0
B10123,3,M-3,69075,44783,25851,47,0,0
B10123,4,M-2,62220,28181,29192,34,0,0
B10123,5,M-1,72263,45751,13385,61,0,0
B10124,0,M-6,36558,18207,25487,70,1,0
B10124,1,M-5,33864,26840,18349,48,0,0
B10124,2,M-4,33184,30885,22729,84,0,0
B10124,3,M-3,29852,24878,6983,34,0,0
B10124,4,M-2,35192,29678,27757,49,0,0
B10124,5,M-1,32889,29599,40320,28,0,0
B10125,0,M-6,41881,29761,9243,58,0,0
B10125,1,M-5,46227,24044,13761,43,0,0
B10125,2,M-4,40288,26431,11629,42,0,1
B10125,3,M-3,42144,30763,13450,77,0,0
B10125,4,M-2,39479,21682,6972,50,0,0
B10125,5,M-1,42479,19622,16962,67,0,0
B10126,0,M-6,28275,18154,34178,84,0,0
B10126,1,M-5,24254,13952,3721,73,0,0
B10126,2,M-4,25820,16451,23047,26,0,0
B10126,3,M-3,23995,12089,17132,33,0,0
B10126,4,M-2,25903,18863,8873,56,0,0
B10126,5,M-1,25638,14428,26655,53,0,0
B10127,0,M-6,71099,48250,7222,52,0,0
B10127,1,M-5,61618,46879,7916,38,0,0
B10127,2,M-4,70473,39843,25774,84,0,0
B10127,3,M-3,61140,38075,27011,61,0,0
B10127,4,M-2,69226,51383,27057,47,0,0
B10127,5,M-1,62589,37283,25312,85,0,0
B10128,0,M-6,25800,20080,4930,85,0,0
B10128,1,M-5,23174,18600,28632,83,0,0
B10128,2,M-4,25971,17447,12209,48,0,0
B10128,3,M-3,24088,21305,10327,83,0,0
B10128,4,M-2,22603,16290,5830,47,0,0
B10128,5,M-1,22652,20959,18109,30,0,0
B10129,0,M-6,16339,14906,4210,25,0,0
B10129,1,M-5,16280,15067,3276,41,0,0
B10129,2,M-4,15275,9452,9507,65,0,0
B10129,3,M-3,14518,11318,17327,77,0,0
B10129,4,M-2,15035,7700,13012,45,0,0
B10129,5,M-1,13819,7454,10881,53,0,0
B10130,0,M-6,17950,16427,27911,26,0,0
B10130,1,M-5,20457,17471,16589,75,0,0
B10130,2,M-4,20326,15056,11883,38,0,0
B10130,3,M-3,21925,10223,22671,49,0,0
B10130,4,M-2,22911,11209,4354,85,0,0
B10130,5,M-1,19946,13997,18386,60,1,0
B10131,0,M-6,18222,14487,28007,33,0,0
B10131,1,M-5,19913,18108,25758,48,0,0
B10131,2,M-4,18265,13306,20711,32,0,0
B10131,3,M-3,20193,18157,17547,65,0,0
B10131,4,M-2,20640,9755,21413,48,0,0
B10131,5,M-1,18668,12217,13826,79,0,0
B10132,0,M-6,49327,38768,16494,76,0,0
B10132,1,M-5,42072,31191,5759,38,0,0
B10132,2,M-4,51920,33743,20510,58,0,0
B10132,3,M-3,51958,28744,7510,70,0,0
B10132,4,M-2,53189,32208,14248,42,0,0
B10132,5,M-1,54487,43457,20500,32,0,0
B10133,0,M-6,38312,29310,36011,60,0,0
B10133,1,M-5,37947,21230,55494,83,0,0
B10133,2,M-4,42894,28302,27970,41,0,0
B10133,3,M-3,41292,22219,55141,67,0,0
B10133,4,M-2,41786,27121,10939,82,0,0
B10133,5,M-1,47290,41710,36182,69,0,0
B10134,0,M-6,50244,27911,10533,75,0,0
B10134,1,M-5,51212,27929,8199,75,0,0
B10134,2,M-4,55607,27576,21736,42,0,0
B10134,3,M-3,49448,23531,21332,74,0,0
B10134,4,M-2,53006,24126,23705,64,0,0
B10134,5,M-1,50158,35489,22879,37,0,0
B10135,0,M-6,97039,52775,17382,61,0,1
B10135,1,M-5,91759,57343,45780,40,0,0
B10135,2,M-4,92880,57497,30463,73,0,0
B10135,3,M-3,99680,76996,25576,30,0,0
B10135,4,M-2,89656,40773,29143,32,0,0
B10135,5,M-1,92553,69823,13765,82,0,0
B10136,0,M-6,55379,32737,11690,60,0,0
B10136,1,M-5,56391,26905,9320,72,0,0
B10136,2,M-4,52832,28636,8160,76,0,0
B10136,3,M-3,56855,40828,13437,75,0,0
B10136,4,M-2,57535,31474,24488,81,0,0
B10136,5,M-1,59034,36346,9684,75,0,0
B10137,0,M-6,15766,9247,18087,66,0,0
B10137,1,M-5,17686,16764,19512,42,0,0
B10137,2,M-4,16988,12505,2681,71,0,0
B10137,3,M-3,19112,14406,13273,36,0,0
B10137,4,M-2,20801,16095,15548,31,1,0
B10137,5,M-1,19864,15027,19738,70,0,0
B10138,0,M-6,38795,24722,8751,72,0,0
B10138,1,M-5,39944,34697,39787,83,0,0
B10138,2,M-4,40374,33426,11598,28,0,0
B10138,3,M-3,45801,24687,12023,45,0,0
B10138,4,M-2,42484,23116,53132,36,0,0
B10138,5,M-1,44022,35164,18889,56,0,0
B10139,0,M-6,57845,30962,23337,64,0,0
B10139,1,M-5,59020,34846,6956,85,0,0
B10139,2,M-4,57098,44374,28217,32,0,0
B10139,3,M-3,60467,32911,19840,63,0,0
B10139,4,M-2,58256,29608,13201,63,0,0
B10139,5,M-1,66038,41831,28807,61,0,0
B10140,0,M-6,66599,35332,23149,27,0,0
B10140,1,M-5,70729,34126,19572,36,0,0
B10140,2,M-4,69335,38750,28561,56,0,0
B10140,3,M-3,71832,56335,13258,50,0,0
B10140,4,M-2,76599,37323,32603,47,0,0
B10140,5,M-1,80824,54924,20202,77,0,0
B10141,0,M-6,49307,25212,16823,33,0,0
B10141,1,M-5,47754,29737,24489,47,0,0
B10141,2,M-4,52022,34649,25047,83,0,0
B10141,3,M-3,58145,42862,17553,27,0,0
B10141,4,M-2,52680,24412,18416,72,0,0
B10141,5,M-1,59105,28689,16344,72,0,0
B10142,0,M-6,45694,27669,13158,73,0,0
B10142,1,M-5,43439,30155,17058,41,0,0
B10142,2,M-4,40855,30572,22505,66,0,0
B10142,3,M-3,44576,25446,8456,89,0,0
B10142,4,M-2,41875,23121,10448,68,0,0
B10142,5,M-1,38016,25421,7702,47,0,0
B10143,0,M-6,25888,19018,22006,30,0,0
B10143,1,M-5,27490,22582,38510,67,0,0
B10143,2,M-4,29497,26008,37178,35,0,0
B10143,3,M-3,29375,26065,10110,85,0,0
B10143,4,M-2,33760,20639,14832,83,0,0
B10143,5,M-1,30226,20571,12910,64,0,0
B10144,0,M-6,38833,23596,8019,42,0,0
B10144,1,M-5,36338,18133,12185,26,0,0
B10144,2,M-4,42955,27802,15217,44,0,0
B10144,3,M-3,41499,26919,8759,71,1,0
B10144,4,M-2,41018,20675,16660,33,0,0
B10144,5,M-1,40356,30295,8010,39,0,0
B10145,0,M-6,25210,23690,12276,43,0,0
B10145,1,M-5,28667,23411,35621,83,0,0
B10145,2,M-4,25688,15449,10197,40,0,0
B10145,3,M-3,29586,20374,6276,82,0,0
B10145,4,M-2,25944,21923,5372,56,0,0
B10145,5,M-1,28556,19647,6333,63,0,0
B10146,0,M-6,77915,39746,13585,68,0,0
B10146,1,M-5,76445,48219,24102,63,0,0
B10146,2,M-4,77537,54606,15941,42,0,0
B10146,3,M-3,85305,63301,20672,44,0,0
B10146,4,M-2,81670,60454,18826,45,0,0
B10146,5,M-1,78752,56460,8514,86,0,0
B10147,0,M-6,42773,30667,8644,59,0,0
B10147,1,M-5,39679,18159,17298,29,0,0
B10147,2,M-4,42976,30040,9545,80,0,0
B10147,3,M-3,43131,26139,19202,36,0,0
B10147,4,M-2,38896,23776,9867,69,0,0
B10147,5,M-1,39957,21552,16885,26,0,0
B10148,0,M-6,35588,26279,12351,34,0,0
B10148,1,M-5,33937,16984,28365,86,0,0
B10148,2,M-4,33099,17001,19772,29,0,0
B10148,3,M-3,40412,36946,34162,38,0,0
B10148,4,M-2,36179,34208,14402,84,0,0
B10148,5,M-1,42136,19536,44362,86,0,0
B10149,0,M-6,43644,26816,5201,63,0,0
B10149,1,M-5,43317,30710,9773,65,0,0
B10149,2,M-4,47850,28554,7642,58,0,0
B10149,3,M-3,40842,29949,16532,48,0,0
B10149,4,M-2,46505,33730,5039,38,0,0
B10149,5,M-1,41015,23814,19641,65,0,0
B10150,0,M-6,23586,18411,23058,85,0,0
B10150,1,M-5,22223,20068,16230,28,0,0
B10150,2,M-4,23539,12737,7725,27,0,0
B10150,3,M-3,27109,14394,14034,62,0,0
B10150,4,M-2,26063,16210,24792,78,0,0
B10150,5,M-1,27106,18325,10251,65,0,0
B10151,0,M-6,51506,28385,8371,87,0,0
B10151,1,M-5,51706,33344,39823,52,0,0
B10151,2,M-4,52954,32353,53114,44,1,0
B10151,3,M-3,49093,39479,49560,38,0,0
B10151,4,M-2,56632,42304,9561,74,0,0
B10151,5,M-1,50633,34960,15777,88,0,0
B10152,0,M-6,56642,38182,12800,68,0,0
B10152,1,M-5,51209,29437,5814,71,0,0
B10152,2,M-4,55219,36170,10424,53,0,0
B10152,3,M-3,54205,43313,23800,56,0,0
B10152,4,M-2,59603,38621,18943,81,0,0
B10152,5,M-1,61854,28746,7912,79,0,0
B10153,0,M-6,57624,32315,11680,84,0,0
B10153,1,M-5,48804,28898,18319,66,0,0
B10153,2,M-4,56355,29347,23240,56,0,0
B10153,3,M-3,52289,31542,12849,35,0,0
B10153,4,M-2,50885,23182,9241,45,0,0
B10153,5,M-1,55011,37122,11477,61,0,0
B10154,0,M-6,77810,38677,32358,89,0,0
B10154,1,M-5,67351,42996,11042,88,0,0
B10154,2,M-4,74618,46831,21158,45,0,0
B10154,3,M-3,74585,49333,28282,71,0,0
B10154,4,M-2,71957,46335,36006,55,0,0
B10154,5,M-1,70626,33097,25328,57,0,0
B10155,0,M-6,54694,37732,21815,49,0,0
B10155,1,M-5,51394,38368,8954,45,0,0
B10155,2,M-4,47462,28507,10381,30,0,0
B10155,3,M-3,47427,24672,12432,67,0,0
B10155,4,M-2,44799,27243,7114,41,0,0
B10155,5,M-1,51607,24323,16691,69,0,0
B10156,0,M-6,25744,22023,31377,70,0,0
B10156,1,M-5,26071,13020,18979,68,0,0
B10156,2,M-4,24186,17261,20736,59,0,0
B10156,3,M-3,25212,18233,8837,45,0,0
B10156,4,M-2,26153,14359,32476,52,0,0
B10156,5,M-1,26748,13139,3204,31,0,0
B10157,0,M-6,28907,26337,34099,71,0,0
B10157,1,M-5,34672,20972,45800,67,0,0
B10157,2,M-4,36604,23961,3924,78,0,0
B10157,3,M-3,34648,30190,11996,75,0,0
B10157,4,M-2,35400,16115,34645,27,0,0
B10157,5,M-1,41033,21109,34509,29,0,0
B10158,0,M-6,33010,25715,23776,81,0,0
B10158,1,M-5,31514,18054,27911,61,1,0
B10158,2,M-4,31397,29264,6160,69,0,0
B10158,3,M-3,32536,23333,32061,36,0,0
B10158,4,M-2,35267,22401,10160,31,0,0
B10158,5,M-1,30089,19275,29485,77,0,0
B10159,0,M-6,32714,27547,19425,55,0,0
B10159,1,M-5,35315,29877,19928,44,0,0
B10159,2,M-4,33835,23181,27339,54,0,0
B10159,3,M-3,39156,36332,41776,51,0,0
B10159,4,M-2,35596,22028,42650,67,0,0
B10159,5,M-1,42976,28618,45001,26,0,0
B10160,0,M-6,42912,33554,11475,53,0,0
B10160,1,M-5,41934,21713,23502,49,0,0
B10160,2,M-4,37930,17447,39268,78,0,0
B10160,3,M-3,44880,33321,13281,83,0,0
B10160,4,M-2,45985,42458,33040,82,0,0
B10160,5,M-1,46915,41906,7484,33,0,0
B10161,0,M-6,34582,18898,16864,30,0,0
B10161,1,M-5,35395,27817,41500,84,0,0
B10161,2,M-4,37737,33884,4700,33,0,0
B10161,3,M-3,36447,20829,11947,29,0,0
B10161,4,M-2,34561,19647,7728,29,0,0
B10161,5,M-1,35006,28644,19662,84,0,0
B10162,0,M-6,15738,14700,6943,74,0,0
B10162,1,M-5,14231,6851,8898,72,0,0
B10162,2,M-4,16293,13994,3315,74,0,0
B10162,3,M-3,16937,7723,17351,30,0,0
B10162,4,M-2,16851,15303,9263,69,0,0
B10162,5,M-1,17484,8444,7170,79,0,0
B10163,0,M-6,69680,32988,17239,55,0,0
B10163,1,M-5,63386,33741,35885,77,0,0
B10163,2,M-4,67409,30640,16780,35,0,0
B10163,3,M-3,72789,50182,20418,32,0,0
B10163,4,M-2,67885,37246,29312,77,0,0
B10163,5,M-1,81213,47051,36699,29,0,0
B10164,0,M-6,22188,19127,22720,87,0,0
B10164,1,M-5,23322,11899,25473,72,0,0
B10164,2,M-4,22276,18922,11297,76,0,0
B10164,3,M-3,24193,20789,2761,41,0,0
B10164,4,M-2,23610,10923,22902,74,0,0
B10164,5,M-1,24054,16416,31018,34,0,0
B10165,0,M-6,35570,20644,15837,66,1,0
B10165,1,M-5,34523,16441,46070,39,0,0
B10165,2,M-4,32153,17989,15506,34,0,0
B10165,3,M-3,39370,27571,20028,74,0,0
B10165,4,M-2,39208,18021,42196,56,0,0
B10165,5,M-1,40509,32349,31402,27,0,0
B10166,0,M-6,53143,30003,25000,64,0,0
B10166,1,M-5,50142,31193,16424,43,0,0
B10166,2,M-4,58299,43728,10098,65,0,0
B10166,3,M-3,56550,42324,17607,80,0,0
B10166,4,M-2,56537,43847,11210,49,0,0
B10166,5,M-1,51984,26295,6148,38,0,0
B10167,0,M-6,32209,23564,43689,61,0,0
B10167,1,M-5,37846,32017,37073,73,0,0
B10167,2,M-4,35707,17647,20781,78,0,0
B10167,3,M-3,38571,24555,45786,72,0,0
B10167,4,M-2,39479,24096,33506,51,0,0
B10167,5,M-1,40732,25908,49608,74,0,0
B10168,0,M-6,20834,9381,25953,57,0,0
B10168,1,M-5,21047,10990,4446,86,0,0
B10168,2,M-4,22246,14528,26896,60,0,0
B10168,3,M-3,22134,18975,2994,27,0,0
B10168,4,M-2,22825,12391,25430,29,0,0
B10168,5,M-1,24067,22275,14872,48,0,0
B10169,0,M-6,23807,13727,6197,58,0,0
B10169,1,M-5,21844,14764,29633,27,0,0
B10169,2,M-4,24437,16210,24323,87,0,0
B10169,3,M-3,22459,15521,10381,50,0,0
B10169,4,M-2,26348,20471,8075,49,0,0
B10169,5,M-1,24687,13867,30016,62,0,0
B10170,0,M-6,41773,23470,8255,56,0,0
B10170,1,M-5,37367,25500,12178,38,0,0
B10170,2,M-4,37335,24027,14666,80,0,0
B10170,3,M-3,36811,25159,18525,34,0,0
B10170,4,M-2,42695,26351,20733,29,0,0
B10170,5,M-1,38152,25540,11095,65,0,0
B10171,0,M-6,19742,13231,10454,81,0,0
B10171,1,M-5,22221,11771,10389,46,0,0
B10171,2,M-4,20839,10773,10791,37,0,0
B10171,3,M-3,21429,14714,4666,63,0,0
B10171,4,M-2,23095,11915,7619,76,0,0
B10171,5,M-1,23873,16494,3884,69,0,0
B10172,0,M-6,14411,8188,6071,43,0,0
B10172,1,M-5,16254,8625,6029,62,0,0
B10172,2,M-4,16201,10424,7573,34,0,0
B10172,3,M-3,17690,9921,3262,77,0,0
B10172,4,M-2,19182,9996,6015,87,0,0
B10172,5,M-1,17005,12059,8531,42,0,0
B10173,0,M-6,49766,28407,12644,56,0,0
B10173,1,M-5,53347,40982,6802,41,0,0
B10173,2,M-4,48438,28012,24990,56,0,0
B10173,3,M-3,47973,35921,17935,63,0,0
B10173,4,M-2,54737,40838,24630,48,0,0
B10173,5,M-1,54397,26192,23362,31,0,0
B10174,0,M-6,19431,11132,7164,32,0,0
B10174,1,M-5,19843,15280,23631,29,0,0
B10174,2,M-4,20936,9427,15282,76,0,0
B10174,3,M-3,22810,14770,17576,51,0,0
B10174,4,M-2,22708,21142,28996,48,0,0
B10174,5,M-1,23650,19137,23484,73,0,0
B10175,0,M-6,64414,40410,6915,31,0,0
B10175,1,M-5,68893,44543,8208,58,0,0
B10175,2,M-4,66095,38331,18498,46,0,0
B10175,3,M-3,64566,36895,15272,48,0,0
B10175,4,M-2,65596,42963,30025,74,0,0
B10175,5,M-1,59790,37661,24271,60,0,0
B10176,0,M-6,19420,17445,7999,26,0,0
B10176,1,M-5,19139,11753,15458,57,0,0
B10176,2,M-4,20210,13184,27156,44,0,0
B10176,3,M-3,20897,10516,5935,39,0,0
B10176,4,M-2,20734,18461,8594,83,0,0
B10176,5,M-1,21446,17128,15379,51,0,0
B10177,0,M-6,18540,8345,36508,76,0,0
B10177,1,M-5,24517,21136,20721,42,0,0
B10177,2,M-4,23962,20809,5428,64,0,0
B10177,3,M-3,25324,17250,33946,35,0,0
B10177,4,M-2,31223,22088,20943,39,0,0
B10177,5,M-1,30502,19725,15180,35,0,0
B10178,0,M-6,25201,13409,11385,31,0,0
B10178,1,M-5,25993,16045,4135,34,0,0
B10178,2,M-4,24949,17407,12333,38,0,0
B10178,3,M-3,23959,11242,2995,48,0,0
B10178,4,M-2,25478,19298,14395,31,0,0
B10178,5,M-1,28480,26618,9686,34,0,0
B10179,0,M-6,63576,41519,20991,60,0,0
B10179,1,M-5,68751,51517,31473,50,0,0
B10179,2,M-4,69606,35641,24257,25,0,0
B10179,3,M-3,67130,37933,13268,56,0,0
B10179,4,M-2,64007,49662,26263,35,0,0
B10179,5,M-1,68119,36783,11026,52,0,0
B10180,0,M-6,70865,49186,35955,73,0,0
B10180,1,M-5,75342,58528,30226,61,0,0
B10180,2,M-4,70970,39940,18148,83,0,0
B10180,3,M-3,65804,33944,24073,26,0,0
B10180,4,M-2,75904,44054,17264,73,0,0
B10180,5,M-1,67107,37601,20922,33,0,0
B10181,0,M-6,26177,18865,30084,77,0,0
B10181,1,M-5,25980,19191,24660,44,0,0
B10181,2,M-4,25807,15453,31243,73,0,0
B10181,3,M-3,23023,20937,15974,67,0,0
B10181,4,M-2,24000,11425,4681,86,0,0
B10181,5,M-1,25415,12794,17799,55,0,0
B10182,0,M-6,33938,26880,9562,39,0,0
B10182,1,M-5,36815,27143,33202,71,0,0
B10182,2,M-4,37305,17044,8377,38,0,0
B10182,3,M-3,33694,27365,39295,81,0,0
B10182,4,M-2,36240,23757,33551,69,0,0
B10182,5,M-1,38393,21146,32436,38,0,0
B10183,0,M-6,29237,27156,52705,80,0,0
B10183,1,M-5,34315,31302,52206,65,0,0
B10183,2,M-4,40326,18214,54130,46,0,0
B10183,3,M-3,41319,30037,33709,25,0,0
B10183,4,M-2,40184,20262,20034,74,0,0
B10183,5,M-1,43528,37099,34662,65,0,0
B10184,0,M-6,12342,10465,15548,31,0,0
B10184,1,M-5,11630,6567,10522,25,0,0
B10184,2,M-4,12478,11447,13386,61,0,0
B10184,3,M-3,11560,9473,17052,62,0,0
B10184,4,M-2,13204,7213,14498,40,0,0
B10184,5,M-1,11965,6457,14578,37,0,0
B10185,0,M-6,42766,30276,16709,80,0,0
B10185,1,M-5,48723,28655,19185,71,0,0
B10185,2,M-4,52457,24576,9165,81,0,0
B10185,3,M-3,53541,28600,6414,80,0,0
B10185,4,M-2,52160,24826,16826,30,0,0
B10185,5,M-1,53162,25663,10900,60,0,0
B10186,0,M-6,24108,18342,3666,49,0,0
B10186,1,M-5,22527,15033,3168,63,0,0
B10186,2,M-4,22013,12782,9904,47,0,0
B10186,3,M-3,23318,14707,18204,59,0,0
B10186,4,M-2,23268,17021,9603,34,0,0
B10186,5,M-1,22278,12563,12239,67,0,0
B10187,0,M-6,55912,27714,18920,79,0,0
B10187,1,M-5,51320,24964,23562,41,0,0
B10187,2,M-4,50507,23449,12458,86,0,0
B10187,3,M-3,51058,25776,23277,49,0,0
B10187,4,M-2,46568,35192,8496,76,0,0
B10187,5,M-1,49557,28702,15441,37,0,0
B10188,0,M-6,59849,31660,28121,80,0,0
B10188,1,M-5,64124,50316,29009,64,0,0
B10188,2,M-4,60777,43482,14340,50,0,0
B10188,3,M-3,59594,37261,16321,60,0,0
B10188,4,M-2,63714,48559,6473,37,0,0
B10188,5,M-1,62489,49931,6938,31,0,0
B10189,0,M-6,50325,28591,15102,50,0,0
B10189,1,M-5,48354,35142,6029,70,0,0
B10189,2,M-4,46443,22993,20960,26,0,0
B10189,3,M-3,46888,24266,25231,58,0,0
B10189,4,M-2,49786,29210,23080,30,0,0
B10189,5,M-1,58269,26777,8218,54,0,0
B10190,0,M-6,20047,16099,18970,65,0,0
B10190,1,M-5,20313,14958,12258,75,0,0
B10190,2,M-4,18706,13587,18452,64,0,0
B10190,3,M-3,20621,16273,28647,54,0,0
B10190,4,M-2,21481,12841,16573,48,0,0
B10190,5,M-1,19678,18221,8802,46,0,0
B10191,0,M-6,21619,11320,17532,48,0,0
B10191,1,M-5,20849,13908,9009,75,0,0
B10191,2,M-4,19596,12525,12710,29,0,0
B10191,3,M-3,21314,9750,14680,52,0,0
B10191,4,M-2,20612,16342,5848,37,0,0
B10191,5,M-1,19969,14692,27775,73,0,0
B10192,0,M-6,21961,12046,3520,71,0,0
B10192,1,M-5,21511,10732,5576,81,0,0
B10192,2,M-4,21978,14477,5075,61,0,0
B10192,3,M-3,19072,14406,8323,78,0,0
B10192,4,M-2,21999,17007,10517,61,0,0
B10192,5,M-1,21513,10184,8773,26,0,0
B10193,0,M-6,49926,45059,49408,57,0,0
B10193,1,M-5,46110,41849,9189,79,0,0
B10193,2,M-4,47262,42020,58672,63,0,0
B10193,3,M-3,48988,24551,16330,58,0,0
B10193,4,M-2,50329,26967,37640,72,0,0
B10193,5,M-1,45889,37428,41287,40,0,0
B10194,0,M-6,137208,97999,58540,61,0,0
B10194,1,M-5,124398,85667,23574,65,0,0
B10194,2,M-4,122677,88839,54322,86,0,0
B10194,3,M-3,110829,85505,53486,76,0,0
B10194,4,M-2,128516,88950,23311,79,0,0
B10194,5,M-1,114431,80298,46970,41,0,0
B10195,0,M-6,46069,41341,28766,89,0,0
B10195,1,M-5,48654,36966,50163,61,0,0
B10195,2,M-4,44247,22673,23453,60,0,0
B10195,3,M-3,50484,31367,29698,41,0,0
B10195,4,M-2,50878,32897,44109,37,0,0
B10195,5,M-1,44457,38126,24412,66,0,0
B10196,0,M-6,18927,17165,20402,35,0,0
B10196,1,M-5,18122,15703,12391,40,0,0
B10196,2,M-4,22040,10866,13315,50,0,0
B10196,3,M-3,20512,12242,5567,78,0,0
B10196,4,M-2,22466,12543,7559,65,0,0
B10196,5,M-1,23972,15816,24291,86,0,0
B10197,0,M-6,23704,22098,28028,45,0,0
B10197,1,M-5,24493,18537,8172,33,0,1
B10197,2,M-4,25867,23416,33516,77,0,0
B10197,3,M-3,23554,14513,6836,80,0,0
B10197,4,M-2,25943,12231,28190,49,0,0
B10197,5,M-1,22987,17784,9915,87,0,0
B10198,0,M-6,27523,19122,11165,60,0,0
B10198,1,M-5,27982,20042,33543,51,0,0
B10198,2,M-4,30983,24247,10091,36,0,0
B10198,3,M-3,29717,20271,13406,88,0,0
B10198,4,M-2,31907,18596,8450,35,0,0
B10198,5,M-1,32857,15323,8720,30,0,0
B10199,0,M-6,28083,25863,23453,41,0,0
B10199,1,M-5,27578,23589,30833,64,0,0
B10199,2,M-4,29987,16200,18957,78,0,0
B10199,3,M-3,30432,20371,9545,36,0,0
B10199,4,M-2,25660,12258,11706,83,0,0
B10199,5,M-1,27590,19685,20798,32,0,0
B10200,0,M-6,13859,11636,14421,63,0,0
B10200,1,M-5,12951,5983,6788,56,0,0
B10200,2,M-4,13466,11008,4823,64,0,0
B10200,3,M-3,11996,5428,8804,55,0,0
B10200,4,M-2,11756,8779,3036,87,0,0
B10200,5,M-1,11322,5369,4073,34,0,0
B10201,0,M-6,27909,20831,13629,47,0,0
B10201,1,M-5,28389,20635,11613,72,0,0
B10201,2,M-4,25602,19861,10575,61,0,0
B10201,3,M-3,26933,19465,9127,78,0,0
B10201,4,M-2,28647,15186,7706,34,0,0
B10201,5,M-1,24862,19325,8757,60,0,0
B10202,0,M-6,16137,14052,5535,77,0,1
B10202,1,M-5,18356,8285,3134,28,0,0
B10202,2,M-4,18486,15562,5167,38,0,0
B10202,3,M-3,22847,18697,12673,39,0,0
B10202,4,M-2,22812,13415,26412,56,0,0
B10202,5,M-1,24187,11399,2332,31,0,0
B10203,0,M-6,46890,30826,11550,87,0,0
B10203,1,M-5,49349,22822,9440,32,0,0
B10203,2,M-4,46565,32262,35499,84,0,0
B10203,3,M-3,41745,34419,22151,40,0,0
B10203,4,M-2,47348,34376,58535,61,0,0
B10203,5,M-1,45628,36673,50440,62,0,0
B10204,0,M-6,33183,28534,25638,36,0,0
B10204,1,M-5,29716,14188,9769,68,0,0
B10204,2,M-4,28681,24426,29259,31,0,0
B10204,3,M-3,33642,30892,42378,76,0,0
B10204,4,M-2,28667,22710,34373,62,0,0
B10204,5,M-1,30133,26893,35582,54,0,0
B10205,0,M-6,70608,56463,32553,56,0,0
B10205,1,M-5,71671,38953,23137,39,0,0
B10205,2,M-4,64696,49599,9335,62,0,0
B10205,3,M-3,64866,38887,20531,60,0,0
B10205,4,M-2,67026,41598,25491,77,0,0
B10205,5,M-1,71603,37838,26834,48,0,0
B10206,0,M-6,97885,64141,38434,72,0,0
B10206,1,M-5,88689,63361,32440,77,0,0
B10206,2,M-4,99791,75402,36832,32,0,0
B10206,3,M-3,85028,59681,43693,47,0,0
B10206,4,M-2,98281,45733,19261,61,0,0
B10206,5,M-1,81884,46376,41235,26,0,0
B10207,0,M-6,7191,4459,3517,45,0,0
B10207,1,M-5,8271,4180,7182,71,0,0
B10207,2,M-4,8491,4070,7950,56,0,0
B10207,3,M-3,8147,6505,4767,70,0,0
B10207,4,M-2,8307,4030,1618,69,0,0
B10207,5,M-1,7978,6911,6393,75,0,0
B10208,0,M-6,65939,44272,25270,47,0,0
B10208,1,M-5,77335,35049,34987,52,0,0
B10208,2,M-4,76051,37375,11905,36,0,0
B10208,3,M-3,74439,45272,35947,56,0,0
B10208,4,M-2,72669,40601,11377,45,0,0
B10208,5,M-1,64118,29476,9741,43,0,0
B10209,0,M-6,58278,40395,11232,46,0,0
B10209,1,M-5,52861,38532,28628,42,0,0
B10209,2,M-4,49728,38817,11742,67,0,0
B10209,3,M-3,51808,31786,23037,81,0,0
B10209,4,M-2,57087,27222,9076,37,0,0
B10209,5,M-1,57239,45485,12463,59,0,0
B10210,0,M-6,20834,19677,10717,41,0,0
B10210,1,M-5,22023,13869,10206,28,0,0
B10210,2,M-4,21582,18555,28796,69,0,0
B10210,3,M-3,21486,16325,15883,75,0,0
B10210,4,M-2,20033,15443,21925,84,0,0
B10210,5,M-1,22878,13961,21706,33,0,0
B10211,0,M-6,45892,23995,8144,32,0,0
B10211,1,M-5,46525,25024,5289,29,0,0
B10211,2,M-4,50830,34598,30536,27,0,0
B10211,3,M-3,46713,40670,45088,81,0,0
B10211,4,M-2,56924,44877,52985,32,0,0
B10211,5,M-1,53984,46367,17818,49,0,0
B10212,0,M-6,87385,57414,31543,55,0,0
B10212,1,M-5,79553,36218,31561,74,0,0
B10212,2,M-4,76716,49243,16789,34,0,0
B10212,3,M-3,76946,49908,26897,35,0,0
B10212,4,M-2,76641,55543,24001,60,0,0
B10212,5,M-1,74506,47089,27312,32,0,0
B10213,0,M-6,57691,44941,15278,36,0,0
B10213,1,M-5,52207,40725,13017,63,0,0
B10213,2,M-4,55281,40571,25212,84,0,0
B10213,3,M-3,52834,37301,11505,33,0,0
B10213,4,M-2,58608,33483,12112,56,0,0
B10213,5,M-1,58310,32749,22936,33,0,0
B10214,0,M-6,32191,27265,5688,62,0,0
B10214,1,M-5,29073,13560,6459,52,0,0
B10214,2,M-4,30414,13910,45180,41,0,0
B10214,3,M-3,33542,31663,7147,57,0,0
B10214,4,M-2,34783,25423,17661,44,0,0
B10214,5,M-1,35651,18554,28160,55,0,0
B10215,0,M-6,31904,24493,15568,44,0,0
B10215,1,M-5,32323,20657,7418,28,0,0
B10215,2,M-4,32524,25189,12192,50,0,0
B10215,3,M-3,31013,17598,4215,87,0,0
B10215,4,M-2,29891,19358,12505,25,0,0
B10215,5,M-1,29761,23152,14716,46,0,0
B10216,0,M-6,64237,31152,18131,37,0,0
B10216,1,M-5,55868,36775,7837,48,0,0
B10216,2,M-4,63424,43504,23389,84,0,0
B10216,3,M-3,62639,46367,7801,88,0,0
B10216,4,M-2,58181,39978,12199,44,0,0
B10216,5,M-1,63594,33141,30018,32,0,0
B10217,0,M-6,28616,21356,6483,25,0,0
B10217,1,M-5,25350,14495,2897,57,0,0
B10217,2,M-4,29823,16689,4217,50,0,0
B10217,3,M-3,26008,15885,5602,62,0,0
B10217,4,M-2,27854,18983,9130,75,0,0
B10217,5,M-1,25621,13514,6448,31,0,0
B10218,0,M-6,31914,17962,30138,25,0,0
B10218,1,M-5,27554,22049,8915,67,0,0
B10218,2,M-4,29515,23025,5252,83,0,0
B10218,3,M-3,28539,14619,23626,56,0,0
B10218,4,M-2,25142,15916,6232,31,0,0
B10218,5,M-1,25292,16901,22269,46,0,0
B10219,0,M-6,30482,21694,3636,88,0,0
B10219,1,M-5,31678,20655,11051,70,0,0
B10219,2,M-4,30647,21683,11330,33,0,0
B10219,3,M-3,31026,24589,6063,71,0,0
B10219,4,M-2,28649,21439,4379,53,0,0
B10219,5,M-1,30521,23673,10878,31,0,0
B10220,0,M-6,37109,30673,48557,49,0,0
B10220,1,M-5,40008,36604,8079,58,0,0
B10220,2,M-4,38686,24405,19070,43,0,0
B10220,3,M-3,42723,24667,36772,53,0,0
B10220,4,M-2,41078,38607,38218,64,0,0
B10220,5,M-1,40049,22522,24772,25,0,0
B10221,0,M-6,13504,6600,15618,48,0,0
B10221,1,M-5,13932,9749,2092,88,0,0
B10221,2,M-4,13296,11724,17053,50,0,0
B10221,3,M-3,14960,11782,11490,76,0,0
B10221,4,M-2,14587,11758,15900,89,0,0
B10221,5,M-1,16028,14768,19801,46,0,0
B10222,0,M-6,10097,6012,1506,75,0,0
B10222,1,M-5,11538,6054,4357,54,0,0
B10222,2,M-4,10397,7072,2911,31,0,0
B10222,3,M-3,11304,8662,1151,66,0,0
B10222,4,M-2,10800,6734,3211,48,0,0
B10222,5,M-1,9515,7385,1354,72,0,0
B10223,0,M-6,15047,10256,21839,37,0,0
B10223,1,M-5,16144,12142,7180,62,0,0
B10223,2,M-4,17698,14771,6965,50,0,0
B10223,3,M-3,18100,14427,13509,35,0,0
B10223,4,M-2,15773,8057,10759,47,0,0
B10223,5,M-1,18466,13093,11059,83,0,0
B10224,0,M-6,43946,23194,19344,69,0,0
B10224,1,M-5,41780,21475,5417,80,0,0
B10224,2,M-4,42690,31788,10922,70,0,0
B10224,3,M-3,39933,29983,16419,56,0,0
B10224,4,M-2,41044,29298,6077,38,0,0
B10224,5,M-1,47205,24822,15007,34,0,0
B10225,0,M-6,15738,10808,9309,29,0,0
B10225,1,M-5,15704,13276,2567,45,0,0
B10225,2,M-4,15465,13140,21335,67,0,0
B10225,3,M-3,15091,10021,16781,29,0,0
B10225,4,M-2,15951,14502,8822,52,0,0
B10225,5,M-1,14442,13238,3541,71,0,0
B10226,0,M-6,29551,15001,7204,75,0,0
B10226,1,M-5,30637,16672,44036,68,0,0
B10226,2,M-4,34589,26581,11049,33,0,0
B10226,3,M-3,30653,15649,6245,79,1,0
B10226,4,M-2,36620,25383,19442,89,0,0
B10226,5,M-1,36160,24518,42663,56,0,0
B10227,0,M-6,86166,66405,31213,61,0,0
B10227,1,M-5,88724,50341,23065,84,0,0
B10227,2,M-4,89195,53706,19662,46,0,0
B10227,3,M-3,89533,68528,42059,73,0,0
B10227,4,M-2,93522,50510,11578,83,0,0
B10227,5,M-1,102777,60477,42226,63,0,0
B10228,0,M-6,53885,27047,17899,61,0,0
B10228,1,M-5,52938,26443,20526,48,0,0
B10228,2,M-4,46201,22647,20454,54,0,0
B10228,3,M-3,53502,40261,16191,63,0,0
B10228,4,M-2,46923,30679,18254,79,0,0
B10228,5,M-1,54769,35292,14142,77,0,0
B10229,0,M-6,39683,25309,17950,48,0,0
B10229,1,M-5,38326,19419,13946,86,0,0
B10229,2,M-4,41018,23315,12039,46,0,0
B10229,3,M-3,44255,34200,7058,38,0,0
B10229,4,M-2,40877,20588,17981,25,0,0
B10229,5,M-1,36341,20553,14196,32,0,0
B10230,0,M-6,29359,20481,36485,51,0,0
B10230,1,M-5,30091,26065,40971,36,0,0
B10230,2,M-4,28739,18484,28999,39,0,0
B10230,3,M-3,33262,22297,35020,55,0,0
B10230,4,M-2,29515,20746,40786,36,0,0
B10230,5,M-1,31346,14734,41783,75,0,0
B10231,0,M-6,43781,22978,10586,36,0,0
B10231,1,M-5,41790,33121,18818,82,0,0
B10231,2,M-4,38891,36131,54944,73,0,0
B10231,3,M-3,35389,25473,15185,88,0,0
B10231,4,M-2,37195,24973,54725,26,0,0
B10231,5,M-1,38289,27158,32636,62,0,0
B10232,0,M-6,38242,25022,48067,71,0,0
B10232,1,M-5,42595,39484,6366,49,0,0
B10232,2,M-4,40035,23204,31455,67,0,0
B10232,3,M-3,41982,20930,14985,31,0,0
B10232,4,M-2,43004,35700,6244,42,0,0
B10232,5,M-1,42160,36911,41562,35,0,0
B10233,0,M-6,28466,22633,5429,35,0,0
B10233,1,M-5,30234,16885,46554,43,0,0
B10233,2,M-4,32009,22584,42447,75,1,0
B10233,3,M-3,33694,17048,24308,64,0,0
B10233,4,M-2,30428,25261,29501,63,0,0
B10233,5,M-1,33736,24886,26782,67,0,0
B10234,0,M-6,44169,23786,35566,41,0,0
B10234,1,M-5,46572,43432,12412,88,0,0
B10234,2,M-4,47143,36862,58052,38,0,0
B10234,3,M-3,51443,38808,11775,60,0,0
B10234,4,M-2,58695,54904,28507,37,0,0
B10234,5,M-1,65747,53528,9378,55,0,0
B10235,0,M-6,49857,37588,33888,65,0,0
B10235,1,M-5,46545,35313,32459,89,0,0
B10235,2,M-4,49175,40925,42265,50,0,0
B10235,3,M-3,47228,21344,55753,54,0,0
B10235,4,M-2,55256,38625,41295,69,0,0
B10235,5,M-1,58133,34421,22899,86,0,0
B10236,0,M-6,22417,19429,23524,31,0,0
B10236,1,M-5,21640,20388,8989,34,0,0
B10236,2,M-4,24139,20377,28447,28,0,0
B10236,3,M-3,20633,16296,22856,74,0,0
B10236,4,M-2,21256,15859,27135,63,0,0
B10236,5,M-1,22082,10128,29968,48,0,0
B10237,0,M-6,60105,46651,23754,44,0,0
B10237,1,M-5,66112,35735,14750,83,0,0
B10237,2,M-4,59031,32526,27406,49,0,0
B10237,3,M-3,57088,34423,11135,80,0,0
B10237,4,M-2,63210,40267,14889,56,0,0
B10237,5,M-1,53540,26664,15431,47,0,0
B10238,0,M-6,37489,26478,5268,76,0,0
B10238,1,M-5,35554,20435,8004,77,0,0
B10238,2,M-4,36425,18934,7846,83,0,0
B10238,3,M-3,33861,19188,10740,59,0,0
B10238,4,M-2,34076,16823,6804,30,0,0
B10238,5,M-1,38243,26423,7122,66,0,0
B10239,0,M-6,16569,12221,24090,69,0,0
B10239,1,M-5,16577,11871,17529,56,0,0
B10239,2,M-4,20034,14337,8636,85,0,0
B10239,3,M-3,22383,11905,21700,60,0,0
B10239,4,M-2,22823,16228,27265,36,0,0
B10239,5,M-1,23975,14108,28190,75,0,0
B10240,0,M-6,30307,16245,18755,56,0,0
B10240,1,M-5,34291,18733,17698,62,0,0
B10240,2,M-4,37694,17261,15854,67,0,0
B10240,3,M-3,38572,28747,12485,79,0,0
B10240,4,M-2,39353,23842,12549,49,0,0
B10240,5,M-1,35182,26439,17822,63,0,0
B10241,0,M-6,81161,52667,15487,40,0,0
B10241,1,M-5,82948,57774,29580,60,0,0
B10241,2,M-4,90315,71512,36832,52,0,0
B10241,3,M-3,81685,64079,23632,41,0,0
B10241,4,M-2,87943,66069,36119,40,0,0
B10241,5,M-1,86599,44605,20135,82,0,0
B10242,0,M-6,53831,39189,25488,62,0,0
B10242,1,M-5,54076,25184,16145,41,0,0
B10242,2,M-4,56443,43524,24051,65,0,0
B10242,3,M-3,56188,25355,9179,57,0,0
B10242,4,M-2,57400,31419,18709,54,0,0
B10242,5,M-1,52411,29453,26232,32,0,0
B10243,0,M-6,56324,26683,23132,81,0,0
B10243,1,M-5,50360,24160,6005,67,0,0
B10243,2,M-4,53944,26804,10930,43,0,0
B10243,3,M-3,50411,35164,15699,63,0,0
B10243,4,M-2,59380,28793,9804,42,0,0
B10243,5,M-1,64140,34255,16881,29,0,0
B10244,0,M-6,54870,36309,6908,31,0,0
B10244,1,M-5,53016,30046,25853,87,0,0
B10244,2,M-4,51152,31279,21348,30,0,0
B10244,3,M-3,60021,27737,17306,35,0,0
B10244,4,M-2,53245,34033,15559,27,0,0
B10244,5,M-1,58494,44432,22329,57,0,0
B10245,0,M-6,42013,31181,22869,49,0,0
B10245,1,M-5,37190,18712,39802,45,0,0
B10245,2,M-4,43269,32050,49116,36,0,0
B10245,3,M-3,38978,34707,57232,70,0,0
B10245,4,M-2,41048,34938,51431,41,0,0
B10245,5,M-1,39351,33274,52683,58,0,0
B10246,0,M-6,45710,34627,21296,25,0,0
B10246,1,M-5,44080,28299,13201,76,0,0
B10246,2,M-4,52624,41990,14812,63,0,0
B10246,3,M-3,52759,23804,16237,74,0,0
B10246,4,M-2,53747,25879,10573,51,0,0
B10246,5,M-1,49032,32012,23286,31,0,0
B10247,0,M-6,31811,20854,21590,49,1,0
B10247,1,M-5,33401,25005,14862,82,0,0
B10247,2,M-4,31054,20253,21389,71,0,0
B10247,3,M-3,29546,21429,14186,66,0,0
B10247,4,M-2,28691,14909,34934,84,0,0
B10247,5,M-1,32569,17134,8856,39,0,0
B10248,0,M-6,47957,22733,6214,26,0,0
B10248,1,M-5,51073,39902,17664,25,0,0
B10248,2,M-4,49981,30105,10523,87,0,0
B10248,3,M-3,50839,35876,22389,41,0,0
B10248,4,M-2,47549,22162,20592,67,0,0
B10248,5,M-1,53057,42045,12241,39,0,0
B10249,0,M-6,27971,26480,41847,33,0,0
B10249,1,M-5,27267,15977,11409,28,0,0
B10249,2,M-4,30354,26996,33097,60,0,0
B10249,3,M-3,32421,17034,16460,66,0,0
B10249,4,M-2,32568,24501,32989,35,0,1
B10249,5,M-1,29674,25010,3749,50,0,0
B10250,0,M-6,35133,16739,6459,35,0,0
B10250,1,M-5,39364,21683,32044,60,0,0
B10250,2,M-4,37155,27948,49377,30,0,0
B10250,3,M-3,39462,18398,4300,44,0,0
B10250,4,M-2,41176,35273,15155,73,0,0
B10250,5,M-1,38532,19245,42920,74,0,0
B10251,0,M-6,37162,18693,42918,36,0,0
B10251,1,M-5,34438,15754,35027,60,0,0
B10251,2,M-4,37223,25414,45867,27,0,0
B10251,3,M-3,32191,18621,41393,37,0,0
B10251,4,M-2,35523,19774,20681,37,0,0
B10251,5,M-1,36064,18420,28995,76,0,0
B10252,0,M-6,43607,31278,18009,89,0,0
B10252,1,M-5,44872,26542,19501,40,0,0
B10252,2,M-4,47825,31807,10832,45,0,0
B10252,3,M-3,42177,19026,4988,32,0,0
B10252,4,M-2,49798,38306,12524,74,0,0
B10252,5,M-1,45359,28437,19766,76,0,0
B10253,0,M-6,25283,21191,29759,44,0,0
B10253,1,M-5,22873,13744,28464,70,0,0
B10253,2,M-4,25742,16518,7363,36,0,0
B10253,3,M-3,23575,19470,23490,51,0,0
B10253,4,M-2,22906,15472,19475,79,0,0
B10253,5,M-1,26959,18180,15580,33,1,0
B10254,0,M-6,32348,20125,9996,80,0,0
B10254,1,M-5,31960,28167,13493,75,0,0
B10254,2,M-4,30262,26405,23485,80,0,0
B10254,3,M-3,33770,17396,34163,36,0,0
B10254,4,M-2,33881,18219,30551,56,0,0
B10254,5,M-1,30324,14783,22973,49,0,0
B10255,0,M-6,17823,13063,3326,43,0,0
B10255,1,M-5,19073,15118,9459,25,0,0
B10255,2,M-4,18194,11771,8044,74,0,0
B10255,3,M-3,18564,8749,9176,65,0,0
B10255,4,M-2,19644,15623,4665,70,0,0
B10255,5,M-1,18105,11979,3060,70,0,0
B10256,0,M-6,44677,20251,15855,48,0,0
B10256,1,M-5,42973,36733,63680,77,0,0
B10256,2,M-4,45703,42810,12340,82,0,0
B10256,3,M-3,44454,27509,26273,71,0,0
B10256,4,M-2,50610,28494,31214,57,0,0
B10256,5,M-1,47246,34496,50026,38,0,0
B10257,0,M-6,91868,56564,13324,80,0,0
B10257,1,M-5,85099,50168,21029,83,0,0
B10257,2,M-4,75782,34776,28925,32,0,0
B10257,3,M-3,85265,45190,8454,63,0,0
B10257,4,M-2,81512,61768,38277,45,0,0
B10257,5,M-1,72034,33955,13825,31,0,0
B10258,0,M-6,24476,13365,32117,36,0,0
B10258,1,M-5,27763,22203,31006,56,0,0
B10258,2,M-4,27751,14873,32150,42,0,0
B10258,3,M-3,30157,23499,33696,48,0,0
B10258,4,M-2,34972,30815,28134,45,0,0
B10258,5,M-1,33345,28105,18454,61,0,0
B10259,0,M-6,45867,28084,7103,63,0,0
B10259,1,M-5,47309,21385,6258,87,0,0
B10259,2,M-4,53339,26683,15518,27,0,0
B10259,3,M-3,48754,28769,24746,73,0,0
B10259,4,M-2,53735,25213,25846,81,0,0
B10259,5,M-1,49935,26288,16358,86,0,0
B10260,0,M-6,10561,5718,15009,43,0,0
B10260,1,M-5,10523,6354,13276,30,0,0
B10260,2,M-4,11287,6315,6608,75,0,0
B10260,3,M-3,12121,8490,7286,41,0,0
B10260,4,M-2,11753,11150,3794,81,1,0
B10260,5,M-1,12377,7858,4731,79,0,0
B10261,0,M-6,40376,25510,17213,73,0,0
B10261,1,M-5,39346,30628,6442,55,0,0
B10261,2,M-4,40234,26229,5810,75,0,0
B10261,3,M-3,37160,17255,11370,79,0,0
B10261,4,M-2,39047,17851,19793,48,0,0
B10261,5,M-1,40440,24262,9482,27,0,0
B10262,0,M-6,26770,23615,31095,53,0,0
B10262,1,M-5,29714,16431,37485,74,0,0
B10262,2,M-4,30700,16315,41251,68,0,0
B10262,3,M-3,34806,23921,41765,62,0,0
B10262,4,M-2,31231,27124,37500,30,0,0
B10262,5,M-1,37832,32467,41233,56,0,0
B10263,0,M-6,45253,21557,17408,32,0,0
B10263,1,M-5,43302,32521,4565,66,0,0
B10263,2,M-4,48634,26500,8426,32,0,0
B10263,3,M-3,49118,31175,19891,74,0,0
B10263,4,M-2,50589,24588,16083,41,0,0
B10263,5,M-1,50293,38844,16220,83,0,0
B10264,0,M-6,53435,28536,7669,28,0,0
B10264,1,M-5,53111,27157,24305,37,0,1
B10264,2,M-4,55088,29890,10762,46,0,0
B10264,3,M-3,52455,35175,8992,41,0,0
B10264,4,M-2,57141,39323,23315,83,0,0
B10264,5,M-1,48054,21809,20649,77,0,0
B10265,0,M-6,18345,10373,2403,51,0,0
B10265,1,M-5,16686,13978,21815,51,0,0
B10265,2,M-4,17107,8804,13717,61,0,0
B10265,3,M-3,16779,15197,20092,83,0,0
B10265,4,M-2,15612,7420,6948,64,0,0
B10265,5,M-1,16472,8778,10160,65,0,0
B10266,0,M-6,21622,20071,11879,67,0,0
B10266,1,M-5,20440,9543,11234,85,0,0
B10266,2,M-4,21377,12832,2912,58,0,0
B10266,3,M-3,25524,15588,30423,79,0,0
B10266,4,M-2,26749,12481,21457,53,0,0
B10266,5,M-1,27682,21750,11635,73,0,0
B10267,0,M-6,30634,23902,17464,51,0,0
B10267,1,M-5,29150,20349,25475,66,0,0
B10267,2,M-4,29236,27637,18970,39,0,0
B10267,3,M-3,29013,21406,32919,87,1,0
B10267,4,M-2,29086,17939,31086,79,0,0
B10267,5,M-1,31570,15327,12240,56,0,0
B10268,0,M-6,52186,32468,16620,28,0,0
B10268,1,M-5,52640,28217,24808,25,0,0
B10268,2,M-4,57062,43508,8444,42,0,0
B10268,3,M-3,54449,39007,19642,76,0,0
B10268,4,M-2,61771,31650,24242,26,0,0
B10268,5,M-1,58546,34186,23430,74,0,0
B10269,0,M-6,42504,20127,14195,50,0,0
B10269,1,M-5,41010,20901,39694,51,0,0
B10269,2,M-4,41800,28316,45003,89,0,0
B10269,3,M-3,40348,24482,40085,55,0,0
B10269,4,M-2,38983,26848,20681,71,0,0
B10269,5,M-1,41323,33604,61263,28,0,0
B10270,0,M-6,85059,55741,29211,89,0,0
B10270,1,M-5,72992,51771,30831,34,0,0
B10270,2,M-4,74872,49633,20423,69,0,0
B10270,3,M-3,85827,52442,21535,55,0,0
B10270,4,M-2,83777,44481,12557,67,0,0
B10270,5,M-1,77687,45630,10387,71,0,0
B10271,0,M-6,33337,20891,55719,48,0,0
B10271,1,M-5,36162,17557,53669,69,0,0
B10271,2,M-4,35023,19795,41755,86,0,0
B10271,3,M-3,38901,33240,20439,28,0,0
B10271,4,M-2,40896,30101,23424,36,0,0
B10271,5,M-1,40197,22293,34728,44,0,0
B10272,0,M-6,22307,19155,27208,64,0,0
B10272,1,M-5,24550,20697,7455,61,0,0
B10272,2,M-4,27364,16269,4144,81,0,0
B10272,3,M-3,28619,17488,29793,78,0,0
B10272,4,M-2,29634,26608,19050,65,0,0
B10272,5,M-1,28661,15575,8592,55,0,0
B10273,0,M-6,65562,34513,34563,51,0,0
B10273,1,M-5,71278,49534,8247,50,0,0
B10273,2,M-4,76433,53927,8088,77,0,0
B10273,3,M-3,65392,42209,8788,49,0,0
B10273,4,M-2,67842,45117,12191,57,0,0
B10273,5,M-1,73994,49618,9731,78,0,0
B10274,0,M-6,8424,6578,2286,52,0,0
B10274,1,M-5,8509,5091,2127,73,0,0
B10274,2,M-4,8478,4906,4762,33,1,0
B10274,3,M-3,7046,5101,8120,82,0,0
B10274,4,M-2,7839,3820,9817,31,0,0
B10274,5,M-1,7378,5394,4330,41,0,0
B10275,0,M-6,52682,27262,19226,40,0,0
B10275,1,M-5,45416,30307,24198,35,0,0
B10275,2,M-4,50037,24607,22563,28,0,0
B10275,3,M-3,55738,33221,13135,33,0,0
B10275,4,M-2,48281,27179,23836,72,0,0
B10275,5,M-1,55142,32657,10931,57,0,0
B10276,0,M-6,41775,23464,58419,75,0,0
B10276,1,M-5,38919,18860,19070,62,0,0
B10276,2,M-4,42260,28172,7888,64,0,0
B10276,3,M-3,43214,38201,54901,83,0,0
B10276,4,M-2,46497,24060,19270,89,0,0
B10276,5,M-1,44553,22488,24221,64,0,0
B10277,0,M-6,35203,29124,10470,64,0,0
B10277,1,M-5,37970,26958,24051,58,0,0
B10277,2,M-4,39829,20034,25263,40,0,0
B10277,3,M-3,39327,21007,49205,27,0,0
B10277,4,M-2,39138,31752,23050,65,0,0
B10277,5,M-1,37059,25186,46519,44,0,0
B10278,0,M-6,62572,35031,22363,30,0,0
B10278,1,M-5,67546,50842,20969,69,0,0
B10278,2,M-4,68800,48995,18900,29,0,0
B10278,3,M-3,66353,37300,22606,61,0,0
B10278,4,M-2,63537,39932,22765,71,0,0
B10278,5,M-1,65567,38799,21212,57,0,0
B10279,0,M-6,40707,27069,17616,75,0,0
B10279,1,M-5,43137,34458,6985,48,0,0
B10279,2,M-4,38946,28436,10964,73,0,0
B10279,3,M-3,40589,30196,14384,82,0,0
B10279,4,M-2,34692,19610,13971,69,0,0
B10279,5,M-1,38850,23465,18294,48,0,0
B10280,0,M-6,8973,5015,3331,45,0,0
B10280,1,M-5,10251,7169,11628,81,0,0
B10280,2,M-4,11555,10659,6971,70,0,0
B10280,3,M-3,12059,10913,11745,68,0,0
B10280,4,M-2,13231,9322,16346,75,0,0
B10280,5,M-1,14138,6629,10101,30,0,0
B10281,0,M-6,38819,30939,48651,43,0,0
B10281,1,M-5,40920,21042,48624,80,0,0
B10281,2,M-4,40099,23831,39119,40,0,0
B10281,3,M-3,38125,34965,48708,52,0,0
B10281,4,M-2,44196,27576,55334,26,0,0
B10281,5,M-1,43919,32613,42964,37,0,0
B10282,0,M-6,39553,24577,6991,39,0,0
B10282,1,M-5,42128,30493,11214,83,0,0
B10282,2,M-4,41626,27653,10810,62,0,0
B10282,3,M-3,40719,20927,17288,49,0,0
B10282,4,M-2,48191,35380,10141,27,0,0
B10282,5,M-1,43250,32455,19275,77,0,0
B10283,0,M-6,58429,37252,29756,30,0,0
B10283,1,M-5,52973,25401,8378,29,0,0
B10283,2,M-4,53558,33125,16226,66,0,0
B10283,3,M-3,62051,28244,25676,30,0,0
B10283,4,M-2,56821,26471,22565,66,0,0
B10283,5,M-1,55597,30880,14221,54,0,0
B10284,0,M-6,72634,49587,8686,49,0,0
B10284,1,M-5,80068,38710,26691,64,0,0
B10284,2,M-4,69913,33309,29465,41,0,0
B10284,3,M-3,73176,38657,10259,39,0,0
B10284,4,M-2,70440,36173,18379,88,0,0
B10284,5,M-1,79001,39928,28728,41,0,0
B10285,0,M-6,32428,19182,11015,49,0,0
B10285,1,M-5,33050,19980,16456,42,0,0
B10285,2,M-4,36496,21971,7520,40,0,0
B10285,3,M-3,32782,21413,12443,85,0,0
B10285,4,M-2,32358,21739,13455,60,0,0
B10285,5,M-1,33986,18265,7148,82,0,0
B10286,0,M-6,38551,31064,32045,34,0,0
B10286,1,M-5,39966,29452,9861,88,0,0
B10286,2,M-4,41913,27206,13843,74,0,0
B10286,3,M-3,40470,27156,13209,66,0,0
B10286,4,M-2,40952,33758,54101,66,0,0
B10286,5,M-1,37555,30092,21338,51,0,0
B10287,0,M-6,60542,38803,23782,30,0,0
B10287,1,M-5,53168,25250,17284,64,0,0
B10287,2,M-4,54182,43231,29273,30,0,0
B10287,3,M-3,59915,47415,20927,71,0,0
B10287,4,M-2,64601,30948,6945,80,0,0
B10287,5,M-1,65992,51008,28892,27,0,0
B10288,0,M-6,25132,15294,34286,85,1,0
B10288,1,M-5,23038,21074,10090,53,0,0
B10288,2,M-4,27677,17554,15915,80,0,0
B10288,3,M-3,24904,12100,21952,87,0,0
B10288,4,M-2,24735,19011,13170,88,0,0
B10288,5,M-1,28830,18436,29896,89,0,0
B10289,0,M-6,13204,8611,19121,48,0,0
B10289,1,M-5,14651,8490,21714,55,0,0
B10289,2,M-4,16443,8082,21373,67,0,0
B10289,3,M-3,16036,13942,1873,78,0,0
B10289,4,M-2,17698,16421,11370,36,0,0
B10289,5,M-1,16833,13470,11920,77,0,0
B10290,0,M-6,25782,23507,2679,85,0,0
B10290,1,M-5,23918,18412,32084,48,0,0
B10290,2,M-4,24573,23105,21403,55,0,0
B10290,3,M-3,23019,11827,19555,80,0,0
B10290,4,M-2,21655,12994,22140,84,0,0
B10290,5,M-1,24592,15117,11979,64,0,0
B10291,0,M-6,55023,38038,13793,34,0,0
B10291,1,M-5,55389,35456,5994,29,0,0
B10291,2,M-4,49936,28266,16066,40,0,0
B10291,3,M-3,58411,33875,25890,30,0,0
B10291,4,M-2,54193,32812,7770,39,0,0
B10291,5,M-1,58773,27870,18964,60,0,0
B10292,0,M-6,68329,35084,14207,30,0,0
B10292,1,M-5,75151,58059,11711,50,0,0
B10292,2,M-4,68100,31128,32434,64,0,0
B10292,3,M-3,75043,57535,28283,64,0,0
B10292,4,M-2,77590,37610,16410,35,0,0
B10292,5,M-1,74487,36935,16607,51,0,0
B10293,0,M-6,27860,15698,12488,75,0,0
B10293,1,M-5,27273,25601,7358,40,0,0
B10293,2,M-4,28813,22343,18794,84,0,0
B10293,3,M-3,26843,13092,14067,43,0,0
B10293,4,M-2,28205,24508,17940,75,0,0
B10293,5,M-1,25151,15037,28721,37,0,0
B10294,0,M-6,76560,35030,9286,73,0,0
B10294,1,M-5,78289,44455,38565,62,0,0
B10294,2,M-4,79083,60716,13267,40,0,0
B10294,3,M-3,81030,42339,16968,47,0,0
B10294,4,M-2,79877,49985,20978,64,0,0
B10294,5,M-1,71146,43937,40433,71,0,0
B10295,0,M-6,48312,28218,22743,80,0,0
B10295,1,M-5,46105,31594,21538,74,0,0
B10295,2,M-4,52707,39875,18540,36,0,0
B10295,3,M-3,55243,39161,18370,64,0,0
B10295,4,M-2,52136,27394,18036,42,0,0
B10295,5,M-1,48066,23834,6950,53,0,0
B10296,0,M-6,51610,39267,19068,43,0,0
B10296,1,M-5,60167,29739,21977,75,0,0
B10296,2,M-4,58338,30408,25596,38,0,0
B10296,3,M-3,56829,39013,12996,86,0,0
B10296,4,M-2,52017,40494,19387,64,0,0
B10296,5,M-1,50703,35950,6916,38,0,0
B10297,0,M-6,90676,55342,21454,28,0,0
B10297,1,M-5,82135,55335,12578,51,0,0
B10297,2,M-4,97485,56883,24842,56,0,0
B10297,3,M-3,94691,60803,10191,87,0,0
B10297,4,M-2,90308,45530,25384,84,0,0
B10297,5,M-1,80751,61703,27682,61,0,0
B10298,0,M-6,59292,26771,25382,38,0,0
B10298,1,M-5,51456,32438,10255,83,0,0
B10298,2,M-4,54981,33959,14310,63,0,0
B10298,3,M-3,58947,31106,12785,66,0,0
B10298,4,M-2,59044,41245,9354,33,0,0
B10298,5,M-1,55878,43595,15262,87,0,0
B10299,0,M-6,34619,22091,37292,53,0,0
B10299,1,M-5,37325,24311,25227,44,0,0
B10299,2,M-4,36778,29853,21547,80,0,0
B10299,3,M-3,34376,28858,4409,64,0,0
B10299,4,M-2,36224,19225,42712,43,0,0
B10299,5,M-1,35087,27621,35983,48,0,0
B10300,0,M-6,55179,30308,25295,77,0,0
B10300,1,M-5,52808,27602,27883,86,0,0
B10300,2,M-4,62628,46097,15379,48,0,0
B10300,3,M-3,65699,32830,15032,46,0,0
B10300,4,M-2,68755,45192,9738,71,0,0
B10300,5,M-1,68329,37686,6767,27,0,0
B10301,0,M-6,25317,12018,11908,39,0,0
B10301,1,M-5,24220,16042,11203,52,0,0
B10301,2,M-4,23198,21066,3566,76,0,0
B10301,3,M-3,23070,21744,26356,52,0,0
B10301,4,M-2,23300,20423,33051,62,0,0
B10301,5,M-1,27294,24484,37126,74,0,0
B10302,0,M-6,39148,21219,26409,53,0,0
B10302,1,M-5,41131,29098,33547,69,0,0
B10302,2,M-4,38312,24847,53242,89,0,0
B10302,3,M-3,37496,20384,51539,64,0,0
B10302,4,M-2,42054,30232,35586,55,0,0
B10302,5,M-1,39768,22705,20483,59,0,0
B10303,0,M-6,34844,30962,22894,25,0,0
B10303,1,M-5,39405,25444,38584,57,0,0
B10303,2,M-4,36197,29939,5486,68,0,0
B10303,3,M-3,39980,20974,14175,39,0,0
B10303,4,M-2,37169,27965,49310,66,0,0
B10303,5,M-1,36195,19331,6523,75,0,0
B10304,0,M-6,19082,17600,17014,80,0,0
B10304,1,M-5,20060,11192,25405,78,0,0
B10304,2,M-4,19180,10936,2557,68,0,0
B10304,3,M-3,19262,12183,13188,85,0,0
B10304,4,M-2,21298,12680,5680,82,0,0
B10304,5,M-1,19652,16746,15350,67,0,0
B10305,0,M-6,66756,36228,28871,68,0,0
B10305,1,M-5,65640,34679,22925,80,0,0
B10305,2,M-4,75152,38766,32387,72,0,0
B10305,3,M-3,67690,33830,28038,62,0,0
B10305,4,M-2,72267,54499,20131,37,0,0
B10305,5,M-1,77174,41864,24777,79,0,0
B10306,0,M-6,29767,19975,9831,63,0,0
B10306,1,M-5,32063,21224,12916,64,0,0
B10306,2,M-4,30424,13998,38253,84,0,0
B10306,3,M-3,32814,30350,21296,57,0,0
B10306,4,M-2,30569,18885,32778,71,0,0
B10306,5,M-1,37104,26712,41310,33,0,0
B10307,0,M-6,88564,60876,13272,26,0,0
B10307,1,M-5,83947,54951,44539,85,0,0
B10307,2,M-4,93718,54960,38354,47,0,0
B10307,3,M-3,85131,51774,41140,58,0,0
B10307,4,M-2,101204,50545,32117,73,0,0
B10307,5,M-1,100643,62520,39760,35,0,0
B10308,0,M-6,24952,13052,28567,60,0,0
B10308,1,M-5,21875,10670,10576,60,0,0
B10308,2,M-4,21912,11750,4138,73,0,0
B10308,3,M-3,21627,12377,14922,31,0,0
B10308,4,M-2,22477,11788,5790,59,0,0
B10308,5,M-1,23435,14784,10327,27,0,0
B10309,0,M-6,27748,14453,16896,46,0,0
B10309,1,M-5,28689,21518,18974,57,0,0
B10309,2,M-4,25316,17040,27231,32,0,0
B10309,3,M-3,27854,19512,17606,34,0,0
B10309,4,M-2,25886,19216,17088,33,0,0
B10309,5,M-1,25541,22082,35791,53,0,0
B10310,0,M-6,44518,30674,21795,39,0,0
B10310,1,M-5,48210,33339,6121,47,0,0
B10310,2,M-4,49323,35088,7354,87,0,0
B10310,3,M-3,48270,31754,16968,35,0,0
B10310,4,M-2,46653,27253,15795,43,0,0
B10310,5,M-1,38038,20635,11677,85,0,0
B10311,0,M-6,49132,32365,30552,48,0,0
B10311,1,M-5,53921,39702,24690,73,0,0
B10311,2,M-4,53077,34969,21313,39,0,0
B10311,3,M-3,64684,40588,8405,79,0,0
B10311,4,M-2,58257,43608,23838,67,0,0
B10311,5,M-1,68865,32280,19368,86,0,0
B10312,0,M-6,60912,46696,8325,70,0,0
B10312,1,M-5,54299,28005,24794,32,0,0
B10312,2,M-4,60049,31925,19820,48,0,0
B10312,3,M-3,56195,29377,23893,41,0,0
B10312,4,M-2,59339,33223,10927,28,0,0
B10312,5,M-1,60931,46500,24557,63,0,0
B10313,0,M-6,79999,61249,11660,60,0,0
B10313,1,M-5,84516,47202,17567,44,0,0
B10313,2,M-4,88684,66993,17644,68,0,0
B10313,3,M-3,82684,41761,17941,77,0,0
B10313,4,M-2,82965,37547,28831,53,0,0
B10313,5,M-1,75594,57682,11549,68,0,0
B10314,0,M-6,52614,37570,19151,26,0,0
B10314,1,M-5,54934,29152,23280,33,0,0
B10314,2,M-4,56784,42618,12132,49,0,0
B10314,3,M-3,58507,36821,9763,51,0,0
B10314,4,M-2,54541,30268,17112,64,0,0
B10314,5,M-1,64837,35017,16114,31,0,0
B10315,0,M-6,79077,46710,20945,87,0,0
B10315,1,M-5,79220,51981,28758,41,0,0
B10315,2,M-4,75272,52335,23626,80,0,0
B10315,3,M-3,88773,67047,37281,53,0,0
B10315,4,M-2,81286,60655,29090,84,0,0
B10315,5,M-1,84541,66549,15523,59,0,0
B10316,0,M-6,15893,10551,5090,49,0,0
B10316,1,M-5,16163,11429,17688,65,0,0
B10316,2,M-4,16697,9595,14774,62,0,0
B10316,3,M-3,17437,11397,12987,28,0,0
B10316,4,M-2,16892,10330,8731,26,0,1
B10316,5,M-1,19222,8859,3192,74,0,0
B10317,0,M-6,44259,29432,23684,84,0,0
B10317,1,M-5,49893,36661,10519,57,0,0
B10317,2,M-4,51672,30022,10675,43,0,0
B10317,3,M-3,46564,25603,15369,46,0,0
B10317,4,M-2,50116,37435,14219,54,0,0
B10317,5,M-1,46954,34701,5668,73,0,0
B10318,0,M-6,48178,34385,11897,52,0,0
B10318,1,M-5,44301,30625,16490,61,0,0
B10318,2,M-4,51709,38355,24187,30,0,0
B10318,3,M-3,46374,35261,14633,73,0,0
B10318,4,M-2,50855,39423,12677,29,0,0
B10318,5,M-1,54808,33687,13129,31,0,0
B10319,0,M-6,43717,26638,22314,78,0,0
B10319,1,M-5,43059,24309,10258,31,0,0
B10319,2,M-4,52998,37692,18459,84,0,0
B10319,3,M-3,47057,29486,17918,79,0,0
B10319,4,M-2,55769,35583,19971,70,0,0
B10319,5,M-1,55478,32996,23533,81,0,0
B10320,0,M-6,50784,25113,19176,78,0,0
B10320,1,M-5,53511,27020,21022,81,0,0
B10320,2,M-4,57905,41147,11017,74,0,0
B10320,3,M-3,53269,34927,26273,36,0,0
B10320,4,M-2,60144,30322,25845,44,0,0
B10320,5,M-1,67438,37327,14585,37,0,0
B10321,0,M-6,48532,35430,8411,59,0,0
B10321,1,M-5,50981,31925,8466,69,0,0
B10321,2,M-4,53986,33726,26524,51,0,0
B10321,3,M-3,54944,32052,19553,75,0,0
B10321,4,M-2,59010,27184,9988,42,0,0
B10321,5,M-1,55643,43198,7574,25,0,0
B10322,0,M-6,35946,21109,15329,38,0,0
B10322,1,M-5,35468,20788,14335,48,0,0
B10322,2,M-4,42443,22376,13221,59,0,0
B10322,3,M-3,44931,27182,18472,47,0,0
B10322,4,M-2,44483,34206,14112,78,0,0
B10322,5,M-1,40427,23701,19762,52,0,0
B10323,0,M-6,16844,12858,19438,51,0,0
B10323,1,M-5,18748,11999,17379,63,0,0
B10323,2,M-4,16989,14223,23939,59,0,0
B10323,3,M-3,17540,15662,14192,35,0,0
B10323,4,M-2,19372,8733,19809,59,0,0
B10323,5,M-1,18381,11704,2795,83,0,0
B10324,0,M-6,10389,7851,7043,63,0,0
B10324,1,M-5,9357,7591,13478,28,0,0
B10324,2,M-4,11028,6898,7910,36,0,0
B10324,3,M-3,11033,7149,3655,27,0,0
B10324,4,M-2,11119,6823,7516,66,0,0
B10324,5,M-1,10097,5961,2765,43,0,0
B10325,0,M-6,59278,29852,20236,88,0,0
B10325,1,M-5,57856,40998,30468,34,0,0
B10325,2,M-4,59756,42322,10905,30,0,0
B10325,3,M-3,65166,37476,14799,82,0,0
B10325,4,M-2,64851,48213,12117,40,0,0
B10325,5,M-1,56193,35064,15297,45,0,0
B10326,0,M-6,40240,29873,7734,74,0,0
B10326,1,M-5,42686,29028,5757,80,0,0
B10326,2,M-4,44556,22775,6396,25,0,0
B10326,3,M-3,42371,30452,18140,28,0,0
B10326,4,M-2,40556,31727,8034,81,0,0
B10326,5,M-1,39734,22886,11680,33,0,0
B10327,0,M-6,45756,35580,62105,44,0,0
B10327,1,M-5,39323,18054,10678,51,0,0
B10327,2,M-4,44514,41750,42461,31,0,0
B10327,3,M-3,45737,31849,39847,71,0,0
B10327,4,M-2,46441,37002,62814,33,0,0
B10327,5,M-1,42465,25890,24918,27,0,0
B10328,0,M-6,28108,21132,42751,45,0,0
B10328,1,M-5,30317,18338,29927,53,0,0
B10328,2,M-4,32916,30001,16905,71,0,0
B10328,3,M-3,32566,21396,36598,82,0,0
B10328,4,M-2,34388,20083,45023,37,0,0
B10328,5,M-1,33648,31518,32224,68,0,0
B10329,0,M-6,38819,21360,5047,58,0,0
B10329,1,M-5,42146,29107,14159,74,0,0
B10329,2,M-4,40809,19583,9772,54,0,0
B10329,3,M-3,38841,17727,9093,28,0,0
B10329,4,M-2,38644,26155,12213,69,0,0
B10329,5,M-1,35589,26447,15033,58,0,0
B10330,0,M-6,38494,33585,37226,76,0,0
B10330,1,M-5,38878,25842,19112,63,0,0
B10330,2,M-4,37076,17370,40463,69,0,0
B10330,3,M-3,37871,29951,23612,84,0,0
B10330,4,M-2,41953,30817,53054,71,0,0
B10330,5,M-1,41153,31794,15597,33,0,0
B10331,0,M-6,15739,11599,19171,70,0,0
B10331,1,M-5,15378,13656,18333,44,0,1
B10331,2,M-4,18077,15050,5140,60,0,0
B10331,3,M-3,15752,11589,10046,86,0,0
B10331,4,M-2,17156,11856,14803,85,0,0
B10331,5,M-1,16410,13607,15362,31,0,0
B10332,0,M-6,21869,13146,10970,59,0,0
B10332,1,M-5,19556,11768,29130,53,0,0
B10332,2,M-4,23683,20648,18957,89,0,0
B10332,3,M-3,22622,19867,28268,35,0,0
B10332,4,M-2,21807,16294,28378,82,0,0
B10332,5,M-1,24073,17811,29637,77,0,0
B10333,0,M-6,27537,14163,11198,74,0,0
B10333,1,M-5,26997,18480,3773,86,0,0
B10333,2,M-4,28288,22515,4198,61,0,0
B10333,3,M-3,26057,13435,11733,51,0,0
B10333,4,M-2,28509,19346,4701,38,0,0
B10333,5,M-1,24289,16748,11546,28,0,0
B10334,0,M-6,76119,48923,24314,54,0,0
B10334,1,M-5,68709,47242,8001,71,0,0
B10334,2,M-4,76852,39123,13673,29,0,0
B10334,3,M-3,70556,54024,9397,87,0,0
B10334,4,M-2,76914,49691,33270,84,0,0
B10334,5,M-1,77963,56250,24980,60,0,0
B10335,0,M-6,45728,27737,9479,78,0,0
B10335,1,M-5,41639,29249,5506,59,0,0
B10335,2,M-4,46245,25542,14294,86,0,0
B10335,3,M-3,41057,18668,21951,57,0,0
B10335,4,M-2,43609,33392,16925,39,0,0
B10335,5,M-1,43853,29623,12191,76,0,0
B10336,0,M-6,41677,23630,19581,44,0,0
B10336,1,M-5,41666,33259,20025,84,0,0
B10336,2,M-4,36795,26999,17772,62,0,0
B10336,3,M-3,35217,17454,14051,58,0,0
B10336,4,M-2,37601,26042,7062,67,0,0
B10336,5,M-1,40049,31588,19228,72,0,0
B10337,0,M-6,38285,21455,39321,40,0,0
B10337,1,M-5,35901,17673,47359,84,0,0
B10337,2,M-4,36067,17288,8112,46,0,0
B10337,3,M-3,34852,17578,36063,73,0,0
B10337,4,M-2,32803,17751,17749,29,0,0
B10337,5,M-1,34881,30805,22802,88,0,0
B10338,0,M-6,26046,14013,11411,51,0,0
B10338,1,M-5,24375,12719,27422,28,0,0
B10338,2,M-4,24466,22635,31142,42,0,0
B10338,3,M-3,25544,19439,13416,40,0,0
B10338,4,M-2,25956,19305,12413,80,0,0
B10338,5,M-1,27205,21382,33024,76,0,0
B10339,0,M-6,43129,22778,56943,80,0,0
B10339,1,M-5,40477,22922,56161,27,0,0
B10339,2,M-4,44934,31833,42442,79,0,0
B10339,3,M-3,49411,40338,61609,83,0,0
B10339,4,M-2,46339,38066,51582,45,0,0
B10339,5,M-1,53671,49152,67251,65,0,0
B10340,0,M-6,36867,27649,26313,58,0,0
B10340,1,M-5,35974,17954,31380,27,0,0
B10340,2,M-4,38905,34934,34305,50,0,0
B10340,3,M-3,35524,25276,22666,58,0,0
B10340,4,M-2,39775,32494,7743,78,0,0
B10340,5,M-1,37786,24948,31473,89,0,0
B10341,0,M-6,46447,26609,16075,48,0,0
B10341,1,M-5,45339,36222,9352,73,0,0
B10341,2,M-4,45426,35007,16979,38,0,0
B10341,3,M-3,48387,22049,5293,47,0,0
B10341,4,M-2,46612,26622,10895,76,0,0
B10341,5,M-1,40608,24950,13623,76,0,0
B10342,0,M-6,58586,46329,12859,53,0,0
B10342,1,M-5,61567,48430,16143,89,0,0
B10342,2,M-4,61706,36137,18559,57,0,0
B10342,3,M-3,60890,29527,20840,49,0,0
B10342,4,M-2,62160,31349,25038,66,0,0
B10342,5,M-1,62834,31925,12173,33,0,0
B10343,0,M-6,39402,30736,19863,81,0,0
B10343,1,M-5,47143,21735,7351,69,0,0
B10343,2,M-4,44853,32934,21370,76,0,0
B10343,3,M-3,44784,24048,15044,25,0,0
B10343,4,M-2,40379,21897,21563,76,0,0
B10343,5,M-1,47495,30812,18160,79,0,0
B10344,0,M-6,69692,47494,19135,42,0,0
B10344,1,M-5,63012,44359,7346,38,0,0
B10344,2,M-4,74772,45417,13463,65,0,0
B10344,3,M-3,68465,54043,18535,64,0,0
B10344,4,M-2,62274,41285,25376,50,0,0
B10344,5,M-1,70800,47096,8978,78,0,0
B10345,0,M-6,76939,50659,32608,78,0,0
B10345,1,M-5,78544,47555,10878,85,0,0
B10345,2,M-4,67140,32718,29360,52,0,0
B10345,3,M-3,67845,31397,26669,36,0,0
B10345,4,M-2,69487,38240,10350,88,0,0
B10345,5,M-1,74573,55723,20720,43,0,0
B10346,0,M-6,45169,25779,39706,76,0,0
B10346,1,M-5,45711,31577,41678,53,0,0
B10346,2,M-4,39086,17703,26783,66,0,0
B10346,3,M-3,43654,24642,24085,64,0,0
B10346,4,M-2,41187,33302,28287,47,0,0
B10346,5,M-1,44362,37962,38539,37,0,0
B10347,0,M-6,21705,18056,19418,44,0,0
B10347,1,M-5,26031,22546,22409,74,0,0
B10347,2,M-4,25090,22451,25106,61,0,0
B10347,3,M-3,24118,12395,23986,39,0,0
B10347,4,M-2,22793,17839,19366,57,0,0
B10347,5,M-1,27358,25703,32767,40,0,0
B10348,0,M-6,21754,18988,6430,37,0,0
B10348,1,M-5,19946,15108,22250,41,0,0
B10348,2,M-4,21886,12896,27552,77,0,0
B10348,3,M-3,21968,14600,20707,60,0,0
B10348,4,M-2,20788,18419,25492,29,0,0
B10348,5,M-1,21746,12206,3270,41,0,0
B10349,0,M-6,19917,16131,9859,30,0,0
B10349,1,M-5,19765,15569,30303,87,0,0
B10349,2,M-4,21675,12121,17211,34,0,0
B10349,3,M-3,21445,19920,15369,53,1,0
B10349,4,M-2,20532,12984,18005,72,0,0
B10349,5,M-1,20988,11627,24861,60,0,0
B10350,0,M-6,28742,23980,28813,33,0,0
B10350,1,M-5,29992,16616,4561,38,0,0
B10350,2,M-4,25333,17122,7540,45,0,0
B10350,3,M-3,26313,20448,11271,70,0,0
B10350,4,M-2,26701,15643,8028,78,0,0
B10350,5,M-1,27363,25937,14932,38,0,0
B10351,0,M-6,35692,26511,15261,49,0,0
B10351,1,M-5,40978,28427,6102,76,0,0
B10351,2,M-4,40646,18974,11994,60,0,0
B10351,3,M-3,45002,30456,14108,40,0,0
B10351,4,M-2,45360,32163,19183,80,0,0
B10351,5,M-1,40988,32719,6758,47,0,0
B10352,0,M-6,40034,33200,30490,88,0,0
B10352,1,M-5,38949,22398,47245,69,0,0
B10352,2,M-4,37051,23880,35066,88,0,0
B10352,3,M-3,44240,41320,36239,84,0,0
B10352,4,M-2,38426,31827,53467,67,0,0
B10352,5,M-1,47325,25592,47779,38,0,0
B10353,0,M-6,30472,19924,11267,75,0,0
B10353,1,M-5,33438,24689,13492,45,0,0
B10353,2,M-4,33298,22472,6572,76,0,0
B10353,3,M-3,30814,23033,3834,51,0,0
B10353,4,M-2,35014,17844,8840,50,0,0
B10353,5,M-1,34287,19549,11823,44,0,0
B10354,0,M-6,34413,19551,14888,62,0,0
B10354,1,M-5,39353,20265,35329,69,0,0
B10354,2,M-4,37368,20315,9174,89,0,0
B10354,3,M-3,40537,34890,49144,45,0,0
B10354,4,M-2,43114,24529,43167,71,0,0
B10354,5,M-1,51864,30723,29518,42,0,0
B10355,0,M-6,98971,77084,38286,28,0,0
B10355,1,M-5,116149,60895,26864,25,0,0
B10355,2,M-4,109737,78885,39442,68,0,0
B10355,3,M-3,122955,64642,41306,56,0,0
B10355,4,M-2,125329,64807,44856,29,0,0
B10355,5,M-1,124853,74147,12870,36,0,0
B10356,0,M-6,15554,14151,2562,28,0,0
B10356,1,M-5,16714,14913,12649,67,0,0
B10356,2,M-4,16166,9536,11425,28,1,0
B10356,3,M-3,15484,11300,12220,60,0,0
B10356,4,M-2,17250,14570,20820,85,0,0
B10356,5,M-1,14446,7899,5072,67,0,0
B10357,0,M-6,46497,29267,24346,83,0,0
B10357,1,M-5,47299,22463,17566,49,0,0
B10357,2,M-4,42122,19350,11626,81,0,0
B10357,3,M-3,41708,26301,13250,46,0,0
B10357,4,M-2,47669,28088,15039,76,0,0
B10357,5,M-1,41701,31015,17514,49,0,0
B10358,0,M-6,79799,59055,44050,28,0,0
B10358,1,M-5,87060,64018,27977,72,0,0
B10358,2,M-4,78992,40429,23324,34,0,0
B10358,3,M-3,89715,58124,15499,74,0,0
B10358,4,M-2,88660,61722,32528,27,0,0
B10358,5,M-1,77686,53301,32616,82,0,0
B10359,0,M-6,18277,10726,5843,42,0,0
B10359,1,M-5,18644,8617,2373,87,0,0
B10359,2,M-4,19892,12456,3240,72,0,0
B10359,3,M-3,19902,12050,3968,26,0,0
B10359,4,M-2,20150,13002,3533,41,0,0
B10359,5,M-1,21212,11901,9421,72,0,0
B10360,0,M-6,36853,21778,49530,41,0,0
B10360,1,M-5,36095,21297,18041,25,0,0
B10360,2,M-4,31778,18239,25155,31,0,0
B10360,3,M-3,34946,31781,35854,89,0,0
B10360,4,M-2,35443,17378,23932,54,0,0
B10360,5,M-1,32412,23261,41828,47,0,0
B10361,0,M-6,43217,21507,7014,84,0,0
B10361,1,M-5,45414,21423,21866,55,0,0
B10361,2,M-4,45238,25666,9215,26,0,0
B10361,3,M-3,43745,23238,11535,33,0,0
B10361,4,M-2,43501,29254,10081,41,0,0
B10361,5,M-1,45745,27630,16973,77,0,0
B10362,0,M-6,109642,81601,48795,54,0,0
B10362,1,M-5,91291,46005,19379,68,0,0
B10362,2,M-4,108360,55117,34109,61,0,0
B10362,3,M-3,110581,53290,38700,81,0,0
B10362,4,M-2,97149,49135,10496,81,0,0
B10362,5,M-1,113222,71673,48402,33,0,0
B10363,0,M-6,42913,30775,23112,46,0,0
B10363,1,M-5,43437,33354,14598,72,0,0
B10363,2,M-4,46448,24526,15689,54,0,0
B10363,3,M-3,48116,29368,5464,31,0,0
B10363,4,M-2,43443,34314,14906,87,0,0
B10363,5,M-1,42721,27953,16802,81,0,0
B10364,0,M-6,37387,27100,6615,82,0,0
B10364,1,M-5,38292,36343,5845,68,0,0
B10364,2,M-4,40694,25759,14999,54,0,0
B10364,3,M-3,39272,21555,24405,26,0,0
B10364,4,M-2,37201,25108,12320,74,0,0
B10364,5,M-1,32588,19858,23251,64,0,0
B10365,0,M-6,13983,10702,15283,82,0,0
B10365,1,M-5,14665,6788,14659,60,0,0
B10365,2,M-4,13887,6643,16327,48,0,0
B10365,3,M-3,15170,8134,18408,76,0,0
B10365,4,M-2,14506,8591,19390,25,0,0
B10365,5,M-1,14086,10443,19524,53,0,0
B10366,0,M-6,46802,31205,22652,71,0,0
B10366,1,M-5,45437,36253,5787,43,0,0
B10366,2,M-4,49789,32172,8253,59,0,0
B10366,3,M-3,48460,31238,17891,71,0,0
B10366,4,M-2,49286,33864,11038,48,0,0
B10366,5,M-1,46472,34323,7152,62,0,0
B10367,0,M-6,71117,50581,11118,26,0,0
B10367,1,M-5,67489,42121,26989,72,0,0
B10367,2,M-4,65048,51410,27876,88,0,0
B10367,3,M-3,63557,45742,28426,53,0,0
B10367,4,M-2,73490,33868,13244,80,0,0
B10367,5,M-1,69194,51957,13783,52,0,0
B10368,0,M-6,60212,40166,9001,62,0,0
B10368,1,M-5,64068,29367,11482,45,0,0
B10368,2,M-4,69628,50299,11987,57,0,0
B10368,3,M-3,65545,34225,23728,37,0,0
B10368,4,M-2,69469,51714,10932,86,0,0
B10368,5,M-1,64826,29910,23343,51,0,0
B10369,0,M-6,59259,45849,30364,88,0,0
B10369,1,M-5,64266,40163,8640,42,0,0
B10369,2,M-4,54890,30273,26704,42,0,0
B10369,3,M-3,65063,35673,14963,61,0,0
B10369,4,M-2,67102,48701,7092,40,0,0
B10369,5,M-1,60345,28976,21657,51,0,0
B10370,0,M-6,23920,12900,7909,50,0,0
B10370,1,M-5,22135,12236,9946,88,0,0
B10370,2,M-4,22770,14040,8663,87,0,0
B10370,3,M-3,23043,11421,5433,57,0,0
B10370,4,M-2,23436,11467,11152,73,0,0
B10370,5,M-1,23424,18172,10212,67,0,0
B10371,0,M-6,15630,11517,12653,67,0,0
B10371,1,M-5,14052,7297,19272,49,0,0
B10371,2,M-4,16179,14970,11002,78,0,0
B10371,3,M-3,15537,11345,19237,72,0,0
B10371,4,M-2,14921,10629,21328,55,0,0
B10371,5,M-1,15103,13518,17372,43,0,0
B10372,0,M-6,38277,24126,46222,38,0,0
B10372,1,M-5,43135,37289,42021,48,0,0
B10372,2,M-4,37021,22350,48490,68,0,0
B10372,3,M-3,38798,19562,46126,78,0,0
B10372,4,M-2,40480,38315,31903,79,0,0
B10372,5,M-1,46682,40679,5697,28,0,0
B10373,0,M-6,43065,28595,21994,28,0,0
B10373,1,M-5,41739,29640,16375,83,0,0
B10373,2,M-4,42864,33587,11138,53,0,0
B10373,3,M-3,41101,27296,17315,27,0,0
B10373,4,M-2,46637,33286,19185,75,0,0
B10373,5,M-1,37731,22011,10489,53,0,0
B10374,0,M-6,7722,4375,10252,69,0,0
B10374,1,M-5,8620,6195,10851,38,0,0
B10374,2,M-4,8200,5325,10305,30,0,0
B10374,3,M-3,8509,5901,7633,84,0,0
B10374,4,M-2,8521,4768,2175,59,0,0
B10374,5,M-1,9495,7246,10143,69,0,0
B10375,0,M-6,101301,68608,25091,68,0,0
B10375,1,M-5,84907,57413,18131,44,0,0
B10375,2,M-4,92011,44420,20993,61,0,0
B10375,3,M-3,96872,58123,15033,62,0,0
B10375,4,M-2,97703,47011,37580,40,0,0
B10375,5,M-1,90403,50503,42400,49,0,0
B10376,0,M-6,62471,43854,23600,73,0,0
B10376,1,M-5,58329,43782,9762,45,0,0
B10376,2,M-4,65684,39840,24603,82,0,0
B10376,3,M-3,60664,31496,17364,48,0,0
B10376,4,M-2,56169,43745,8244,89,0,0
B10376,5,M-1,59676,43290,20922,26,0,0
B10377,0,M-6,53379,46138,30234,50,0,0
B10377,1,M-5,52806,40655,22157,39,0,0
B10377,2,M-4,54326,30754,21245,51,0,0
B10377,3,M-3,49565,47006,17070,31,0,0
B10377,4,M-2,49645,23139,20209,54,0,0
B10377,5,M-1,45891,33177,18554,81,0,0
B10378,0,M-6,52059,39026,6243,60,0,0
B10378,1,M-5,52040,33599,11497,84,0,0
B10378,2,M-4,50066,33004,15532,75,0,0
B10378,3,M-3,42678,32848,15856,72,0,0
B10378,4,M-2,41098,23618,6716,31,0,0
B10378,5,M-1,47149,34593,8560,85,0,0
B10379,0,M-6,50618,34288,23643,89,0,0
B10379,1,M-5,50592,37466,24177,52,0,0
B10379,2,M-4,50782,24510,7298,61,0,0
B10379,3,M-3,47374,31984,16049,83,0,0
B10379,4,M-2,55065,27319,18604,66,0,0
B10379,5,M-1,51543,35453,22162,85,0,0
B10380,0,M-6,22399,14517,5597,78,0,0
B10380,1,M-5,21055,14487,10217,46,0,0
B10380,2,M-4,25052,15671,6169,33,0,0
B10380,3,M-3,25028,13560,6024,63,0,0
B10380,4,M-2,21533,14349,7399,79,0,0
B10380,5,M-1,22956,10657,4719,64,0,0
B10381,0,M-6,30210,18703,3569,50,0,0
B10381,1,M-5,29437,21893,12010,78,0,0
B10381,2,M-4,29878,15099,13829,78,0,0
B10381,3,M-3,32118,15938,4060,85,0,0
B10381,4,M-2,31941,17431,14603,47,0,0
B10381,5,M-1,33020,23443,13036,25,0,0
B10382,0,M-6,26272,13177,3393,56,0,0
B10382,1,M-5,25861,19471,11396,58,0,0
B10382,2,M-4,23357,15850,11979,77,0,0
B10382,3,M-3,23232,11679,5551,88,0,0
B10382,4,M-2,21802,13345,10120,74,0,0
B10382,5,M-1,21798,11465,5766,57,0,0
B10383,0,M-6,62012,32020,17152,73,0,0
B10383,1,M-5,60339,29864,25025,27,0,0
B10383,2,M-4,70876,49553,32862,41,0,0
B10383,3,M-3,73768,38872,24443,32,0,0
B10383,4,M-2,73098,34982,32348,48,0,0
B10383,5,M-1,71441,53834,17443,44,0,0
B10384,0,M-6,49603,33208,21692,38,0,0
B10384,1,M-5,41990,25450,60251,72,0,0
B10384,2,M-4,48903,27345,27991,55,0,0
B10384,3,M-3,44680,36259,33907,25,0,0
B10384,4,M-2,40508,26384,28865,89,0,0
B10384,5,M-1,46957,30574,4770,87,0,0
B10385,0,M-6,95854,51019,33182,30,0,0
B10385,1,M-5,101766,46471,33255,72,0,0
B10385,2,M-4,90298,52526,36001,59,0,0
B10385,3,M-3,86436,51323,24169,47,0,0
B10385,4,M-2,90473,71900,32983,65,0,0
B10385,5,M-1,89462,69442,17136,65,0,0
B10386,0,M-6,76549,34515,32570,86,0,0
B10386,1,M-5,77348,60085,34279,83,0,0
B10386,2,M-4,79264,48438,28549,45,0,0
B10386,3,M-3,84876,61981,28455,87,0,0
B10386,4,M-2,79471,60955,15822,67,0,0
B10386,5,M-1,73662,44858,39660,49,0,0
B10387,0,M-6,58827,46780,16635,78,0,0
B10387,1,M-5,64049,42074,24633,86,0,0
B10387,2,M-4,64282,51265,15080,42,0,0
B10387,3,M-3,59566,30312,10288,56,0,0
B10387,4,M-2,63944,43498,25905,74,0,0
B10387,5,M-1,58345,34295,25605,42,0,0
B10388,0,M-6,50489,23235,8184,38,0,0
B10388,1,M-5,50916,38514,5857,25,0,0
B10388,2,M-4,49060,25827,18415,70,0,0
B10388,3,M-3,47649,26683,5137,72,0,0
B10388,4,M-2,40528,23358,8341,59,0,0
B10388,5,M-1,43820,26342,7848,43,0,0
B10389,0,M-6,79258,58096,20779,74,0,0
B10389,1,M-5,91152,46870,9856,74,0,0
B10389,2,M-4,81227,48023,27214,46,0,0
B10389,3,M-3,95351,44926,11727,79,0,0
B10389,4,M-2,95393,65637,12936,35,0,0
B10389,5,M-1,86866,65937,22710,31,0,0
B10390,0,M-6,30769,15113,10000,81,0,0
B10390,1,M-5,33726,24524,14762,77,0,0
B10390,2,M-4,31638,22424,4741,57,0,0
B10390,3,M-3,32958,23438,10725,42,0,0
B10390,4,M-2,30857,16771,4156,61,0,0
B10390,5,M-1,32442,18181,14143,39,0,0
B10391,0,M-6,120188,90022,53838,33,0,0
B10391,1,M-5,116485,64688,51163,75,0,0
B10391,2,M-4,96130,51250,55404,84,0,0
B10391,3,M-3,101200,64337,43625,39,0,0
B10391,4,M-2,103095,62394,48891,64,0,0
B10391,5,M-1,108906,71379,35281,73,0,0
B10392,0,M-6,57801,26552,28614,51,0,0
B10392,1,M-5,59075,33751,14571,70,0,0
B10392,2,M-4,58475,30618,26876,58,0,0
B10392,3,M-3,51718,24396,24352,33,0,0
B10392,4,M-2,53537,32311,14025,54,0,0
B10392,5,M-1,62523,41869,28638,42,0,0
B10393,0,M-6,15930,12222,6786,28,0,0
B10393,1,M-5,17054,13407,4487,40,0,0
B10393,2,M-4,17186,9873,9284,82,0,0
B10393,3,M-3,17761,10697,3346,32,0,0
B10393,4,M-2,20406,16013,6990,38,0,0
B10393,5,M-1,20009,15502,5613,88,0,0
B10394,0,M-6,21654,16989,10669,61,0,0
B10394,1,M-5,24070,12872,24934,86,0,0
B10394,2,M-4,24897,18858,20618,43,0,0
B10394,3,M-3,27067,19214,28266,51,0,0
B10394,4,M-2,24922,16252,28097,42,0,0
B10394,5,M-1,27185,14070,2890,40,0,0
B10395,0,M-6,31284,26673,13242,87,0,0
B10395,1,M-5,28760,18957,41159,58,0,0
B10395,2,M-4,32829,16771,40789,36,0,0
B10395,3,M-3,28507,23967,8548,68,0,0
B10395,4,M-2,32320,30296,27717,42,0,0
B10395,5,M-1,32420,16816,37604,39,0,0
B10396,0,M-6,38958,23412,7939,71,0,0
B10396,1,M-5,40057,19950,7931,30,0,0
B10396,2,M-4,37641,24469,12347,68,0,0
B10396,3,M-3,38009,27806,10460,65,0,0
B10396,4,M-2,34672,19444,17499,45,0,0
B10396,5,M-1,36685,24545,19669,84,0,0
B10397,0,M-6,74720,49193,13661,82,0,0
B10397,1,M-5,74544,44019,28385,43,0,0
B10397,2,M-4,83826,43624,24055,43,0,0
B10397,3,M-3,76904,60620,13723,43,0,0
B10397,4,M-2,70049,34617,18027,76,0,0
B10397,5,M-1,70313,42100,20378,80,0,0
B10398,0,M-6,26985,12673,8297,44,0,0
B10398,1,M-5,25972,12672,9323,27,0,0
B10398,2,M-4,27464,16165,6172,73,0,0
B10398,3,M-3,31287,20957,11194,73,0,0
B10398,4,M-2,30877,15437,3410,29,0,0
B10398,5,M-1,32972,25292,6867,44,0,0
B10399,0,M-6,42357,30379,6111,28,0,0
B10399,1,M-5,44938,25933,20587,30,0,0
B10399,2,M-4,46852,33695,8409,71,0,0
B10399,3,M-3,45447,29818,23836,49,0,0
B10399,4,M-2,52823,24287,16315,78,0,0
B10399,5,M-1,55374,25755,11495,71,0,0
B10400,0,M-6,82937,60106,10194,68,0,0
B10400,1,M-5,77227,53610,23047,82,0,0
B10400,2,M-4,71838,46487,20619,67,0,0
B10400,3,M-3,82053,63022,16936,26,0,0
B10400,4,M-2,78512,40889,17302,63,0,0
B10400,5,M-1,77214,56317,28510,89,0,0
B10401,0,M-6,42777,22430,53751,32,0,0
B10401,1,M-5,39891,26332,40138,37,0,0
B10401,2,M-4,43637,34435,17567,29,0,0
B10401,3,M-3,48591,33489,17801,45,0,0
B10401,4,M-2,46477,23996,53023,72,0,0
B10401,5,M-1,48613,27518,24630,46,0,0
B10402,0,M-6,68155,48157,11484,63,0,0
B10402,1,M-5,71743,43602,15789,52,0,0
B10402,2,M-4,71085,38372,11782,31,0,0
B10402,3,M-3,65553,49917,27288,88,0,0
B10402,4,M-2,68067,43426,15060,50,0,0
B10402,5,M-1,66455,35204,30741,66,0,0
B10403,0,M-6,53331,27319,8291,39,0,0
B10403,1,M-5,61267,44576,19381,70,0,0
B10403,2,M-4,54245,29156,11866,56,0,0
B10403,3,M-3,62174,44315,11014,44,0,0
B10403,4,M-2,55013,32131,6928,86,0,0
B10403,5,M-1,58606,33358,26113,55,0,0
B10404,0,M-6,7032,6198,7489,31,0,0
B10404,1,M-5,6681,4912,10269,42,1,0
B10404,2,M-4,6783,3426,871,30,0,0
B10404,3,M-3,8209,7640,8011,50,0,0
B10404,4,M-2,8215,4475,2058,80,0,0
B10404,5,M-1,8310,4379,10220,78,0,0
B10405,0,M-6,36731,25975,7897,36,0,0
B10405,1,M-5,35098,26034,13846,89,0,0
B10405,2,M-4,34088,27211,8863,85,0,0
B10405,3,M-3,40805,30947,6436,59,0,0
B10405,4,M-2,37593,17434,10988,50,0,0
B10405,5,M-1,37301,18543,18394,37,0,0
B10406,0,M-6,29767,27835,26164,75,0,0
B10406,1,M-5,28988,22479,22051,56,0,0
B10406,2,M-4,32398,29459,13059,67,0,0
B10406,3,M-3,28255,25483,19843,67,0,0
B10406,4,M-2,27629,20918,16518,40,0,0
B10406,5,M-1,32438,26363,28214,63,0,0
B10407,0,M-6,43862,21385,8525,80,0,0
B10407,1,M-5,48493,25715,17858,72,0,0
B10407,2,M-4,39388,29491,17462,41,0,0
B10407,3,M-3,42625,26590,20791,34,0,0
B10407,4,M-2,39538,19651,19808,56,0,0
B10407,5,M-1,40780,29910,19847,87,0,0
B10408,0,M-6,13043,9438,8658,31,0,0
B10408,1,M-5,12343,5829,2788,34,0,0
B10408,2,M-4,12758,7354,11969,54,0,0
B10408,3,M-3,13238,7690,9630,52,0,0
B10408,4,M-2,14767,10580,13849,66,0,0
B10408,5,M-1,14014,6756,12429,62,0,0
B10409,0,M-6,15952,12413,4855,38,0,0
B10409,1,M-5,16617,11906,15355,64,0,0
B10409,2,M-4,17461,14841,2800,57,0,0
B10409,3,M-3,16494,9689,4574,41,0,0
B10409,4,M-2,17366,12168,23748,77,0,0
B10409,5,M-1,16884,13816,12582,72,0,0
B10410,0,M-6,31536,27585,21707,86,0,0
B10410,1,M-5,29593,22099,20183,55,0,0
B10410,2,M-4,32800,29103,25325,77,0,0
B10410,3,M-3,33096,17620,32646,72,0,0
B10410,4,M-2,33932,28826,34560,27,0,0
B10410,5,M-1,28580,24002,31136,25,0,0
B10411,0,M-6,26050,19857,9125,77,0,0
B10411,1,M-5,24083,12639,11003,41,0,0
B10411,2,M-4,29132,18344,3766,55,0,0
B10411,3,M-3,27612,20914,8047,63,0,0
B10411,4,M-2,25266,14942,8834,43,0,0
B10411,5,M-1,24852,18621,3982,85,0,0
B10412,0,M-6,44631,21262,19576,42,0,0
B10412,1,M-5,50841,30420,24921,67,0,0
B10412,2,M-4,55083,39213,13028,38,0,0
B10412,3,M-3,49322,24544,21693,32,0,0
B10412,4,M-2,56448,27548,19798,68,0,0
B10412,5,M-1,55418,38815,11875,72,0,0
B10413,0,M-6,35119,20449,28341,27,0,0
B10413,1,M-5,33928,28953,5365,25,0,0
B10413,2,M-4,34662,30742,42705,50,0,0
B10413,3,M-3,34275,17582,34930,54,0,0
B10413,4,M-2,35792,30465,24482,63,0,0
B10413,5,M-1,35402,30367,27282,83,0,0
B10414,0,M-6,32349,24335,40187,48,0,0
B10414,1,M-5,33560,29243,39437,81,0,0
B10414,2,M-4,32694,26566,39076,57,0,0
B10414,3,M-3,39990,31613,45772,77,0,0
B10414,4,M-2,38956,19604,14875,80,0,0
B10414,5,M-1,45257,26698,4898,38,0,0
B10415,0,M-6,63281,30244,30476,32,0,0
B10415,1,M-5,56946,33186,18654,74,0,0
B10415,2,M-4,58383,30230,22142,41,0,0
B10415,3,M-3,71138,45007,30423,62,0,0
B10415,4,M-2,69277,54724,29667,47,0,0
B10415,5,M-1,71283,33781,29066,55,0,0
B10416,0,M-6,87469,41669,23131,65,0,0
B10416,1,M-5,97620,65244,38892,86,0,0
B10416,2,M-4,85398,49212,41613,26,0,0
B10416,3,M-3,86437,39313,47473,59,0,0
B10416,4,M-2,84456,50833,10128,64,0,0
B10416,5,M-1,100890,61815,10479,87,0,0
B10417,0,M-6,78446,59858,24762,82,0,0
B10417,1,M-5,78326,49248,33148,85,0,0
B10417,2,M-4,86206,67363,23941,54,0,0
B10417,3,M-3,82011,64396,10276,50,0,0
B10417,4,M-2,85312,51432,27250,88,0,0
B10417,5,M-1,77163,37199,21333,40,0,0
B10418,0,M-6,26921,22717,6775,40,0,0
B10418,1,M-5,27704,14983,30073,49,0,0
B10418,2,M-4,24069,17326,28252,25,0,0
B10418,3,M-3,28791,26154,31329,38,0,0
B10418,4,M-2,27713,13111,36357,27,0,0
B10418,5,M-1,29150,17033,31680,88,0,0
B10419,0,M-6,13022,10576,6323,42,0,0
B10419,1,M-5,12152,7665,5110,29,0,0
B10419,2,M-4,11043,9022,9537,55,0,0
B10419,3,M-3,11590,9323,12545,36,0,0
B10419,4,M-2,11892,6162,13001,62,0,0
B10419,5,M-1,11580,9849,16015,78,0,0
B10420,0,M-6,20272,12810,10883,65,0,0
B10420,1,M-5,22955,16404,20013,57,0,0
B10420,2,M-4,25892,17710,11228,42,0,0
B10420,3,M-3,22627,15060,22810,61,0,0
B10420,4,M-2,25892,17013,20432,63,0,0
B10420,5,M-1,25807,21725,9230,59,0,0
B10421,0,M-6,49452,33620,11182,87,0,0
B10421,1,M-5,50499,38877,13191,81,0,0
B10421,2,M-4,48472,25262,21100,71,0,0
B10421,3,M-3,48423,33834,19235,53,0,0
B10421,4,M-2,45999,28170,15161,34,0,0
B10421,5,M-1,53496,31320,5723,32,0,0
B10422,0,M-6,35247,22746,29204,39,0,0
B10422,1,M-5,42557,31952,61808,47,0,0
B10422,2,M-4,41744,24795,47052,49,0,0
B10422,3,M-3,41396,32571,9790,42,0,0
B10422,4,M-2,41922,32347,22737,86,0,0
B10422,5,M-1,46491,33173,20988,68,0,0
B10423,0,M-6,55131,31362,20827,62,0,0
B10423,1,M-5,58520,38154,24991,64,0,0
B10423,2,M-4,51009,35591,24150,87,0,0
B10423,3,M-3,52131,40495,7770,82,0,0
B10423,4,M-2,56583,29870,11147,28,0,0
B10423,5,M-1,48773,32510,22110,88,0,0
B10424,0,M-6,59275,45757,32537,50,0,0
B10424,1,M-5,64653,36316,19178,28,0,0
B10424,2,M-4,67235,51493,31525,84,0,0
B10424,3,M-3,64086,39659,8255,84,0,0
B10424,4,M-2,63201,45044,12611,25,0,0
B10424,5,M-1,69522,53172,24669,38,0,0
B10425,0,M-6,34953,19057,7014,34,0,0
B10425,1,M-5,31735,16055,16913,33,0,0
B10425,2,M-4,31857,17297,8356,84,0,0
B10425,3,M-3,35089,26096,6206,66,0,0
B10425,4,M-2,31846,18750,4088,29,0,0
B10425,5,M-1,30794,18488,6428,37,0,0
B10426,0,M-6,50472,25517,20974,48,0,0
B10426,1,M-5,54547,34653,13170,36,0,0
B10426,2,M-4,55946,33540,18467,76,0,0
B10426,3,M-3,52335,33911,24753,38,0,0
B10426,4,M-2,58897,29447,15701,77,0,0
B10426,5,M-1,55016,36927,12467,78,0,0
B10427,0,M-6,46629,34637,58480,66,0,0
B10427,1,M-5,50191,27693,69165,64,0,0
B10427,2,M-4,50693,38821,45570,77,0,0
B10427,3,M-3,44512,35019,15570,85,0,0
B10427,4,M-2,44369,28519,11460,74,0,0
B10427,5,M-1,46349,20994,15274,62,0,0
B10428,0,M-6,11255,5815,3956,87,0,0
B10428,1,M-5,13480,11753,2367,65,0,0
B10428,2,M-4,13998,11428,10850,80,0,0
B10428,3,M-3,14810,12049,6546,71,0,0
B10428,4,M-2,16228,8753,5125,32,0,0
B10428,5,M-1,17447,7961,8212,64,0,0
B10429,0,M-6,24774,19494,13896,37,0,0
B10429,1,M-5,26164,15450,4797,68,0,0
B10429,2,M-4,22928,14013,12586,59,0,0
B10429,3,M-3,25041,13319,11682,85,0,0
B10429,4,M-2,24478,13863,18198,41,0,0
B10429,5,M-1,24219,16858,25727,61,0,0
B10430,0,M-6,56904,36894,24204,61,0,0
B10430,1,M-5,58405,39176,7071,83,0,0
B10430,2,M-4,57104,30786,6372,72,0,0
B10430,3,M-3,55613,31019,11406,69,0,0
B10430,4,M-2,59771,38244,18900,32,0,0
B10430,5,M-1,50547,24945,25962,86,0,0
B10431,0,M-6,30147,23883,3928,70,0,0
B10431,1,M-5,29236,26229,29175,62,0,0
B10431,2,M-4,30556,20223,33469,76,0,0
B10431,3,M-3,30393,19514,25845,42,0,0
B10431,4,M-2,33171,19048,26840,45,0,0
B10431,5,M-1,34146,28957,17934,71,0,0
B10432,0,M-6,40640,27413,6549,77,0,0
B10432,1,M-5,42814,27230,8633,80,0,0
B10432,2,M-4,43601,25398,11877,83,0,0
B10432,3,M-3,37555,25102,5863,84,0,0
B10432,4,M-2,38866,24170,13524,83,0,0
B10432,5,M-1,41676,22959,13149,82,0,0
B10433,0,M-6,45753,26133,31606,45,0,0
B10433,1,M-5,42323,36230,52954,76,0,0
B10433,2,M-4,47514,33048,62432,65,0,0
B10433,3,M-3,47579,21624,9337,75,0,0
B10433,4,M-2,49425,30891,5194,31,0,0
B10433,5,M-1,47957,21634,48611,37,0,0
B10434,0,M-6,41173,34274,31585,63,0,0
B10434,1,M-5,37850,22982,30172,55,0,0
B10434,2,M-4,45036,34707,50336,38,0,0
B10434,3,M-3,42368,19402,21145,65,0,0
B10434,4,M-2,39395,29283,37100,72,0,0
B10434,5,M-1,44227,26900,46163,78,0,0
B10435,0,M-6,50566,28467,22916,56,0,0
B10435,1,M-5,53137,34329,19985,72,0,0
B10435,2,M-4,53525,38135,11602,36,0,0
B10435,3,M-3,57505,44760,19885,78,0,0
B10435,4,M-2,53571,38977,21909,28,0,0
B10435,5,M-1,57866,42353,20452,80,0,0
B10436,0,M-6,33345,21994,11401,37,0,0
B10436,1,M-5,33620,17242,9296,47,0,0
B10436,2,M-4,36646,27141,13363,69,0,0
B10436,3,M-3,32343,15714,17706,29,0,0
B10436,4,M-2,32388,24599,9329,89,0,0
B10436,5,M-1,32941,24373,15485,40,0,0
B10437,0,M-6,36944,26337,6723,41,0,0
B10437,1,M-5,36834,27904,6931,69,0,0
B10437,2,M-4,38814,21696,13759,45,0,0
B10437,3,M-3,36773,16915,4149,49,0,0
B10437,4,M-2,31347,15627,15900,25,0,0
B10437,5,M-1,33935,23790,8665,89,0,0
B10438,0,M-6,50867,37572,5524,41,0,0
B10438,1,M-5,60011,30573,24241,88,0,0
B10438,2,M-4,59143,41879,13506,59,0,0
B10438,3,M-3,53214,33142,5598,29,0,0
B10438,4,M-2,56163,40254,18329,47,0,0
B10438,5,M-1,50268,38337,11899,54,0,0
B10439,0,M-6,23272,18531,13258,52,0,0
B10439,1,M-5,22595,19879,14752,89,0,0
B10439,2,M-4,24303,22849,19287,52,0,0
B10439,3,M-3,23185,14931,14535,25,0,0
B10439,4,M-2,21952,13945,5893,51,0,0
B10439,5,M-1,22756,11057,8523,46,0,0
B10440,0,M-6,84679,45329,36613,67,0,0
B10440,1,M-5,82782,47764,17507,77,0,0
B10440,2,M-4,68608,49798,12450,25,0,0
B10440,3,M-3,70098,41779,13400,72,0,0
B10440,4,M-2,73211,42521,25570,43,0,0
B10440,5,M-1,75785,47918,30860,25,0,0
B10441,0,M-6,23527,21782,13395,58,0,0
B10441,1,M-5,24585,13430,35012,56,0,0
B10441,2,M-4,23276,12488,24610,43,0,0
B10441,3,M-3,28287,24505,18849,39,0,0
B10441,4,M-2,26602,14603,27209,67,0,0
B10441,5,M-1,24280,13972,13946,79,0,0
B10442,0,M-6,63444,45841,12090,80,0,0
B10442,1,M-5,71489,50694,15668,56,0,0
B10442,2,M-4,72121,42785,17737,71,0,0
B10442,3,M-3,64994,41584,30086,47,0,0
B10442,4,M-2,67042,48399,33176,84,0,0
B10442,5,M-1,72821,47619,9359,48,0,0
B10443,0,M-6,37320,28530,4329,51,0,0
B10443,1,M-5,43676,30363,19832,81,0,0
B10443,2,M-4,38460,25154,30257,45,0,0
B10443,3,M-3,40277,27199,36944,29,0,0
B10443,4,M-2,39320,29431,36362,73,0,0
B10443,5,M-1,40266,38006,52923,67,0,0
B10444,0,M-6,35622,27828,9117,29,0,0
B10444,1,M-5,32845,16036,17554,47,0,0
B10444,2,M-4,31641,21551,12884,67,0,0
B10444,3,M-3,35009,20146,4614,30,0,0
B10444,4,M-2,35658,24236,6480,47,0,0
B10444,5,M-1,31103,22139,12019,35,0,0
B10445,0,M-6,29687,15099,12557,81,0,0
B10445,1,M-5,27841,19070,20576,47,0,0
B10445,2,M-4,33502,21876,22139,29,0,0
B10445,3,M-3,30095,24142,39772,68,0,0
B10445,4,M-2,33829,17503,4614,39,0,0
B10445,5,M-1,37410,26760,44320,53,0,1
B10446,0,M-6,26444,15692,19929,89,0,0
B10446,1,M-5,28274,13576,19658,81,0,0
B10446,2,M-4,31023,14104,27464,38,0,0
B10446,3,M-3,30420,28785,37519,39,0,0
B10446,4,M-2,29458,23604,10193,56,0,0
B10446,5,M-1,30707,20394,13044,65,0,0
B10447,0,M-6,27422,23261,8367,72,0,0
B10447,1,M-5,29054,14386,31424,87,0,0
B10447,2,M-4,30414,24357,7807,73,0,0
B10447,3,M-3,26403,24278,38807,50,0,0
B10447,4,M-2,29742,23574,11819,72,0,0
B10447,5,M-1,34647,21837,15102,43,0,0
B10448,0,M-6,34151,23340,50112,38,0,0
B10448,1,M-5,35473,22998,16897,80,0,0
B10448,2,M-4,38034,17912,28740,73,0,0
B10448,3,M-3,45578,23980,44551,40,0,0
B10448,4,M-2,41135,36827,20450,28,0,0
B10448,5,M-1,48675,28815,50699,57,0,0
B10449,0,M-6,29121,15057,14597,29,0,0
B10449,1,M-5,25245,16268,21324,60,0,0
B10449,2,M-4,27755,19021,37764,80,0,0
B10449,3,M-3,27594,13468,15981,81,0,0
B10449,4,M-2,33095,19424,36526,75,0,0
B10449,5,M-1,31928,19900,30736,80,0,0
B10450,0,M-6,28854,13641,16123,28,0,0
B10450,1,M-5,31289,29519,8481,73,0,0
B10450,2,M-4,30504,17261,27011,40,0,0
B10450,3,M-3,28422,26492,32974,48,0,0
B10450,4,M-2,31416,16782,13054,50,0,0
B10450,5,M-1,27909,26139,25432,57,0,0
B10451,0,M-6,49547,26739,15826,69,0,0
B10451,1,M-5,54291,29695,29420,50,0,0
B10451,2,M-4,57731,35814,11249,44,0,0
B10451,3,M-3,54784,31908,15398,25,0,0
B10451,4,M-2,54573,32079,24055,74,0,0
B10451,5,M-1,64653,47082,12605,34,0,0
B10452,0,M-6,44413,33187,5481,67,0,0
B10452,1,M-5,47413,24459,15970,61,0,0
B10452,2,M-4,43493,23176,17938,26,0,0
B10452,3,M-3,40615,27082,16014,79,0,0
B10452,4,M-2,43075,34133,9813,56,0,0
B10452,5,M-1,46914,31853,20782,27,0,0
B10453,0,M-6,21580,15710,21331,54,0,0
B10453,1,M-5,23458,21592,12461,77,0,0
B10453,2,M-4,22329,16180,3873,87,0,0
B10453,3,M-3,22773,16930,5249,80,0,0
B10453,4,M-2,22235,16941,24945,58,0,0
B10453,5,M-1,22695,12081,17651,68,0,0
B10454,0,M-6,87502,45689,20099,89,0,0
B10454,1,M-5,94090,61300,38492,34,0,0
B10454,2,M-4,98940,48502,42837,84,0,0
B10454,3,M-3,93814,48616,25680,66,0,0
B10454,4,M-2,103384,82410,27013,86,0,0
B10454,5,M-1,98258,72960,42200,70,0,0
B10455,0,M-6,14703,11082,2124,44,0,0
B10455,1,M-5,15110,11552,11926,71,0,0
B10455,2,M-4,15528,8040,19909,80,0,0
B10455,3,M-3,16021,8362,8980,41,0,1
B10455,4,M-2,15356,11827,22589,62,0,0
B10455,5,M-1,16737,10117,10529,82,0,0
B10456,0,M-6,36114,20459,7060,32,0,0
B10456,1,M-5,38507,28197,16479,74,0,0
B10456,2,M-4,42321,27341,8135,46,0,0
B10456,3,M-3,37732,22377,8413,26,0,0
B10456,4,M-2,34597,24470,13627,88,0,0
B10456,5,M-1,34239,26960,6049,86,0,0
B10457,0,M-6,26764,13437,11007,84,0,0
B10457,1,M-5,30811,16542,12310,33,0,0
B10457,2,M-4,30250,16383,13079,54,0,0
B10457,3,M-3,30632,19253,14255,25,0,0
B10457,4,M-2,27870,19282,4841,71,0,0
B10457,5,M-1,26711,17240,6054,75,0,0
B10458,0,M-6,14980,6906,4834,66,0,0
B10458,1,M-5,15031,13949,8302,52,0,0
B10458,2,M-4,16484,10896,7572,57,0,0
B10458,3,M-3,15983,12670,18165,61,0,0
B10458,4,M-2,19011,12324,5322,54,0,0
B10458,5,M-1,19381,14748,20341,75,0,0
B10459,0,M-6,80445,49997,16806,50,0,0
B10459,1,M-5,76087,34594,16874,57,0,0
B10459,2,M-4,77025,43080,35767,58,0,0
B10459,3,M-3,73716,49517,34623,79,0,0
B10459,4,M-2,78185,48149,22985,61,0,0
B10459,5,M-1,81823,40399,12429,53,0,0
B10460,0,M-6,29788,19764,22397,62,0,0
B10460,1,M-5,26970,17861,29420,87,0,0
B10460,2,M-4,28948,20004,29215,73,0,0
B10460,3,M-3,32543,16232,30328,28,0,0
B10460,4,M-2,28815,16287,13434,73,0,0
B10460,5,M-1,35067,18821,3890,30,0,0
B10461,0,M-6,38900,27057,17638,40,0,0
B10461,1,M-5,41450,26287,8914,66,0,0
B10461,2,M-4,37903,30200,21474,45,0,0
B10461,3,M-3,38940,23243,16602,66,0,0
B10461,4,M-2,44189,24367,18071,53,0,0
B10461,5,M-1,43858,29936,5773,89,0,0
B10462,0,M-6,53761,44653,39510,50,0,0
B10462,1,M-5,46143,36852,46011,77,0,0
B10462,2,M-4,50934,23122,48625,66,0,0
B10462,3,M-3,47037,37503,60136,42,0,0
B10462,4,M-2,49117,33983,46177,66,0,0
B10462,5,M-1,50267,40734,40990,50,0,0
B10463,0,M-6,58752,36197,24858,83,0,0
B10463,1,M-5,60432,36913,23835,36,0,0
B10463,2,M-4,61397,35542,16034,67,0,0
B10463,3,M-3,55983,44582,7155,34,0,0
B10463,4,M-2,62782,36752,29509,84,0,0
B10463,5,M-1,58879,29471,14586,59,0,0
B10464,0,M-6,24625,21795,35835,77,0,0
B10464,1,M-5,26261,12546,12979,84,0,0
B10464,2,M-4,22618,12490,25139,74,0,0
B10464,3,M-3,26447,14485,34705,72,0,0
B10464,4,M-2,25727,24358,24346,64,0,0
B10464,5,M-1,23830,12631,34351,82,0,0
B10465,0,M-6,67453,40641,37137,48,0,0
B10465,1,M-5,74204,37457,14106,48,0,0
B10465,2,M-4,78750,54478,17198,56,0,0
B10465,3,M-3,66026,52551,20619,25,0,0
B10465,4,M-2,75166,54024,23912,81,0,0
B10465,5,M-1,67852,52581,31427,48,0,0
B10466,0,M-6,17765,14974,10533,74,0,0
B10466,1,M-5,17478,9781,10665,53,0,0
B10466,2,M-4,19288,14216,29711,37,0,0
B10466,3,M-3,21863,19613,6356,76,0,0
B10466,4,M-2,25762,17137,27406,57,0,0
B10466,5,M-1,26071,12700,2189,39,0,0
B10467,0,M-6,44517,29396,12320,84,0,0
B10467,1,M-5,41356,26781,8295,56,0,0
B10467,2,M-4,44933,27822,9371,66,0,0
B10467,3,M-3,42750,22563,10086,54,0,0
B10467,4,M-2,46955,35961,6209,80,0,0
B10467,5,M-1,50959,39479,19356,79,0,0
B10468,0,M-6,45362,31089,49321,60,0,0
B10468,1,M-5,52186,44013,71836,55,0,0
B10468,2,M-4,56423,32374,45012,55,0,0
B10468,3,M-3,51248,39493,40103,41,0,0
B10468,4,M-2,56013,35983,7050,57,0,0
B10468,5,M-1,59974,41940,60069,85,0,0
B10469,0,M-6,24736,13611,20552,25,0,0
B10469,1,M-5,23585,15234,22778,56,0,0
B10469,2,M-4,24234,13534,22798,49,0,0
B10469,3,M-3,25261,20724,34409,47,0,0
B10469,4,M-2,24790,21717,15905,52,0,0
B10469,5,M-1,21373,17947,20031,45,0,0
B10470,0,M-6,62237,44501,21853,53,0,0
B10470,1,M-5,60681,30085,29179,44,0,0
B10470,2,M-4,51655,35691,25038,59,0,0
B10470,3,M-3,55463,34707,7482,65,0,0
B10470,4,M-2,57620,42182,18512,34,0,0
B10470,5,M-1,50606,31697,23921,75,0,0
B10471,0,M-6,15154,11785,6291,39,0,0
B10471,1,M-5,15919,8279,5277,48,0,0
B10471,2,M-4,18110,16447,3804,27,0,0
B10471,3,M-3,18565,10542,3091,74,0,0
B10471,4,M-2,17577,13559,5697,42,0,0
B10471,5,M-1,19407,16335,15452,71,0,0
B10472,0,M-6,86909,51114,35040,35,0,0
B10472,1,M-5,89910,68353,20766,57,0,0
B10472,2,M-4,88301,57795,19201,43,0,0
B10472,3,M-3,75135,35387,27958,57,0,0
B10472,4,M-2,86053,42330,39624,67,0,0
B10472,5,M-1,73495,41737,25622,85,0,0
B10473,0,M-6,29173,15904,9810,35,0,0
B10473,1,M-5,26648,17126,23186,34,0,0
B10473,2,M-4,29208,23657,33212,38,0,0
B10473,3,M-3,24913,12741,27975,47,0,0
B10473,4,M-2,27312,20151,15672,85,0,0
B10473,5,M-1,26779,20465,31077,81,0,0
B10474,0,M-6,49766,37485,20028,82,0,0
B10474,1,M-5,52291,28301,21816,87,0,0
B10474,2,M-4,47831,33021,9831,67,0,0
B10474,3,M-3,57130,38629,9408,37,0,0
B10474,4,M-2,49496,29148,23598,71,0,0
B10474,5,M-1,49494,24131,14343,25,0,0
B10475,0,M-6,56555,43732,14646,66,0,0
B10475,1,M-5,62069,43058,27921,83,0,0
B10475,2,M-4,67747,32841,26005,40,0,0
B10475,3,M-3,56870,33868,7862,59,0,0
B10475,4,M-2,57261,32243,18219,64,0,0
B10475,5,M-1,64771,50077,6680,33,0,0
B10476,0,M-6,19629,10542,19693,78,0,0
B10476,1,M-5,19264,14206,21875,36,0,0
B10476,2,M-4,22038,12737,5532,63,0,0
B10476,3,M-3,22697,13038,22265,79,0,0
B10476,4,M-2,20614,17222,13015,40,0,0
B10476,5,M-1,19978,14355,25293,48,0,0
B10477,0,M-6,31182,14110,16170,35,0,0
B10477,1,M-5,31366,24783,4153,61,0,0
B10477,2,M-4,31862,18662,7176,74,0,0
B10477,3,M-3,35326,27480,6560,49,0,0
B10477,4,M-2,35763,27410,16409,37,0,0
B10477,5,M-1,34765,21428,12832,32,0,0
B10478,0,M-6,31273,26463,36293,35,0,0
B10478,1,M-5,35540,21606,23249,84,0,0
B10478,2,M-4,34312,31054,42995,63,0,0
B10478,3,M-3,36041,23445,34587,81,0,0
B10478,4,M-2,32781,30663,16923,87,0,0
B10478,5,M-1,33739,19536,34356,32,0,0
B10479,0,M-6,36988,28956,46697,85,0,0
B10479,1,M-5,39152,23310,10395,50,0,0
B10479,2,M-4,32700,29338,25867,78,0,0
B10479,3,M-3,33076,19695,10048,81,0,0
B10479,4,M-2,33199,27594,12539,87,0,0
B10479,5,M-1,36424,31733,45900,41,0,0
B10480,0,M-6,104472,74689,10990,57,0,0
B10480,1,M-5,106028,73093,37305,59,0,0
B10480,2,M-4,107810,74343,23971,73,0,0
B10480,3,M-3,98712,63679,42633,39,0,0
B10480,4,M-2,99841,48649,38761,66,0,0
B10480,5,M-1,123338,83075,30988,79,0,0
B10481,0,M-6,39648,19096,9284,42,0,0
B10481,1,M-5,40744,28617,18251,66,0,0
B10481,2,M-4,41371,24137,15408,58,0,0
B10481,3,M-3,40803,27093,11841,59,0,0
B10481,4,M-2,39354,26747,10023,76,0,0
B10481,5,M-1,34259,16888,18839,78,0,0
B10482,0,M-6,33010,29824,37028,62,0,0
B10482,1,M-5,30882,26997,29955,56,0,0
B10482,2,M-4,32130,30006,26923,50,0,0
B10482,3,M-3,32193,17419,11331,63,0,0
B10482,4,M-2,30515,17127,31443,31,0,0
B10482,5,M-1,33283,28038,5842,62,0,0
B10483,0,M-6,47176,27378,18365,29,0,0
B10483,1,M-5,49054,31405,10918,63,0,0
B10483,2,M-4,52038,37489,10423,25,0,0
B10483,3,M-3,52706,28852,18899,82,0,0
B10483,4,M-2,58526,37474,7260,76,0,0
B10483,5,M-1,56420,38642,17321,50,0,0
B10484,0,M-6,86179,68618,27370,46,0,0
B10484,1,M-5,75461,49671,24106,72,0,0
B10484,2,M-4,87066,46970,10002,56,0,0
B10484,3,M-3,85120,67278,8417,86,0,0
B10484,4,M-2,84410,56627,15022,51,0,0
B10484,5,M-1,91586,59828,36778,83,0,0
B10485,0,M-6,52924,29269,9618,88,0,0
B10485,1,M-5,52154,40383,19566,83,0,0
B10485,2,M-4,61386,47416,25914,68,0,0
B10485,3,M-3,56446,41157,11720,61,0,0
B10485,4,M-2,54837,26923,14215,57,0,0
B10485,5,M-1,57744,40866,20532,27,0,0
B10486,0,M-6,40430,27503,5869,68,0,0
B10486,1,M-5,43137,24392,5161,40,0,0
B10486,2,M-4,43918,20094,21176,85,0,0
B10486,3,M-3,42479,26508,6083,53,0,0
B10486,4,M-2,45407,35521,13906,74,0,0
B10486,5,M-1,50790,29740,8309,75,0,0
B10487,0,M-6,41179,34911,12350,73,0,0
B10487,1,M-5,39384,34323,30934,61,0,0
B10487,2,M-4,40712,28022,17109,50,0,0
B10487,3,M-3,41345,35258,26397,41,0,0
B10487,4,M-2,41478,37853,28247,27,0,0
B10487,5,M-1,39454,34650,22800,61,0,0
B10488,0,M-6,21358,17057,12036,87,0,0
B10488,1,M-5,20072,11864,19748,75,0,0
B10488,2,M-4,22700,20181,10955,77,0,0
B10488,3,M-3,20956,13511,19474,56,0,0
B10488,4,M-2,25483,14871,22680,42,0,0
B10488,5,M-1,23351,14441,20553,55,0,0
B10489,0,M-6,27390,19812,10806,41,0,0
B10489,1,M-5,26248,12787,14439,61,0,0
B10489,2,M-4,25124,12288,5144,69,0,0
B10489,3,M-3,28026,12824,12612,55,0,0
B10489,4,M-2,25824,17110,6899,31,0,0
B10489,5,M-1,28270,16172,10020,59,0,0
B10490,0,M-6,49809,29958,17817,35,0,0
B10490,1,M-5,51884,40184,23130,61,0,0
B10490,2,M-4,48736,30147,24278,68,0,0
B10490,3,M-3,56430,31062,8784,57,0,0
B10490,4,M-2,51807,31909,15662,44,0,0
B10490,5,M-1,54197,39146,6522,40,0,0
B10491,0,M-6,88158,40234,10129,30,0,0
B10491,1,M-5,103444,63211,13206,29,0,0
B10491,2,M-4,96644,70702,18719,69,0,0
B10491,3,M-3,93005,74025,16121,48,0,0
B10491,4,M-2,93347,45263,32626,39,0,0
B10491,5,M-1,89176,41064,31206,49,0,0
B10492,0,M-6,54471,26827,69117,41,0,0
B10492,1,M-5,55938,26331,23801,55,0,0
B10492,2,M-4,49609,36143,62609,89,0,0
B10492,3,M-3,48251,29019,8716,83,0,0
B10492,4,M-2,54675,49828,52805,62,0,0
B10492,5,M-1,49233,45959,65358,84,0,0
B10493,0,M-6,23340,16903,28385,46,0,0
B10493,1,M-5,20825,12191,11223,83,0,0
B10493,2,M-4,24247,14293,6561,88,0,0
B10493,3,M-3,20897,10918,14735,76,0,0
B10493,4,M-2,19405,13960,23784,80,0,0
B10493,5,M-1,19168,16476,9314,68,0,0
B10494,0,M-6,27949,18557,20597,76,0,0
B10494,1,M-5,27354,18985,28131,64,0,0
B10494,2,M-4,25777,22266,23173,40,0,0
B10494,3,M-3,28075,14281,10378,86,0,0
B10494,4,M-2,28043,14737,16155,54,0,0
B10494,5,M-1,25699,16236,20674,39,0,0
B10495,0,M-6,62596,49382,17874,50,0,0
B10495,1,M-5,61668,31913,24967,28,0,0
B10495,2,M-4,59719,31962,25099,58,0,0
B10495,3,M-3,52233,26143,7013,34,0,0
B10495,4,M-2,52966,28950,6683,60,0,0
B10495,5,M-1,58849,26886,19516,26,0,0
B10496,0,M-6,31749,19348,7303,32,0,0
B10496,1,M-5,32450,22389,14495,45,0,0
B10496,2,M-4,36068,16861,15724,83,0,0
B10496,3,M-3,36016,28194,16597,46,0,0
B10496,4,M-2,36105,27657,10793,25,0,0
B10496,5,M-1,35177,21798,3907,35,0,0
B10497,0,M-6,82464,54765,10015,85,0,0
B10497,1,M-5,85252,43680,15557,28,0,0
B10497,2,M-4,89546,51797,15387,77,0,0
B10497,3,M-3,80073,40200,37016,80,0,0
B10497,4,M-2,75638,39469,37561,65,0,0
B10497,5,M-1,73955,41380,42469,29,0,0
B10498,0,M-6,10961,6633,14270,60,0,0
B10498,1,M-5,12027,7695,9919,55,0,0
B10498,2,M-4,13019,10105,7801,72,0,0
B10498,3,M-3,12237,8423,9771,52,0,0
B10498,4,M-2,12214,8020,1774,38,0,0
B10498,5,M-1,13702,7492,2259,61,0,0
B10499,0,M-6,38283,28798,4464,33,0,0
B10499,1,M-5,39714,28419,17862,72,0,0
B10499,2,M-4,40843,37047,22118,72,0,0
B10499,3,M-3,38578,27597,27891,62,0,0
B10499,4,M-2,44845,38081,18245,86,0,0
B10499,5,M-1,39709,22931,51126,45,0,0
B10500,0,M-6,40834,29495,26578,71,0,0
B10500,1,M-5,36758,28475,35011,51,0,0
B10500,2,M-4,37193,26554,45524,84,0,0
B10500,3,M-3,39282,23063,50096,41,0,0
B10500,4,M-2,35554,18043,26206,44,0,0
B10500,5,M-1,42690,22175,34165,70,0,0
B10501,0,M-6,25509,14040,24988,30,0,0
B10501,1,M-5,22982,19213,8156,34,0,0
B10501,2,M-4,22965,14533,24841,27,0,0
B10501,3,M-3,25752,13502,17312,81,0,0
B10501,4,M-2,26750,20553,3885,76,0,0
B10501,5,M-1,23178,17440,3881,83,0,0
B10502,0,M-6,75083,34377,17297,34,0,0
B10502,1,M-5,80265,47933,34580,40,0,0
B10502,2,M-4,84318,57018,33706,51,0,0
B10502,3,M-3,71641,43047,31144,48,0,0
B10502,4,M-2,80559,63690,17786,82,0,0
B10502,5,M-1,75981,41195,11039,51,0,0
B10503,0,M-6,30680,25880,35064,77,0,0
B10503,1,M-5,29603,24771,7275,76,0,0
B10503,2,M-4,31462,24034,35186,81,0,0
B10503,3,M-3,29534,22098,21020,43,0,0
B10503,4,M-2,36501,27624,9796,62,0,0
B10503,5,M-1,30955,23775,8423,33,0,0
B10504,0,M-6,18940,11445,6789,88,0,0
B10504,1,M-5,21511,13115,10061,57,0,0
B10504,2,M-4,22948,17023,25015,66,0,0
B10504,3,M-3,23733,16466,13242,26,0,0
B10504,4,M-2,22793,14485,21402,26,0,0
B10504,5,M-1,25908,13345,22096,37,0,0
B10505,0,M-6,23807,20248,27851,89,0,0
B10505,1,M-5,26481,16698,12526,39,0,0
B10505,2,M-4,26711,12964,22221,62,0,0
B10505,3,M-3,26001,12626,22759,66,0,0
B10505,4,M-2,26421,16242,14103,29,0,0
B10505,5,M-1,26701,22021,28716,49,0,0
B10506,0,M-6,13508,10476,6737,64,0,0
B10506,1,M-5,15758,13389,13773,61,0,0
B10506,2,M-4,16139,9809,15515,88,0,0
B10506,3,M-3,17293,13416,5190,42,0,0
B10506,4,M-2,16213,9549,21416,86,1,0
B10506,5,M-1,18820,9797,11708,86,0,0
B10507,0,M-6,54380,30896,14894,46,0,0
B10507,1,M-5,46926,33473,21289,40,0,0
B10507,2,M-4,47501,34400,24879,52,0,0
B10507,3,M-3,54521,26773,20775,66,0,0
B10507,4,M-2,56478,41977,23712,86,0,0
B10507,5,M-1,51146,38227,25013,39,0,0
B10508,0,M-6,32512,17120,36179,54,0,0
B10508,1,M-5,31691,29888,34618,59,0,0
B10508,2,M-4,31367,16891,45020,84,0,0
B10508,3,M-3,30634,24446,3773,75,0,0
B10508,4,M-2,30432,24544,6000,46,0,0
B10508,5,M-1,34335,21166,45083,26,0,0
B10509,0,M-6,22842,10964,12930,77,0,0
B10509,1,M-5,20491,10228,25537,65,0,0
B10509,2,M-4,24322,16958,19562,31,0,0
B10509,3,M-3,24178,18447,4561,88,0,0
B10509,4,M-2,21042,17776,18656,28,0,0
B10509,5,M-1,23177,20209,15333,69,0,0
B10510,0,M-6,22340,20835,14332,57,0,0
B10510,1,M-5,22403,21231,5155,62,0,0
B10510,2,M-4,22117,11460,31773,51,0,0
B10510,3,M-3,23079,21143,30888,88,0,0
B10510,4,M-2,24563,20288,26224,55,0,0
B10510,5,M-1,25362,18733,31405,35,0,0
B10511,0,M-6,23790,16929,38459,44,0,0
B10511,1,M-5,25467,19267,13209,55,0,0
B10511,2,M-4,27031,14316,16298,48,0,0
B10511,3,M-3,26004,17431,9173,37,0,0
B10511,4,M-2,28829,19486,30136,81,0,0
B10511,5,M-1,26335,20275,33809,86,0,0
B10512,0,M-6,44324,31727,12108,74,0,0
B10512,1,M-5,39680,21858,5979,65,0,0
B10512,2,M-4,45289,22832,6887,25,0,0
B10512,3,M-3,45751,31105,17009,75,0,0
B10512,4,M-2,44774,30751,17256,33,0,0
B10512,5,M-1,42680,30167,6114,58,0,0
B10513,0,M-6,80673,38894,39256,54,0,0
B10513,1,M-5,79458,56462,39880,38,0,0
B10513,2,M-4,84168,45078,41905,58,0,0
B10513,3,M-3,88822,50344,27693,57,0,0
B10513,4,M-2,87123,62681,15739,79,0,0
B10513,5,M-1,87405,42787,15362,53,0,0
B10514,0,M-6,39818,25505,6180,30,0,0
B10514,1,M-5,41045,30134,4956,39,0,0
B10514,2,M-4,46982,23055,10738,81,0,0
B10514,3,M-3,42102,24785,14519,61,0,0
B10514,4,M-2,41807,23849,6270,27,0,0
B10514,5,M-1,52112,38508,12828,67,0,0
B10515,0,M-6,59706,43797,25331,31,0,0
B10515,1,M-5,53440,26397,17803,53,0,0
B10515,2,M-4,50467,37985,17693,85,0,0
B10515,3,M-3,57372,31709,5290,45,0,0
B10515,4,M-2,54459,28348,17282,69,0,0
B10515,5,M-1,50919,27170,17206,39,0,0
B10516,0,M-6,88466,70250,28744,35,0,0
B10516,1,M-5,99642,60933,30675,77,0,0
B10516,2,M-4,87713,42361,22258,35,0,0
B10516,3,M-3,83373,56117,26553,86,0,0
B10516,4,M-2,96362,68097,32058,47,0,0
B10516,5,M-1,86385,61352,30760,79,0,0
B10517,0,M-6,43595,35089,48141,53,0,0
B10517,1,M-5,44994,24704,5383,44,0,0
B10517,2,M-4,49447,41643,5819,36,0,0
B10517,3,M-3,47334,28945,64411,67,0,0
B10517,4,M-2,47485,27413,11045,52,0,1
B10517,5,M-1,58226,42097,63874,47,0,0
B10518,0,M-6,43863,28644,21667,58,0,0
B10518,1,M-5,44239,22141,11354,46,0,0
B10518,2,M-4,50332,27069,14877,80,0,0
B10518,3,M-3,44852,25420,4990,37,0,0
B10518,4,M-2,49715,37493,15121,51,0,0
B10518,5,M-1,48133,23645,19344,32,0,0
B10519,0,M-6,8585,7302,5779,52,0,0
B10519,1,M-5,8783,7969,8276,61,0,0
B10519,2,M-4,8735,5717,2842,55,0,0
B10519,3,M-3,8907,5186,3600,74,0,0
B10519,4,M-2,9149,8059,8169,62,0,0
B10519,5,M-1,10936,6706,5689,45,0,0
B10520,0,M-6,19129,15783,18485,45,0,0
B10520,1,M-5,16835,15692,23022,76,0,0
B10520,2,M-4,17170,10347,22359,89,1,0
B10520,3,M-3,15798,7881,10804,59,0,0
B10520,4,M-2,17473,11397,7037,66,0,0
B10520,5,M-1,15368,11107,16526,82,0,0
B10521,0,M-6,53301,36196,15325,56,0,0
B10521,1,M-5,51246,26378,17099,61,0,0
B10521,2,M-4,60413,38921,8129,82,0,0
B10521,3,M-3,61290,37771,8969,70,0,0
B10521,4,M-2,59344,43525,24238,31,0,0
B10521,5,M-1,54054,30858,10757,62,0,0
B10522,0,M-6,7521,5034,7376,77,0,0
B10522,1,M-5,8033,7068,1689,53,0,0
B10522,2,M-4,8948,7746,8924,35,0,0
B10522,3,M-3,9261,7953,4844,60,0,1
B10522,4,M-2,7812,5765,4811,27,0,0
B10522,5,M-1,7964,6386,1606,34,0,0
B10523,0,M-6,35648,22087,15302,29,0,0
B10523,1,M-5,41254,37723,29062,70,0,0
B10523,2,M-4,37605,22789,46949,83,0,0
B10523,3,M-3,36054,27392,52530,27,0,0
B10523,4,M-2,35942,20972,4003,47,0,0
B10523,5,M-1,41905,29261,6855,32,0,0
B10524,0,M-6,14921,9437,11997,58,0,0
B10524,1,M-5,14658,7684,3222,25,0,0
B10524,2,M-4,17332,12093,17943,25,0,0
B10524,3,M-3,15979,7664,21008,89,0,0
B10524,4,M-2,16908,12033,15275,87,0,0
B10524,5,M-1,16701,7940,10474,75,0,0
B10525,0,M-6,33759,15803,8078,66,0,0
B10525,1,M-5,31795,29905,44323,59,0,0
B10525,2,M-4,32473,16322,38396,50,0,0
B10525,3,M-3,37144,33055,41217,64,0,0
B10525,4,M-2,37108,19633,35793,64,0,0
B10525,5,M-1,37451,28100,33409,44,0,0
B10526,0,M-6,43744,23255,50771,82,0,0
B10526,1,M-5,45942,27522,41352,72,0,0
B10526,2,M-4,44350,38594,34017,62,0,0
B10526,3,M-3,51874,29453,30236,56,0,0
B10526,4,M-2,49789,35373,59624,64,0,0
B10526,5,M-1,47781,35896,5525,74,0,0
B10527,0,M-6,36134,25361,10147,31,0,0
B10527,1,M-5,41090,28160,7766,77,0,0
B10527,2,M-4,41853,33264,10739,86,0,0
B10527,3,M-3,43918,34063,20850,56,0,0
B10527,4,M-2,43725,31509,17682,77,0,0
B10527,5,M-1,38393,30478,17145,29,0,0
B10528,0,M-6,57903,42732,14602,80,0,0
B10528,1,M-5,56700,31247,14591,59,0,0
B10528,2,M-4,62160,40997,6955,30,0,0
B10528,3,M-3,58488,30792,8189,83,0,0
B10528,4,M-2,59805,33202,28936,83,0,0
B10528,5,M-1,61443,34386,17034,58,0,0
B10529,0,M-6,51150,30382,19295,53,0,0
B10529,1,M-5,47978,22460,23408,86,0,0
B10529,2,M-4,53657,35745,19919,58,0,0
B10529,3,M-3,53245,40595,19383,78,0,0
B10529,4,M-2,58441,33246,22212,42,0,0
B10529,5,M-1,50939,34147,25312,52,0,0
B10530,0,M-6,47482,34061,21842,42,0,0
B10530,1,M-5,54012,26720,5636,45,0,0
B10530,2,M-4,52810,24895,26226,75,0,0
B10530,3,M-3,53843,28200,17451,85,0,0
B10530,4,M-2,47186,29032,15791,25,0,0
B10530,5,M-1,55974,38599,17596,80,0,0
B10531,0,M-6,27355,22649,28123,72,0,0
B10531,1,M-5,31335,25909,16527,52,0,0
B10531,2,M-4,31245,24667,17938,55,0,0
B10531,3,M-3,33522,30374,20715,86,0,0
B10531,4,M-2,33863,23832,17128,54,0,0
B10531,5,M-1,31618,26791,24849,27,0,0
B10532,0,M-6,17713,9168,18473,26,0,0
B10532,1,M-5,17038,15792,23224,74,0,0
B10532,2,M-4,16786,13021,3613,50,0,0
B10532,3,M-3,18311,13046,6065,46,0,0
B10532,4,M-2,19509,17899,3237,87,0,0
B10532,5,M-1,16988,14502,10926,49,0,0
B10533,0,M-6,28423,20032,6618,56,0,0
B10533,1,M-5,29368,14070,15283,78,0,0
B10533,2,M-4,31169,21838,10423,65,0,0
B10533,3,M-3,31948,24905,9739,60,0,0
B10533,4,M-2,33532,18780,5839,27,0,0
B10533,5,M-1,28980,16244,5799,42,0,0
B10534,0,M-6,51390,25027,17577,83,0,0
B10534,1,M-5,56376,42161,24210,89,0,0
B10534,2,M-4,54843,43379,25090,33,0,0
B10534,3,M-3,48312,37501,15837,78,0,0
B10534,4,M-2,48691,23150,15146,25,0,0
B10534,5,M-1,47346,28106,19306,42,0,0
B10535,0,M-6,20742,19337,18854,70,0,0
B10535,1,M-5,22155,16937,8439,77,0,0
B10535,2,M-4,21403,12748,12939,85,0,0
B10535,3,M-3,23495,20162,20912,84,0,0
B10535,4,M-2,22605,15082,17174,74,0,0
B10535,5,M-1,19681,15938,22169,50,0,0
B10536,0,M-6,31234,18183,8403,83,0,0
B10536,1,M-5,27744,20851,5340,58,0,0
B10536,2,M-4,27058,19455,13328,84,0,0
B10536,3,M-3,28443,16805,6301,41,0,0
B10536,4,M-2,26621,16101,13643,41,0,0
B10536,5,M-1,31171,19129,7218,36,0,0
B10537,0,M-6,58154,44080,22105,45,0,0
B10537,1,M-5,55260,38409,12608,51,0,0
B10537,2,M-4,57840,28026,18712,62,0,0
B10537,3,M-3,49390,33533,11354,75,0,0
B10537,4,M-2,56504,36663,19041,82,0,0
B10537,5,M-1,53093,39284,15820,67,0,0
B10538,0,M-6,58136,46320,7322,25,0,0
B10538,1,M-5,53763,35100,6872,81,0,0
B10538,2,M-4,64542,46402,18979,25,0,0
B10538,3,M-3,57651,25952,29355,54,0,0
B10538,4,M-2,57020,45059,27798,72,0,0
B10538,5,M-1,63409,45977,22573,65,0,0
B10539,0,M-6,22091,19277,6719,58,0,0
B10539,1,M-5,21464,13952,8717,58,0,0
B10539,2,M-4,23176,20714,4726,63,0,0
B10539,3,M-3,21954,20417,18838,48,0,0
B10539,4,M-2,20408,15676,19790,30,0,0
B10539,5,M-1,23522,17658,24886,88,0,0
B10540,0,M-6,29958,23780,16418,78,0,0
B10540,1,M-5,35681,16082,19788,67,0,0
B10540,2,M-4,32399,27221,21723,34,0,0
B10540,3,M-3,37615,22445,34334,69,0,0
B10540,4,M-2,39270,30992,3878,88,0,0
B10540,5,M-1,36983,27222,5547,83,1,0
B10541,0,M-6,40580,23718,13522,26,0,0
B10541,1,M-5,45718,32769,8849,87,0,0
B10541,2,M-4,41530,21128,11132,81,0,0
B10541,3,M-3,41637,20362,5045,28,0,0
B10541,4,M-2,40086,21703,15241,47,0,0
B10541,5,M-1,39146,21530,14909,47,0,0
B10542,0,M-6,86602,52262,45991,39,0,0
B10542,1,M-5,85920,61809,26614,89,0,0
B10542,2,M-4,84647,56930,37892,50,0,0
B10542,3,M-3,100793,64167,17078,57,0,0
B10542,4,M-2,87092,58451,12587,84,0,0
B10542,5,M-1,100825,73785,23392,87,0,0
B10543,0,M-6,17985,8595,17612,43,0,0
B10543,1,M-5,16498,11548,21192,74,0,0
B10543,2,M-4,18588,15901,11559,75,0,0
B10543,3,M-3,16158,14627,7673,33,0,0
B10543,4,M-2,17579,9679,12211,28,0,0
B10543,5,M-1,15356,10478,15156,87,0,0
B10544,0,M-6,27136,24376,4245,51,0,0
B10544,1,M-5,24226,12306,10497,26,0,0
B10544,2,M-4,26067,20281,34331,33,0,0
B10544,3,M-3,27456,21066,9479,28,0,0
B10544,4,M-2,29057,24001,17197,76,0,0
B10544,5,M-1,32864,25710,10263,48,0,0
B10545,0,M-6,18037,8452,13564,61,0,0
B10545,1,M-5,20712,10363,24761,49,0,0
B10545,2,M-4,18224,13593,22459,76,0,0
B10545,3,M-3,17473,10495,21307,79,0,0
B10545,4,M-2,20639,10877,12715,33,0,0
B10545,5,M-1,17334,9167,13070,80,0,0
B10546,0,M-6,24326,13289,9790,25,0,0
B10546,1,M-5,27354,18029,7840,83,0,0
B10546,2,M-4,26979,12657,8976,37,0,0
B10546,3,M-3,27178,21453,8218,79,0,0
B10546,4,M-2,28289,13412,12159,84,0,0
B10546,5,M-1,29366,15137,4830,45,0,0
B10547,0,M-6,55869,38664,9732,87,0,0
B10547,1,M-5,48889,28031,9735,47,0,0
B10547,2,M-4,54470,38379,25696,40,0,0
B10547,3,M-3,53460,32417,19480,62,0,0
B10547,4,M-2,54248,25924,25183,85,0,0
B10547,5,M-1,46430,24831,6151,66,0,0
B10548,0,M-6,11414,7549,7941,52,0,0
B10548,1,M-5,12680,5872,11856,62,0,0
B10548,2,M-4,11591,5502,6384,51,0,0
B10548,3,M-3,11962,6868,8205,42,0,0
B10548,4,M-2,12648,11019,6578,37,0,0
B10548,5,M-1,12181,5624,6500,80,0,0
B10549,0,M-6,34481,29987,19327,75,0,0
B10549,1,M-5,35777,26940,19713,33,0,0
B10549,2,M-4,34570,24359,20244,63,0,0
B10549,3,M-3,34559,20380,34823,78,0,0
B10549,4,M-2,40219,33769,7303,36,0,0
B10549,5,M-1,37298,18116,48296,44,0,0
B10550,0,M-6,39166,19815,25589,67,0,0
B10550,1,M-5,40617,24890,38603,86,0,0
B10550,2,M-4,43840,23822,21488,39,0,0
B10550,3,M-3,43144,20192,15087,83,0,0
B10550,4,M-2,37363,16942,12089,72,0,0
B10550,5,M-1,39751,37534,21667,72,0,0
B10551,0,M-6,26688,17263,19504,43,0,0
B10551,1,M-5,24735,12158,15595,86,0,0
B10551,2,M-4,26181,20166,8063,82,0,0
B10551,3,M-3,26907,15755,3647,52,0,0
B10551,4,M-2,29685,22524,11776,50,0,0
B10551,5,M-1,30523,14753,21621,58,0,0
B10552,0,M-6,41063,23457,9998,70,0,0
B10552,1,M-5,40585,25269,4033,71,0,0
B10552,2,M-4,37897,24032,4312,27,0,0
B10552,3,M-3,41172,19229,13387,60,0,0
B10552,4,M-2,34700,23214,6812,28,0,0
B10552,5,M-1,39351,28198,16834,47,0,0
B10553,0,M-6,76345,58221,23643,28,0,0
B10553,1,M-5,71574,52831,17476,83,0,0
B10553,2,M-4,77165,36315,18313,43,0,0
B10553,3,M-3,69643,52066,30748,55,0,0
B10553,4,M-2,68577,35741,28365,86,0,0
B10553,5,M-1,75715,40653,24745,88,0,0
B10554,0,M-6,42938,23188,38539,80,0,0
B10554,1,M-5,39671,32154,35093,83,0,0
B10554,2,M-4,41484,30859,24397,57,0,0
B10554,3,M-3,38505,22144,55949,62,0,0
B10554,4,M-2,36547,19954,35107,88,0,0
B10554,5,M-1,37062,32926,55177,59,0,0
B10555,0,M-6,54920,27791,12495,72,0,0
B10555,1,M-5,59091,34048,8490,62,0,0
B10555,2,M-4,56236,31795,21234,84,0,0
B10555,3,M-3,57390,31863,12141,46,0,0
B10555,4,M-2,58445,44328,17847,37,0,0
B10555,5,M-1,61013,31694,11231,88,0,0
B10556,0,M-6,22619,16131,5927,78,0,0
B10556,1,M-5,23453,20241,3856,71,0,0
B10556,2,M-4,20512,14444,14809,81,0,0
B10556,3,M-3,21281,9944,11238,88,0,0
B10556,4,M-2,20728,17572,26197,66,0,0
B10556,5,M-1,22343,18020,20603,50,0,0
B10557,0,M-6,59685,43719,22162,56,0,0
B10557,1,M-5,63044,34122,10549,44,0,0
B10557,2,M-4,72886,52235,14643,32,0,0
B10557,3,M-3,63846,34821,30984,75,0,0
B10557,4,M-2,70190,50792,18352,48,0,0
B10557,5,M-1,75951,54687,33347,36,0,0
B10558,0,M-6,24190,13603,5820,62,0,0
B10558,1,M-5,23602,16122,22168,60,0,0
B10558,2,M-4,21714,19247,7085,43,0,0
B10558,3,M-3,20853,18736,23637,78,0,0
B10558,4,M-2,22379,10154,21668,58,0,0
B10558,5,M-1,21541,17492,19683,71,0,0
B10559,0,M-6,34681,23243,5912,41,0,0
B10559,1,M-5,33048,26151,16152,52,0,0
B10559,2,M-4,30137,20807,4832,79,0,0
B10559,3,M-3,29992,16306,12549,48,0,0
B10559,4,M-2,32845,18620,10784,69,0,0
B10559,5,M-1,29678,16632,5501,57,0,0
B10560,0,M-6,7582,4520,6923,64,0,0
B10560,1,M-5,8267,6874,8668,55,0,0
B10560,2,M-4,7587,6081,5793,48,0,0
B10560,3,M-3,8359,6794,4645,37,0,0
B10560,4,M-2,7804,7019,9137,39,0,0
B10560,5,M-1,8537,5499,10310,37,0,0
B10561,0,M-6,64836,42509,26820,63,0,0
B10561,1,M-5,68101,31621,15508,25,0,0
B10561,2,M-4,64997,47000,30724,65,0,0
B10561,3,M-3,67426,41907,16929,53,0,0
B10561,4,M-2,66989,31573,21996,50,0,0
B10561,5,M-1,54508,29059,14037,87,0,0
B10562,0,M-6,7092,5537,11096,52,0,0
B10562,1,M-5,7139,4255,7128,48,0,0
B10562,2,M-4,7979,4371,3574,64,0,0
B10562,3,M-3,7497,3594,9643,51,0,0
B10562,4,M-2,9216,5860,4282,77,0,0
B10562,5,M-1,9828,8310,4532,36,0,0
B10563,0,M-6,23181,18277,19277,89,0,0
B10563,1,M-5,21387,19373,19554,66,0,0
B10563,2,M-4,22341,18887,21738,78,0,0
B10563,3,M-3,22870,12484,3190,54,0,0
B10563,4,M-2,21579,10601,4079,87,0,0
B10563,5,M-1,24528,16060,22808,44,0,0
B10564,0,M-6,54869,34221,16072,32,0,0
B10564,1,M-5,61129,34096,28767,35,0,0
B10564,2,M-4,58627,27158,15480,47,0,0
B10564,3,M-3,57731,44799,15600,29,0,0
B10564,4,M-2,49916,36750,15638,71,0,0
B10564,5,M-1,50918,24482,22473,66,0,0
B10565,0,M-6,43009,33767,12441,54,0,0
B10565,1,M-5,51825,32553,22552,81,0,0
B10565,2,M-4,48307,27422,16630,63,0,0
B10565,3,M-3,53089,38570,8659,52,0,0
B10565,4,M-2,49531,27792,8042,56,0,0
B10565,5,M-1,49500,27567,10671,59,0,0
B10566,0,M-6,35559,25218,11047,50,0,0
B10566,1,M-5,38384,23628,11323,87,0,0
B10566,2,M-4,37556,26047,8170,68,0,0
B10566,3,M-3,33337,24100,4453,38,0,0
B10566,4,M-2,29799,18081,9296,43,0,0
B10566,5,M-1,33016,20077,12911,70,0,0
B10567,0,M-6,33240,25714,47679,58,0,0
B10567,1,M-5,31840,20733,9753,51,0,0
B10567,2,M-4,32367,28168,19578,58,0,0
B10567,3,M-3,35399,20984,21339,62,0,0
B10567,4,M-2,31251,15144,16859,67,0,0
B10567,5,M-1,32481,28653,28064,26,0,0
B10568,0,M-6,73652,52928,28404,47,0,0
B10568,1,M-5,78177,47678,34008,72,0,0
B10568,2,M-4,82869,58150,23361,53,0,0
B10568,3,M-3,75888,42350,28628,46,0,0
B10568,4,M-2,80424,64086,10334,37,0,0
B10568,5,M-1,92268,49988,12911,36,0,0
B10569,0,M-6,36020,30423,6037,72,0,0
B10569,1,M-5,34594,21576,21015,61,0,0
B10569,2,M-4,38000,19257,35377,88,0,0
B10569,3,M-3,38011,26985,15497,47,0,0
B10569,4,M-2,33092,19029,43633,29,0,0
B10569,5,M-1,37895,17569,4886,82,0,0
B10570,0,M-6,17189,15518,18123,58,0,0
B10570,1,M-5,14794,7129,6118,67,0,0
B10570,2,M-4,15214,13953,4905,38,0,0
B10570,3,M-3,15627,14250,5207,38,0,0
B10570,4,M-2,16788,7926,7842,59,0,0
B10570,5,M-1,15467,12010,15236,42,0,0
B10571,0,M-6,34651,27609,9730,44,0,0
B10571,1,M-5,37765,28759,16872,30,0,0
B10571,2,M-4,36560,28115,8572,50,0,0
B10571,3,M-3,33985,25541,13880,56,0,0
B10571,4,M-2,32802,16085,15999,58,0,0
B10571,5,M-1,33103,18924,14453,69,0,0
B10572,0,M-6,33453,24556,11547,48,0,0
B10572,1,M-5,37475,25939,14290,26,0,0
B10572,2,M-4,36269,16394,6373,27,0,0
B10572,3,M-3,39216,23859,5298,34,0,0
B10572,4,M-2,33392,24429,8468,78,0,0
B10572,5,M-1,36057,23403,13028,66,0,0
B10573,0,M-6,89165,52369,38257,37,0,0
B10573,1,M-5,89936,58310,39716,41,0,0
B10573,2,M-4,76193,53078,22117,77,0,0
B10573,3,M-3,90101,65186,23058,60,0,0
B10573,4,M-2,75970,59689,37165,75,0,0
B10573,5,M-1,86572,45767,28513,52,0,0
B10574,0,M-6,35351,19392,34222,88,0,0
B10574,1,M-5,32861,16490,22384,52,0,0
B10574,2,M-4,32117,21967,38024,71,0,0
B10574,3,M-3,33671,18201,7944,37,0,0
B10574,4,M-2,34358,32074,8349,71,0,0
B10574,5,M-1,36942,25482,47490,31,0,0
B10575,0,M-6,8397,6826,4346,60,1,0
B10575,1,M-5,7525,6883,10484,47,0,0
B10575,2,M-4,7689,5600,6758,69,0,0
B10575,3,M-3,7695,5634,7502,88,0,0
B10575,4,M-2,8282,4456,10591,63,0,0
B10575,5,M-1,7930,7217,4151,72,0,0
B10576,0,M-6,89355,40656,35218,32,0,0
B10576,1,M-5,86924,58532,20345,82,0,0
B10576,2,M-4,80847,45857,35907,41,0,0
B10576,3,M-3,87051,52410,18649,40,0,0
B10576,4,M-2,87100,66710,17858,39,0,0
B10576,5,M-1,87467,43208,21513,46,0,0
B10577,0,M-6,47743,31629,37413,64,0,0
B10577,1,M-5,45578,35490,39663,59,0,0
B10577,2,M-4,43687,37180,39653,72,0,0
B10577,3,M-3,48604,34521,23328,65,0,0
B10577,4,M-2,43692,32341,45109,74,0,0
B10577,5,M-1,45922,25701,22571,61,0,0
B10578,0,M-6,22352,11614,19613,78,0,0
B10578,1,M-5,20375,16300,20517,25,0,0
B10578,2,M-4,22718,14266,4160,72,0,0
B10578,3,M-3,21589,12486,22178,79,0,0
B10578,4,M-2,21141,15562,23177,89,0,0
B10578,5,M-1,21927,12506,17147,70,0,0
B10579,0,M-6,9412,8829,9176,59,0,0
B10579,1,M-5,9316,5976,1225,53,0,0
B10579,2,M-4,9537,5078,3875,59,0,0
B10579,3,M-3,9945,9405,9702,32,0,0
B10579,4,M-2,9376,7996,1361,77,0,0
B10579,5,M-1,11132,5868,12371,84,0,0
B10580,0,M-6,38995,21841,46590,36,0,0
B10580,1,M-5,37422,35296,41932,86,0,0
B10580,2,M-4,35943,28213,43759,69,0,0
B10580,3,M-3,37202,24018,32381,70,0,0
B10580,4,M-2,33912,24711,29207,72,0,0
B10580,5,M-1,36644,16988,3672,84,0,0
B10581,0,M-6,32544,22108,6002,70,0,0
B10581,1,M-5,32494,16423,4596,50,0,0
B10581,2,M-4,30967,19707,11197,32,0,0
B10581,3,M-3,29901,16445,5336,80,0,0
B10581,4,M-2,30871,17829,14830,47,0,0
B10581,5,M-1,31274,20888,8030,50,0,0
B10582,0,M-6,30967,15731,6749,87,0,0
B10582,1,M-5,32209,18520,14464,60,0,0
B10582,2,M-4,34075,18905,8528,79,0,0
B10582,3,M-3,33505,22442,6196,70,0,0
B10582,4,M-2,34346,17662,8184,71,0,0
B10582,5,M-1,29741,14864,9414,25,0,0
B10583,0,M-6,33836,20833,13923,30,0,0
B10583,1,M-5,37516,24384,4406,60,0,0
B10583,2,M-4,34793,19334,12359,41,0,0
B10583,3,M-3,32377,15471,17130,52,0,0
B10583,4,M-2,34038,25451,12200,64,0,0
B10583,5,M-1,33822,25523,8455,25,0,0
B10584,0,M-6,38183,32766,12919,60,0,0
B10584,1,M-5,38827,28278,23724,64,0,0
B10584,2,M-4,40682,34271,34531,48,0,0
B10584,3,M-3,41074,28431,42274,70,0,0
B10584,4,M-2,38598,33707,50020,52,0,1
B10584,5,M-1,40988,20707,23449,61,0,0
B10585,0,M-6,42347,32473,5051,55,0,0
B10585,1,M-5,48221,23358,14235,56,0,0
B10585,2,M-4,46411,24783,19162,56,0,0
B10585,3,M-3,47946,32415,21009,72,0,0
B10585,4,M-2,42000,32829,8134,28,0,0
B10585,5,M-1,44460,22212,21731,44,0,0
B10586,0,M-6,58305,38750,23654,56,0,0
B10586,1,M-5,52559,30421,10803,36,0,0
B10586,2,M-4,48164,37740,5197,28,0,0
B10586,3,M-3,47991,30232,24007,78,0,0
B10586,4,M-2,48112,29347,20593,49,0,0
B10586,5,M-1,47330,31846,11810,78,0,0
B10587,0,M-6,24417,11821,13182,45,0,0
B10587,1,M-5,24907,19967,21006,58,0,0
B10587,2,M-4,27196,17595,16269,81,0,0
B10587,3,M-3,28850,21787,34692,41,0,0
B10587,4,M-2,29880,20552,22665,35,0,0
B10587,5,M-1,26270,19649,10734,53,0,0
B10588,0,M-6,22082,18610,26584,86,0,0
B10588,1,M-5,19029,9397,17292,77,0,0
B10588,2,M-4,21472,13630,4498,28,0,0
B10588,3,M-3,20410,16993,16283,69,0,0
B10588,4,M-2,20326,16362,4326,32,1,0
B10588,5,M-1,18591,17236,17717,36,0,0
B10589,0,M-6,19836,18195,28093,28,0,0
B10589,1,M-5,18980,9599,28214,79,0,0
B10589,2,M-4,20660,14160,6345,43,0,0
B10589,3,M-3,20903,13168,28487,53,0,1
B10589,4,M-2,20844,15930,4076,34,0,0
B10589,5,M-1,22510,12499,4418,75,0,0
B10590,0,M-6,18045,12823,2854,81,0,0
B10590,1,M-5,19843,16074,3419,49,0,0
B10590,2,M-4,17672,8170,3006,75,0,0
B10590,3,M-3,19818,14437,26629,68,0,0
B10590,4,M-2,18301,17348,17215,46,0,0
B10590,5,M-1,21523,18311,10909,78,0,0
B10591,0,M-6,42612,31160,15391,84,0,0
B10591,1,M-5,38303,18691,5229,47,0,0
B10591,2,M-4,44150,23492,20009,64,0,0
B10591,3,M-3,39383,18989,18035,66,0,0
B10591,4,M-2,46601,26156,18732,41,0,0
B10591,5,M-1,39965,18305,17489,38,0,0
B10592,0,M-6,17067,11128,10994,68,0,0
B10592,1,M-5,18049,13495,9589,31,0,0
B10592,2,M-4,17836,13399,6379,83,0,0
B10592,3,M-3,14969,8857,11916,66,0,0
B10592,4,M-2,16230,12310,4927,46,0,0
B10592,5,M-1,14617,13153,2071,25,0,0
B10593,0,M-6,75672,52540,22915,88,0,0
B10593,1,M-5,70864,42210,25924,34,0,0
B10593,2,M-4,75418,38409,17665,85,0,0
B10593,3,M-3,72182,32892,20513,64,0,0
B10593,4,M-2,82042,49626,17114,25,0,0
B10593,5,M-1,83566,39215,24109,33,0,0
B10594,0,M-6,63102,49818,24608,46,0,0
B10594,1,M-5,70574,34761,20390,32,0,0
B10594,2,M-4,75006,46476,32739,35,0,1
B10594,3,M-3,67742,50727,30368,63,0,0
B10594,4,M-2,68269,31582,11924,42,0,0
B10594,5,M-1,74995,57399,9773,58,0,0
B10595,0,M-6,13845,9223,1873,62,0,0
B10595,1,M-5,13811,8918,9105,79,0,0
B10595,2,M-4,12938,8270,12283,86,0,0
B10595,3,M-3,14113,12341,17696,45,0,0
B10595,4,M-2,13545,6570,18306,27,0,0
B10595,5,M-1,13718,9553,18362,44,0,0
B10596,0,M-6,53133,29624,68717,44,0,0
B10596,1,M-5,53374,43319,19194,50,0,0
B10596,2,M-4,49513,26289,13613,74,0,0
B10596,3,M-3,50810,41519,32002,48,0,0
B10596,4,M-2,50127,31795,44313,66,0,0
B10596,5,M-1,52414,49091,68558,79,0,0
B10597,0,M-6,23072,19035,23167,46,0,0
B10597,1,M-5,24222,12669,22120,65,0,0
B10597,2,M-4,23652,20509,18523,49,0,0
B10597,3,M-3,21511,11454,14451,53,0,0
B10597,4,M-2,23448,18699,5448,45,0,0
B10597,5,M-1,20041,9634,12797,80,0,0
B10598,0,M-6,29819,14693,3051,44,0,0
B10598,1,M-5,31091,18338,4228,78,0,0
B10598,2,M-4,29710,18847,12351,49,0,0
B10598,3,M-3,29593,21978,3309,47,0,0
B10598,4,M-2,29707,19049,7460,33,0,0
B10598,5,M-1,29245,19246,12932,38,0,0
B10599,0,M-6,93436,64312,11331,28,0,0
B10599,1,M-5,86723,63942,26764,75,0,0
B10599,2,M-4,97178,54981,13884,84,0,0
B10599,3,M-3,82442,49349,18010,68,0,0
B10599,4,M-2,81338,40151,11284,35,0,0
B10599,5,M-1,87984,58574,40164,52,0,0
B10600,0,M-6,40825,20438,14700,52,0,0
B10600,1,M-5,37717,18204,15283,29,0,0
B10600,2,M-4,39193,28773,16968,58,0,0
B10600,3,M-3,39980,27059,8747,43,0,0
B10600,4,M-2,39825,21698,18977,37,0,0
B10600,5,M-1,37940,25647,16694,77,0,0
B10601,0,M-6,12122,7103,15341,79,0,0
B10601,1,M-5,12923,8633,7360,79,0,0
B10601,2,M-4,14045,11851,9489,25,0,0
B10601,3,M-3,16562,12026,15586,25,0,0
B10601,4,M-2,16244,8168,14479,59,0,0
B10601,5,M-1,17188,12826,16087,62,0,0
B10602,0,M-6,28025,23843,19512,41,0,0
B10602,1,M-5,31861,24839,6488,80,0,0
B10602,2,M-4,36463,22251,38613,52,0,0
B10602,3,M-3,37852,19120,13551,32,0,0
B10602,4,M-2,35369,17607,18909,59,0,0
B10602,5,M-1,37422,20061,7902,72,0,0
B10603,0,M-6,43509,37762,55536,75,0,0
B10603,1,M-5,38832,34249,9127,52,0,0
B10603,2,M-4,42991,37123,11799,72,0,0
B10603,3,M-3,44466,33812,29042,79,0,0
B10603,4,M-2,39364,32760,57043,75,0,0
B10603,5,M-1,43331,37221,39395,81,0,0
B10604,0,M-6,48445,35873,10285,43,0,1
B10604,1,M-5,50425,34241,65863,79,0,0
B10604,2,M-4,49277,38123,43686,85,0,0
B10604,3,M-3,51677,46714,16094,39,0,0
B10604,4,M-2,53678,45708,10991,60,0,0
B10604,5,M-1,53657,47104,54406,84,0,0
B10605,0,M-6,46915,41224,26087,66,0,0
B10605,1,M-5,44728,21654,22636,39,0,0
B10605,2,M-4,48734,30324,17360,68,0,0
B10605,3,M-3,45586,24871,60525,61,0,0
B10605,4,M-2,48455,35769,41959,81,0,0
B10605,5,M-1,43037,39373,16150,89,0,0
B10606,0,M-6,17987,14276,20072,72,0,0
B10606,1,M-5,18517,11939,4268,83,0,0
B10606,2,M-4,20190,18917,10748,64,0,0
B10606,3,M-3,19023,13140,9591,56,0,0
B10606,4,M-2,21372,12999,20824,83,0,0
B10606,5,M-1,19234,13536,6511,75,0,0
B10607,0,M-6,22816,17137,8930,36,0,0
B10607,1,M-5,21849,16183,8053,60,0,0
B10607,2,M-4,26552,18603,3388,69,0,0
B10607,3,M-3,25537,16243,35187,76,0,0
B10607,4,M-2,27103,22850,12020,56,0,0
B10607,5,M-1,29272,18829,13254,25,0,0
B10608,0,M-6,42315,30726,7825,76,0,0
B10608,1,M-5,42920,23006,7360,37,0,0
B10608,2,M-4,40814,24503,12589,60,0,0
B10608,3,M-3,44241,27991,17189,34,0,0
B10608,4,M-2,42378,33303,7603,81,0,0
B10608,5,M-1,42209,26950,19173,49,0,0
B10609,0,M-6,14142,7888,14926,27,0,0
B10609,1,M-5,16849,15792,5760,32,0,0
B10609,2,M-4,19395,11071,9456,61,0,0
B10609,3,M-3,20013,10885,11326,59,0,0
B10609,4,M-2,20655,15550,18325,78,0,0
B10609,5,M-1,24320,11930,5785,44,0,0
B10610,0,M-6,31337,16620,35860,44,0,0
B10610,1,M-5,36965,30135,7477,89,0,0
B10610,2,M-4,37614,21383,5142,34,0,0
B10610,3,M-3,31611,21499,20382,28,0,0
B10610,4,M-2,37926,33040,40827,88,0,0
B10610,5,M-1,36695,30530,35639,70,0,0
B10611,0,M-6,44423,40251,34184,47,0,0
B10611,1,M-5,47461,39484,41290,71,0,0
B10611,2,M-4,41499,27625,54724,51,0,0
B10611,3,M-3,42392,35721,54148,58,0,0
B10611,4,M-2,45799,21549,54093,67,0,0
B10611,5,M-1,41916,36203,64777,69,0,0
B10612,0,M-6,16973,7951,10432,34,0,0
B10612,1,M-5,15147,12768,17612,79,0,0
B10612,2,M-4,16227,7357,15902,45,0,0
B10612,3,M-3,16853,14928,9590,80,0,0
B10612,4,M-2,15115,13525,18780,75,0,0
B10612,5,M-1,15247,9412,10825,65,0,0
B10613,0,M-6,34143,17984,17277,41,0,0
B10613,1,M-5,39346,31240,7705,89,0,0
B10613,2,M-4,38889,19712,11569,84,0,0
B10613,3,M-3,43814,22895,9931,77,0,0
B10613,4,M-2,44851,23019,10822,66,0,0
B10613,5,M-1,46942,27973,10204,83,0,0
B10614,0,M-6,45030,31059,8629,85,0,0
B10614,1,M-5,42565,25614,15694,82,0,0
B10614,2,M-4,44321,20651,16763,42,0,0
B10614,3,M-3,47716,34791,8871,77,0,0
B10614,4,M-2,41140,24674,7981,52,0,0
B10614,5,M-1,43301,32311,15867,32,0,0
B10615,0,M-6,29847,22470,5914,55,0,0
B10615,1,M-5,31975,19088,13225,47,0,0
B10615,2,M-4,30743,19054,10913,80,0,0
B10615,3,M-3,31256,19609,6546,43,0,0
B10615,4,M-2,29976,14794,10040,63,0,0
B10615,5,M-1,30927,17308,11089,86,0,0
B10616,0,M-6,78753,59065,30332,46,0,0
B10616,1,M-5,86455,55324,37262,49,0,0
B10616,2,M-4,73959,55856,14294,50,0,0
B10616,3,M-3,84762,63208,25822,59,0,0
B10616,4,M-2,76483,48350,38185,49,0,0
B10616,5,M-1,80882,51386,37266,71,0,0
B10617,0,M-6,52417,39890,21688,79,0,0
B10617,1,M-5,49000,33661,12702,64,0,0
B10617,2,M-4,54119,27101,6582,49,0,0
B10617,3,M-3,51439,23606,17277,70,0,0
B10617,4,M-2,53936,29090,5557,45,0,0
B10617,5,M-1,56582,39309,7758,80,0,0
B10618,0,M-6,50757,30907,9947,72,0,0
B10618,1,M-5,48024,23756,6947,39,0,0
B10618,2,M-4,55270,38409,16554,48,0,0
B10618,3,M-3,49575,35791,22376,36,0,0
B10618,4,M-2,50619,35838,10040,76,0,0
B10618,5,M-1,50570,36482,12570,75,0,0
B10619,0,M-6,62929,30492,27870,85,0,0
B10619,1,M-5,56398,29932,8706,73,0,0
B10619,2,M-4,59530,29160,11684,38,0,0
B10619,3,M-3,55744,31642,6508,45,0,0
B10619,4,M-2,59023,34674,18037,53,0,0
B10619,5,M-1,55163,40458,23088,87,0,0
B10620,0,M-6,21418,11965,21093,32,0,0
B10620,1,M-5,23631,18268,33797,65,0,0
B10620,2,M-4,24569,22972,34648,54,0,0
B10620,3,M-3,27358,14682,36472,30,0,0
B10620,4,M-2,31505,14316,7677,30,0,0
B10620,5,M-1,31589,22024,34705,58,0,0
B10621,0,M-6,78271,62306,35056,44,0,0
B10621,1,M-5,73538,37239,10973,61,0,0
B10621,2,M-4,82209,41801,11023,47,0,0
B10621,3,M-3,84527,65643,21430,52,0,0
B10621,4,M-2,81667,58510,31572,83,0,0
B10621,5,M-1,73809,34364,16390,67,0,0
B10622,0,M-6,48501,31130,16469,35,0,0
B10622,1,M-5,46286,36696,13073,32,0,0
B10622,2,M-4,46119,23329,20965,27,0,0
B10622,3,M-3,51715,23301,5319,74,0,0
B10622,4,M-2,48736,33973,17675,68,0,0
B10622,5,M-1,47948,36912,22285,69,0,0
B10623,0,M-6,31668,19178,28214,41,0,0
B10623,1,M-5,31015,19865,18343,80,0,0
B10623,2,M-4,34533,23001,7209,51,0,0
B10623,3,M-3,33794,30532,11922,30,0,0
B10623,4,M-2,38604,23641,11397,74,0,0
B10623,5,M-1,34090,17714,17579,39,0,0
B10624,0,M-6,83054,58605,15443,81,0,0
B10624,1,M-5,86181,46669,19883,43,0,0
B10624,2,M-4,79930,47667,31693,74,0,0
B10624,3,M-3,86312,51936,32090,50,0,0
B10624,4,M-2,89355,69201,22463,58,0,0
B10624,5,M-1,93519,42240,36637,69,0,0
B10625,0,M-6,41596,23595,20599,52,0,0
B10625,1,M-5,37500,17595,17304,75,0,0
B10625,2,M-4,40057,28519,13296,79,0,0
B10625,3,M-3,44106,31602,5829,36,0,0
B10625,4,M-2,39413,20668,19626,67,0,0
B10625,5,M-1,46277,34969,15886,87,0,0
B10626,0,M-6,10344,6631,1741,68,0,0
B10626,1,M-5,10416,7588,4622,61,0,0
B10626,2,M-4,9541,7097,9596,34,0,0
B10626,3,M-3,8504,6336,1920,38,0,0
B10626,4,M-2,9352,6629,3870,67,0,0
B10626,5,M-1,8831,8388,12000,62,0,0
B10627,0,M-6,52146,28352,19610,33,0,0
B10627,1,M-5,57815,42126,9318,47,0,0
B10627,2,M-4,55700,29632,15042,29,0,0
B10627,3,M-3,54917,32619,20999,43,0,0
B10627,4,M-2,50437,37217,10621,56,0,0
B10627,5,M-1,53669,27356,23495,28,0,0
B10628,0,M-6,83394,65383,16878,57,0,0
B10628,1,M-5,96661,68775,21050,30,0,0
B10628,2,M-4,93003,66683,34020,55,0,0
B10628,3,M-3,100067,79699,28324,37,0,0
B10628,4,M-2,92219,71890,16386,70,0,0
B10628,5,M-1,96351,71638,14877,65,0,0
B10629,0,M-6,27921,18470,5388,43,0,0
B10629,1,M-5,29899,14038,7012,34,0,0
B10629,2,M-4,30253,18892,8045,30,0,0
B10629,3,M-3,26518,17230,12482,67,0,0
B10629,4,M-2,27720,12723,13823,29,0,0
B10629,5,M-1,25651,17477,5911,69,0,0
B10630,0,M-6,15197,8792,4423,66,0,0
B10630,1,M-5,17435,12752,7457,36,0,0
B10630,2,M-4,17387,9887,3913,52,0,0
B10630,3,M-3,16369,11442,7664,89,0,0
B10630,4,M-2,16207,9263,7067,76,0,0
B10630,5,M-1,17377,9390,1954,58,0,0
B10631,0,M-6,93795,70399,38312,74,0,0
B10631,1,M-5,101364,63932,16510,58,0,0
B10631,2,M-4,98515,62628,29478,49,0,0
B10631,3,M-3,87773,67434,24777,51,0,0
B10631,4,M-2,81930,64213,34361,55,0,0
B10631,5,M-1,77758,59952,26381,37,0,0
B10632,0,M-6,53531,38087,17605,74,0,0
B10632,1,M-5,45971,35125,5899,50,0,0
B10632,2,M-4,49738,31660,20735,37,0,0
B10632,3,M-3,51611,31174,22179,39,0,0
B10632,4,M-2,56346,34852,10557,28,0,0
B10632,5,M-1,57808,26246,12295,75,0,0
B10633,0,M-6,31100,22748,15834,44,0,0
B10633,1,M-5,32631,19554,17046,74,0,0
B10633,2,M-4,38298,17787,18055,72,0,0
B10633,3,M-3,41293,25763,10666,77,0,0
B10633,4,M-2,42764,22048,6454,54,0,0
B10633,5,M-1,41186,21112,18266,38,0,0
B10634,0,M-6,27489,16018,22383,33,0,0
B10634,1,M-5,27591,21637,37467,30,0,0
B10634,2,M-4,25612,13877,21772,88,0,0
B10634,3,M-3,24555,12374,22841,56,0,0
B10634,4,M-2,25183,14601,25618,42,0,0
B10634,5,M-1,25688,17705,20456,44,0,0
B10635,0,M-6,51942,40112,10552,79,0,0
B10635,1,M-5,52987,38372,7388,25,0,0
B10635,2,M-4,53416,30579,10205,51,0,0
B10635,3,M-3,46745,37326,22318,46,0,0
B10635,4,M-2,54325,27583,13365,30,0,0
B10635,5,M-1,49225,39292,25293,49,0,0
B10636,0,M-6,22794,12609,20186,75,0,0
B10636,1,M-5,24139,17024,25717,52,0,0
B10636,2,M-4,22952,20665,8218,28,0,0
B10636,3,M-3,22068,20024,14473,64,1,0
B10636,4,M-2,23358,17098,32517,72,0,0
B10636,5,M-1,25652,16412,31053,26,0,0
B10637,0,M-6,69784,32532,14197,87,0,0
B10637,1,M-5,75909,46801,17898,81,0,0
B10637,2,M-4,77473,42643,13692,55,0,0
B10637,3,M-3,73899,47013,22407,89,0,0
B10637,4,M-2,73653,53159,35568,89,0,0
B10637,5,M-1,72750,57802,26492,68,0,0
B10638,0,M-6,9565,4797,11432,49,0,0
B10638,1,M-5,10133,9601,10942,79,0,0
B10638,2,M-4,9044,7117,2587,35,0,0
B10638,3,M-3,10138,6171,10004,52,0,0
B10638,4,M-2,9002,8307,13013,59,0,0
B10638,5,M-1,9227,5138,2201,25,0,0
B10639,0,M-6,57918,28724,9173,60,0,0
B10639,1,M-5,55716,39083,13941,74,0,0
B10639,2,M-4,58406,37083,11916,49,0,0
B10639,3,M-3,61305,30088,24190,81,0,0
B10639,4,M-2,54117,40705,9493,77,0,0
B10639,5,M-1,59390,45369,19011,31,0,0
B10640,0,M-6,29151,22946,6514,54,0,0
B10640,1,M-5,27184,19194,3393,55,0,0
B10640,2,M-4,29310,15018,15347,34,0,0
B10640,3,M-3,32128,25045,11872,69,0,0
B10640,4,M-2,29113,17457,12958,35,0,0
B10640,5,M-1,33052,24949,5828,40,0,0
B10641,0,M-6,52870,35601,5767,68,0,0
B10641,1,M-5,53489,25711,16371,71,0,0
B10641,2,M-4,55955,31023,7771,86,0,0
B10641,3,M-3,48066,25428,25990,73,0,0
B10641,4,M-2,56025,34105,6832,81,0,0
B10641,5,M-1,55301,43493,10811,79,0,0
B10642,0,M-6,34013,26011,25060,62,0,0
B10642,1,M-5,38797,25301,38040,45,0,0
B10642,2,M-4,39796,26503,16910,45,0,0
B10642,3,M-3,40711,30359,23715,43,0,0
B10642,4,M-2,46251,24803,25472,78,0,0
B10642,5,M-1,47219,39193,38303,46,0,0
B10643,0,M-6,71529,38740,20789,64,0,0
B10643,1,M-5,68468,46119,7347,76,0,0
B10643,2,M-4,62352,28393,30913,39,0,0
B10643,3,M-3,63145,46940,25514,71,0,0
B10643,4,M-2,66543,42697,7711,84,0,0
B10643,5,M-1,64176,45201,32955,79,0,0
B10644,0,M-6,30064,19714,30582,32,0,0
B10644,1,M-5,32522,23970,28359,35,0,0
B10644,2,M-4,32727,22214,23356,26,0,0
B10644,3,M-3,33779,28911,22091,76,0,0
B10644,4,M-2,30982,28198,38263,85,0,0
B10644,5,M-1,33680,21406,29708,53,0,0
B10645,0,M-6,43578,31077,19293,50,0,0
B10645,1,M-5,47942,22500,13971,38,0,0
B10645,2,M-4,49025,22608,15342,62,0,0
B10645,3,M-3,42624,29549,15392,72,0,0
B10645,4,M-2,46396,23938,16495,30,0,0
B10645,5,M-1,49998,26434,10064,65,0,0
B10646,0,M-6,64231,42578,32970,88,0,0
B10646,1,M-5,59821,28569,9877,61,0,0
B10646,2,M-4,66534,30694,7936,84,0,0
B10646,3,M-3,63424,47810,24621,55,0,0
B10646,4,M-2,62547,48686,20401,70,0,0
B10646,5,M-1,70902,38825,30231,47,0,0
B10647,0,M-6,63396,43365,10450,47,0,0
B10647,1,M-5,65017,48224,12346,86,0,0
B10647,2,M-4,59684,31217,9446,71,0,0
B10647,3,M-3,62155,36759,8156,83,0,0
B10647,4,M-2,55576,33874,7005,44,0,0
B10647,5,M-1,60994,29661,9903,74,0,0
B10648,0,M-6,17971,13236,1994,65,0,0
B10648,1,M-5,15992,10973,16226,84,0,0
B10648,2,M-4,16307,9200,24929,46,0,0
B10648,3,M-3,16306,13302,10309,30,0,0
B10648,4,M-2,17285,10822,5751,74,0,0
B10648,5,M-1,19111,15475,18706,88,0,0
B10649,0,M-6,45023,26946,9332,42,0,0
B10649,1,M-5,43804,26737,11032,72,0,0
B10649,2,M-4,47132,26517,20189,39,0,0
B10649,3,M-3,48572,32603,10401,79,0,0
B10649,4,M-2,48951,34960,10595,49,0,0
B10649,5,M-1,47720,31282,11428,25,0,0
B10650,0,M-6,21791,18539,9988,34,0,0
B10650,1,M-5,21460,16940,16179,30,0,0
B10650,2,M-4,18764,9915,26837,62,0,0
B10650,3,M-3,20703,19247,2511,45,0,0
B10650,4,M-2,18157,15390,28213,36,0,0
B10650,5,M-1,20185,18414,6070,48,0,0
B10651,0,M-6,30623,19993,39701,57,0,0
B10651,1,M-5,33429,22919,33769,64,0,0
B10651,2,M-4,35472,29747,36298,34,0,0
B10651,3,M-3,34082,22598,15545,69,0,0
B10651,4,M-2,31806,17959,9262,61,0,0
B10651,5,M-1,34525,23159,43553,52,0,0
B10652,0,M-6,41567,33230,5579,83,0,0
B10652,1,M-5,38211,23885,16255,64,0,0
B10652,2,M-4,38027,29017,13454,72,0,0
B10652,3,M-3,35726,24472,9018,55,0,0
B10652,4,M-2,33899,23016,10361,60,0,0
B10652,5,M-1,33516,16117,15995,83,0,0
B10653,0,M-6,41123,20269,26598,87,0,0
B10653,1,M-5,35951,30545,17729,74,0,0
B10653,2,M-4,41512,23613,6077,47,0,0
B10653,3,M-3,38009,32662,31273,67,0,0
B10653,4,M-2,39135,18013,9339,49,0,0
B10653,5,M-1,36955,27258,25188,49,0,0
B10654,0,M-6,59306,42864,36775,57,0,0
B10654,1,M-5,52880,27149,32530,53,0,0
B10654,2,M-4,57758,54039,9636,81,0,0
B10654,3,M-3,60523,51580,29470,53,0,0
B10654,4,M-2,54674,38188,18190,41,0,0
B10654,5,M-1,59897,43278,61041,53,0,0
B10655,0,M-6,11945,8664,8586,46,0,0
B10655,1,M-5,12409,9456,13602,28,0,0
B10655,2,M-4,11016,5723,3739,32,0,0
B10655,3,M-3,12604,8288,4746,84,0,0
B10655,4,M-2,12270,7718,16429,25,0,0
B10655,5,M-1,11806,9027,8785,80,0,0
B10656,0,M-6,49382,30731,63157,81,0,0
B10656,1,M-5,53501,30854,72359,55,0,0
B10656,2,M-4,47531,30515,51121,38,0,0
B10656,3,M-3,46906,44438,16743,53,0,1
B10656,4,M-2,55998,45160,41552,55,0,0
B10656,5,M-1,46479,24540,75325,79,0,0
B10657,0,M-6,53476,50570,27422,89,1,0
B10657,1,M-5,59526,32519,61930,87,0,0
B10657,2,M-4,55432,27286,47790,65,0,0
B10657,3,M-3,57939,30703,10060,29,0,0
B10657,4,M-2,51829,48944,16862,73,0,0
B10657,5,M-1,49914,42266,48934,69,0,0
B10658,0,M-6,14904,12467,10307,78,0,0
B10658,1,M-5,17325,10888,11662,50,0,0
B10658,2,M-4,16139,11876,22040,87,0,0
B10658,3,M-3,17098,8549,10614,74,0,0
B10658,4,M-2,15921,12388,7895,69,0,0
B10658,5,M-1,16377,9512,16544,88,0,0
B10659,0,M-6,77070,59512,31260,72,0,0
B10659,1,M-5,74029,54973,18857,79,0,0
B10659,2,M-4,62750,37314,19596,66,0,0
B10659,3,M-3,71302,33590,23731,68,0,0
B10659,4,M-2,69273,37021,23494,72,0,0
B10659,5,M-1,64543,41679,11205,71,0,0
B10660,0,M-6,22369,13080,4532,60,0,0
B10660,1,M-5,22230,12213,10288,30,0,0
B10660,2,M-4,23495,11722,11345,88,0,0
B10660,3,M-3,23870,16147,7378,61,0,0
B10660,4,M-2,20938,10361,2976,48,0,0
B10660,5,M-1,22455,10544,8075,65,0,0
B10661,0,M-6,48660,22286,17800,42,0,0
B10661,1,M-5,48105,23660,17593,41,0,0
B10661,2,M-4,55336,43349,20325,57,0,0
B10661,3,M-3,47830,35937,12644,88,0,0
B10661,4,M-2,50044,29467,24664,72,0,0
B10661,5,M-1,56023,40481,23005,79,0,0
B10662,0,M-6,12704,11348,12560,47,0,0
B10662,1,M-5,11208,8521,15491,25,0,0
B10662,2,M-4,13436,9876,18865,64,0,0
B10662,3,M-3,12566,10268,10368,30,0,0
B10662,4,M-2,14212,10004,11653,85,0,0
B10662,5,M-1,14190,6561,7662,42,0,0
B10663,0,M-6,17621,15345,8363,53,0,0
B10663,1,M-5,17263,11606,23424,72,0,0
B10663,2,M-4,19736,13231,9903,52,0,0
B10663,3,M-3,20006,10016,8796,50,0,0
B10663,4,M-2,20451,16421,4035,51,0,0
B10663,5,M-1,20464,15221,10562,82,1,0
B10664,0,M-6,63383,32525,23007,76,0,0
B10664,1,M-5,71613,50579,19779,43,0,0
B10664,2,M-4,72410,37107,16777,55,0,0
B10664,3,M-3,84497,49445,33816,65,0,0
B10664,4,M-2,85352,58173,19442,53,0,0
B10664,5,M-1,84844,65554,7540,75,0,0
B10665,0,M-6,48027,39848,6313,60,0,0
B10665,1,M-5,55573,28597,48990,34,0,0
B10665,2,M-4,56451,25863,48892,36,0,0
B10665,3,M-3,50716,23039,46052,72,0,0
B10665,4,M-2,50802,38759,32140,66,0,0
B10665,5,M-1,46609,35181,14571,86,0,0
B10666,0,M-6,67049,48457,17743,48,0,0
B10666,1,M-5,70185,42554,12062,26,0,0
B10666,2,M-4,67819,36788,22850,64,0,0
B10666,3,M-3,78683,52431,22149,42,0,0
B10666,4,M-2,73553,56488,27077,64,0,0
B10666,5,M-1,84456,43936,13973,41,0,0
B10667,0,M-6,39291,26745,31641,35,0,0
B10667,1,M-5,36077,32095,39031,47,0,0
B10667,2,M-4,32802,25537,37103,46,0,0
B10667,3,M-3,31951,21565,14388,88,0,0
B10667,4,M-2,31650,15490,41420,70,0,0
B10667,5,M-1,36396,17536,23349,66,0,0
B10668,0,M-6,44561,26081,52617,65,0,0
B10668,1,M-5,45987,37540,9985,65,0,0
B10668,2,M-4,41914,26510,49840,61,0,0
B10668,3,M-3,39574,31544,38757,33,0,0
B10668,4,M-2,44557,31751,37668,34,0,0
B10668,5,M-1,41876,37323,41905,62,0,0
B10669,0,M-6,34102,17301,18683,86,0,0
B10669,1,M-5,35086,32624,46536,82,0,0
B10669,2,M-4,32862,15922,8769,42,0,0
B10669,3,M-3,34024,27700,20453,81,0,0
B10669,4,M-2,36018,23735,22913,48,0,0
B10669,5,M-1,36492,18827,22985,32,0,0
B10670,0,M-6,23121,12806,7807,45,0,0
B10670,1,M-5,23334,11532,8270,65,0,0
B10670,2,M-4,20971,14415,28522,67,0,0
B10670,3,M-3,24507,14277,23106,72,0,0
B10670,4,M-2,22059,13050,16768,35,1,0
B10670,5,M-1,23399,16312,20291,36,0,0
B10671,0,M-6,40370,20756,14375,82,0,0
B10671,1,M-5,41688,19169,20798,81,0,0
B10671,2,M-4,41656,28909,5603,42,0,0
B10671,3,M-3,41348,26747,5807,35,0,0
B10671,4,M-2,47705,23433,9842,84,0,0
B10671,5,M-1,45590,27200,21109,67,0,0
B10672,0,M-6,28745,19728,26135,70,0,0
B10672,1,M-5,23926,21644,13407,41,0,0
B10672,2,M-4,27074,13776,7573,74,0,0
B10672,3,M-3,27927,14923,11225,43,0,0
B10672,4,M-2,26623,22751,32644,65,0,0
B10672,5,M-1,23596,10776,21201,60,0,0
B10673,0,M-6,49315,36646,11696,48,0,0
B10673,1,M-5,49531,33785,24723,82,0,0
B10673,2,M-4,60753,40836,10616,65,0,0
B10673,3,M-3,61157,43259,14499,41,0,0
B10673,4,M-2,62732,38649,22013,76,0,0
B10673,5,M-1,55685,31632,22904,56,0,0
B10674,0,M-6,27521,17589,7590,51,0,0
B10674,1,M-5,31106,21826,14357,80,0,0
B10674,2,M-4,31114,17358,14908,29,0,0
B10674,3,M-3,32113,19237,4876,54,0,0
B10674,4,M-2,32948,25556,7238,86,0,0
B10674,5,M-1,29985,17584,13856,65,0,0
B10675,0,M-6,14366,9468,10168,30,0,0
B10675,1,M-5,15510,10920,12303,51,0,0
B10675,2,M-4,14517,11571,20824,62,0,0
B10675,3,M-3,13887,13004,4612,57,0,0
B10675,4,M-2,15089,9913,1682,81,0,0
B10675,5,M-1,15394,9198,17594,48,0,0
B10676,0,M-6,16682,12410,8832,39,0,0
B10676,1,M-5,16183,8971,4571,61,0,0
B10676,2,M-4,17956,12446,5649,62,0,0
B10676,3,M-3,16498,12918,6239,54,0,0
B10676,4,M-2,19400,10038,6517,53,0,0
B10676,5,M-1,18115,9162,5631,70,0,0
B10677,0,M-6,39070,18372,7755,43,0,0
B10677,1,M-5,41702,25013,23931,86,0,0
B10677,2,M-4,44263,40744,33536,77,0,0
B10677,3,M-3,40006,30351,58119,66,1,0
B10677,4,M-2,45568,26958,9683,30,0,0
B10677,5,M-1,41832,36857,32444,64,0,0
B10678,0,M-6,45350,32257,19732,83,0,0
B10678,1,M-5,45057,20320,10165,86,0,0
B10678,2,M-4,45034,27874,23465,86,0,0
B10678,3,M-3,44703,20996,16984,46,0,0
B10678,4,M-2,44878,34263,15772,70,0,0
B10678,5,M-1,42445,27788,7077,27,0,0
B10679,0,M-6,73489,37980,28715,88,0,0
B10679,1,M-5,75821,46063,25877,36,0,0
B10679,2,M-4,65769,50672,13018,45,0,0
B10679,3,M-3,76680,46567,12963,36,0,0
B10679,4,M-2,63502,41680,21145,71,0,0
B10679,5,M-1,64376,32271,13201,29,0,0
B10680,0,M-6,29494,13912,41092,77,0,0
B10680,1,M-5,29526,15097,24389,76,0,0
B10680,2,M-4,30429,19492,7394,49,0,0
B10680,3,M-3,30965,14360,23035,72,0,0
B10680,4,M-2,31398,16108,21740,25,0,0
B10680,5,M-1,30026,16306,20044,38,0,0
B10681,0,M-6,15783,13219,3428,28,0,0
B10681,1,M-5,17101,14882,10404,75,0,0
B10681,2,M-4,15723,7634,16945,74,0,0
B10681,3,M-3,18661,16529,16064,61,0,0
B10681,4,M-2,18445,16966,6307,26,0,0
B10681,5,M-1,18399,16762,9666,37,0,0
B10682,0,M-6,35888,23568,17664,72,0,0
B10682,1,M-5,37832,28972,10602,86,0,0
B10682,2,M-4,42446,27847,11567,56,0,0
B10682,3,M-3,43072,20367,19133,80,0,0
B10682,4,M-2,47087,24358,11749,72,0,0
B10682,5,M-1,42432,31485,13055,26,0,0
B10683,0,M-6,9696,5727,12803,89,0,0
B10683,1,M-5,8612,6794,7638,66,0,0
B10683,2,M-4,9074,5775,10379,38,0,0
B10683,3,M-3,9361,7928,2483,45,0,0
B10683,4,M-2,8956,5104,3380,49,0,0
B10683,5,M-1,8470,6521,3262,81,0,0
B10684,0,M-6,34860,17354,11838,89,0,0
B10684,1,M-5,36007,27735,33232,42,0,0
B10684,2,M-4,37385,17151,19853,39,1,0
B10684,3,M-3,34244,24202,15466,48,0,0
B10684,4,M-2,35215,25799,13649,68,0,0
B10684,5,M-1,36949,32253,8498,70,0,0
B10685,0,M-6,20158,17508,22960,89,0,0
B10685,1,M-5,21539,16184,31612,68,0,0
B10685,2,M-4,22827,18976,23684,71,0,0
B10685,3,M-3,22867,18523,19638,55,0,0
B10685,4,M-2,26619,12257,25701,30,0,0
B10685,5,M-1,23016,19633,26022,62,0,0
B10686,0,M-6,26857,19520,22028,79,0,0
B10686,1,M-5,28457,22424,8832,62,0,0
B10686,2,M-4,32273,21768,4084,38,0,0
B10686,3,M-3,29401,13908,39031,42,0,0
B10686,4,M-2,32759,23394,12810,48,0,0
B10686,5,M-1,33896,19997,26111,84,0,0
B10687,0,M-6,46540,27829,12001,84,0,0
B10687,1,M-5,46356,36753,14059,64,0,0
B10687,2,M-4,44644,22233,17701,74,0,0
B10687,3,M-3,50020,33243,5938,66,0,0
B10687,4,M-2,51293,38781,16734,38,0,0
B10687,5,M-1,46075,21082,21097,85,0,0
B10688,0,M-6,55745,37624,18554,85,0,0
B10688,1,M-5,65027,40605,7890,74,0,0
B10688,2,M-4,58565,30472,27247,79,0,0
B10688,3,M-3,64078,49730,12469,57,0,0
B10688,4,M-2,63401,44877,22581,30,0,0
B10688,5,M-1,65623,43074,24795,33,0,0
B10689,0,M-6,63369,42035,14787,83,0,0
B10689,1,M-5,65566,50014,22752,35,0,0
B10689,2,M-4,59483,42225,20333,57,0,0
B10689,3,M-3,66433,50137,26468,58,0,0
B10689,4,M-2,65708,44385,10907,29,0,0
B10689,5,M-1,69456,55460,22231,76,0,0
B10690,0,M-6,69737,33595,30444,81,0,0
B10690,1,M-5,82230,45661,19806,45,0,0
B10690,2,M-4,80378,41891,10131,49,0,0
B10690,3,M-3,74504,55419,17992,83,0,0
B10690,4,M-2,89832,55156,34237,76,0,0
B10690,5,M-1,90650,70014,28506,30,0,0
B10691,0,M-6,37336,19554,4400,59,0,0
B10691,1,M-5,37954,24293,11188,85,0,0
B10691,2,M-4,36940,18705,18157,58,0,0
B10691,3,M-3,35354,17340,7781,37,0,0
B10691,4,M-2,36944,17330,6879,84,0,0
B10691,5,M-1,32781,20262,11761,26,0,0
B10692,0,M-6,42883,32212,23793,79,0,0
B10692,1,M-5,44764,36566,36618,63,0,0
B10692,2,M-4,44169,41190,39781,74,0,0
B10692,3,M-3,45408,30497,14830,38,0,0
B10692,4,M-2,40127,37907,37617,38,0,0
B10692,5,M-1,43018,35299,50731,46,0,0
B10693,0,M-6,49316,35330,22963,76,0,0
B10693,1,M-5,55292,31083,7344,88,0,0
B10693,2,M-4,47110,37430,22446,49,0,0
B10693,3,M-3,53148,41315,8530,89,0,0
B10693,4,M-2,53434,36034,6202,33,0,0
B10693,5,M-1,49537,30857,20018,80,0,0
B10694,0,M-6,22455,17211,8098,58,0,0
B10694,1,M-5,22409,13136,7182,43,0,0
B10694,2,M-4,22670,14109,11980,32,0,0
B10694,3,M-3,22581,17474,3916,26,0,0
B10694,4,M-2,25746,12042,3552,69,0,0
B10694,5,M-1,20983,13902,3192,66,0,0
B10695,0,M-6,38477,19022,5252,64,0,0
B10695,1,M-5,38715,29365,12293,70,0,0
B10695,2,M-4,36556,21309,10026,46,0,0
B10695,3,M-3,37333,21591,19904,35,0,0
B10695,4,M-2,41140,22082,4721,31,0,0
B10695,5,M-1,37780,20696,13298,26,0,0
B10696,0,M-6,39283,30455,18833,65,0,0
B10696,1,M-5,37889,21832,13008,48,0,0
B10696,2,M-4,35755,19331,14021,58,0,0
B10696,3,M-3,41902,21503,20438,43,0,0
B10696,4,M-2,40841,22311,10997,80,0,0
B10696,5,M-1,40629,28999,6652,49,0,0
B10697,0,M-6,30175,26791,17807,55,0,0
B10697,1,M-5,31584,29010,16768,65,0,0
B10697,2,M-4,32074,19821,17747,77,0,0
B10697,3,M-3,32038,19079,29745,52,0,0
B10697,4,M-2,32957,22321,6011,59,0,0
B10697,5,M-1,31905,24609,8937,51,0,0
B10698,0,M-6,8987,4531,16597,61,0,0
B10698,1,M-5,11007,9036,3540,66,0,0
B10698,2,M-4,12179,8683,8323,46,0,0
B10698,3,M-3,12665,11580,6956,69,0,0
B10698,4,M-2,13948,10633,4675,44,0,0
B10698,5,M-1,15132,10769,14271,25,0,0
B10699,0,M-6,36150,24392,12594,89,0,0
B10699,1,M-5,33343,22489,12348,57,0,0
B10699,2,M-4,35494,24426,5554,58,0,0
B10699,3,M-3,33592,23420,9873,41,0,0
B10699,4,M-2,37677,24238,3771,82,0,0
B10699,5,M-1,35904,17976,17181,36,0,0
B10700,0,M-6,15082,12192,19182,83,0,0
B10700,1,M-5,14522,10922,21625,70,0,0
B10700,2,M-4,15855,7480,6595,71,0,0
B10700,3,M-3,17294,8180,21361,84,0,0
B10700,4,M-2,17178,11766,9811,68,0,0
B10700,5,M-1,15790,8370,2171,84,0,0
B10701,0,M-6,34850,29827,30577,86,0,0
B10701,1,M-5,40668,30044,19111,27,0,0
B10701,2,M-4,39657,33972,5117,63,0,0
B10701,3,M-3,41309,29891,32754,33,0,0
B10701,4,M-2,42901,29439,7124,44,0,0
B10701,5,M-1,37955,18905,9451,67,0,0
B10702,0,M-6,24220,21445,21268,50,0,0
B10702,1,M-5,23122,12417,33330,37,0,0
B10702,2,M-4,22367,16348,20331,65,0,0
B10702,3,M-3,23459,12518,5759,83,0,0
B10702,4,M-2,24900,14724,18464,80,0,0
B10702,5,M-1,25909,13848,13320,71,0,0
B10703,0,M-6,17999,13934,17324,88,0,0
B10703,1,M-5,21093,16024,7935,51,0,0
B10703,2,M-4,22419,12193,10295,33,0,0
B10703,3,M-3,24042,20752,20270,68,0,0
B10703,4,M-2,27465,19733,12098,60,0,0
B10703,5,M-1,26276,21292,5755,83,0,0
B10704,0,M-6,34879,25126,43594,64,0,0
B10704,1,M-5,37944,35108,46228,75,0,0
B10704,2,M-4,37181,23926,5762,40,0,0
B10704,3,M-3,35884,24671,27401,87,0,0
B10704,4,M-2,33740,20051,32491,60,0,0
B10704,5,M-1,35017,29194,41747,50,1,0
B10705,0,M-6,24313,13096,5981,68,0,0
B10705,1,M-5,22999,18910,28849,84,0,0
B10705,2,M-4,24473,14336,24870,58,0,0
B10705,3,M-3,25261,13208,12903,51,0,0
B10705,4,M-2,24323,19199,5066,79,0,0
B10705,5,M-1,24940,11267,6157,82,0,0
B10706,0,M-6,53588,29408,21747,51,0,0
B10706,1,M-5,62380,32232,24807,83,0,0
B10706,2,M-4,59596,26853,16957,86,0,0
B10706,3,M-3,60655,28722,12127,32,0,0
B10706,4,M-2,56587,42948,6713,65,0,0
B10706,5,M-1,51998,36092,10466,65,0,0
B10707,0,M-6,38765,18730,8150,39,0,0
B10707,1,M-5,40215,27600,4963,74,0,0
B10707,2,M-4,39923,18623,8824,50,0,0
B10707,3,M-3,37276,22546,11228,28,0,0
B10707,4,M-2,43830,20618,6148,32,0,0
B10707,5,M-1,40051,27517,8748,35,0,0
B10708,0,M-6,70106,41536,20830,36,0,0
B10708,1,M-5,63708,37626,8844,25,0,0
B10708,2,M-4,68228,44052,18771,88,0,0
B10708,3,M-3,57389,41717,30845,57,0,0
B10708,4,M-2,57742,27434,16333,35,0,0
B10708,5,M-1,58879,45912,16561,84,0,0
B10709,0,M-6,42632,19768,8863,45,0,0
B10709,1,M-5,40151,29233,4568,50,0,0
B10709,2,M-4,42441,25151,10473,58,0,0
B10709,3,M-3,43868,28473,14975,38,0,0
B10709,4,M-2,44101,29924,5632,89,0,0
B10709,5,M-1,43691,23425,6809,49,0,0
B10710,0,M-6,47623,30802,6393,51,0,0
B10710,1,M-5,43478,34479,10893,28,0,0
B10710,2,M-4,46870,29185,13247,26,0,0
B10710,3,M-3,49176,38857,14091,60,0,0
B10710,4,M-2,47421,31676,21561,81,0,0
B10710,5,M-1,43046,28837,9332,54,0,0
B10711,0,M-6,9790,7582,2693,76,0,0
B10711,1,M-5,10092,5354,7437,87,0,0
B10711,2,M-4,10065,9034,6280,66,0,0
B10711,3,M-3,10925,9169,7680,88,0,0
B10711,4,M-2,11354,7669,8001,69,0,0
B10711,5,M-1,10415,7724,6470,89,0,0
B10712,0,M-6,77158,44725,23191,30,0,0
B10712,1,M-5,80418,56272,36435,25,0,0
B10712,2,M-4,78235,57840,27368,86,0,0
B10712,3,M-3,88742,63173,17446,48,0,0
B10712,4,M-2,77357,56004,18141,26,0,0
B10712,5,M-1,87872,50344,8668,66,0,0
B10713,0,M-6,37382,21919,10528,39,0,0
B10713,1,M-5,44535,32613,15161,60,0,0
B10713,2,M-4,43640,29938,17254,51,0,0
B10713,3,M-3,41079,26333,16580,79,0,0
B10713,4,M-2,41341,24503,7345,74,0,0
B10713,5,M-1,39278,31158,19295,60,0,0
B10714,0,M-6,56322,32806,16514,27,0,0
B10714,1,M-5,60128,40921,22279,65,0,0
B10714,2,M-4,63039,40175,26841,29,0,0
B10714,3,M-3,54280,30916,17301,50,0,0
B10714,4,M-2,65984,49037,19358,30,0,0
B10714,5,M-1,67755,30723,8623,89,0,0
B10715,0,M-6,47952,35091,23736,71,0,0
B10715,1,M-5,48314,27661,22388,75,0,0
B10715,2,M-4,48190,24635,17647,27,0,0
B10715,3,M-3,52640,38571,15938,58,0,0
B10715,4,M-2,54768,42252,10212,39,0,0
B10715,5,M-1,55604,30995,25252,34,0,0
B10716,0,M-6,21398,19469,4992,71,0,0
B10716,1,M-5,21380,18571,9604,77,0,0
B10716,2,M-4,23076,20113,26215,77,0,0
B10716,3,M-3,20831,10315,4439,82,0,0
B10716,4,M-2,22925,12950,17050,40,0,0
B10716,5,M-1,21822,14868,19677,58,0,0
B10717,0,M-6,31162,28270,3285,59,0,0
B10717,1,M-5,27821,23866,19836,89,0,0
B10717,2,M-4,32746,25614,13349,46,0,0
B10717,3,M-3,28240,21206,26971,76,0,0
B10717,4,M-2,32850,21900,28618,50,0,0
B10717,5,M-1,28651,23572,28856,78,0,0
B10718,0,M-6,29562,20953,40561,89,0,0
B10718,1,M-5,28261,17241,13395,51,0,0
B10718,2,M-4,32085,21882,26212,29,0,0
B10718,3,M-3,30184,28233,34028,78,0,0
B10718,4,M-2,28192,15488,25458,75,0,0
B10718,5,M-1,27469,15007,23654,61,0,0
B10719,0,M-6,25974,23769,12257,52,0,0
B10719,1,M-5,25096,18747,25739,34,0,0
B10719,2,M-4,23593,16694,15157,40,0,0
B10719,3,M-3,26854,24825,3424,31,0,0
B10719,4,M-2,25857,18629,8055,67,0,0
B10719,5,M-1,25355,20625,25777,84,0,0
B10720,0,M-6,50468,39565,21400,39,0,0
B10720,1,M-5,45438,34752,19709,57,0,0
B10720,2,M-4,49635,24661,21654,32,0,0
B10720,3,M-3,49505,38874,15650,41,0,0
B10720,4,M-2,52021,29282,5134,54,0,0
B10720,5,M-1,50063,28690,16925,30,0,0
B10721,0,M-6,92135,62866,30384,59,0,0
B10721,1,M-5,104331,57613,22338,47,0,0
B10721,2,M-4,104531,70868,28281,57,0,0
B10721,3,M-3,99131,71227,19607,67,0,0
B10721,4,M-2,89250,69066,38505,30,0,0
B10721,5,M-1,88567,69630,44810,47,0,0
B10722,0,M-6,8505,3935,1731,26,0,0
B10722,1,M-5,7829,5846,9228,36,0,0
B10722,2,M-4,7337,6036,5574,75,0,0
B10722,3,M-3,7282,4371,3460,37,0,0
B10722,4,M-2,8083,4193,10835,89,0,0
B10722,5,M-1,8374,6061,4538,54,0,0
B10723,0,M-6,24234,13913,19977,70,0,0
B10723,1,M-5,25484,12089,14041,48,0,0
B10723,2,M-4,23819,17219,32894,38,0,0
B10723,3,M-3,26738,15886,12132,25,0,1
B10723,4,M-2,27843,22365,25144,87,0,0
B10723,5,M-1,30756,19130,19481,80,0,0
B10724,0,M-6,107216,69824,19871,46,0,0
B10724,1,M-5,96657,57578,16963,39,0,0
B10724,2,M-4,92840,73866,48181,38,0,0
B10724,3,M-3,105943,73115,37662,61,0,0
B10724,4,M-2,94635,74523,11305,60,0,0
B10724,5,M-1,102448,79400,47323,84,0,0
B10725,0,M-6,42779,23463,12260,81,0,0
B10725,1,M-5,40788,20960,8774,35,0,0
B10725,2,M-4,42429,29793,7130,67,0,0
B10725,3,M-3,51362,38610,5741,32,0,0
B10725,4,M-2,45466,26107,17370,48,0,0
B10725,5,M-1,44679,21594,14675,78,0,0
B10726,0,M-6,25541,21198,35832,27,0,0
B10726,1,M-5,25577,14717,3972,76,0,0
B10726,2,M-4,30261,20415,18133,26,0,0
B10726,3,M-3,31450,29732,8408,68,0,0
B10726,4,M-2,28304,23476,24888,44,0,0
B10726,5,M-1,27040,13917,23240,57,0,0
B10727,0,M-6,31518,20327,10891,67,0,0
B10727,1,M-5,28823,19901,24567,80,0,0
B10727,2,M-4,30487,17521,6083,29,0,0
B10727,3,M-3,32349,16613,9213,29,0,0
B10727,4,M-2,33485,23961,16274,74,0,0
B10727,5,M-1,30861,22228,5672,37,0,0
B10728,0,M-6,7726,7179,4664,61,0,0
B10728,1,M-5,7583,6945,10871,75,0,0
B10728,2,M-4,7477,5880,1767,53,0,0
B10728,3,M-3,8196,5274,2403,74,0,0
B10728,4,M-2,7680,6876,5794,31,0,0
B10728,5,M-1,8493,7691,2465,87,0,0
B10729,0,M-6,37590,17839,29738,83,0,0
B10729,1,M-5,36851,31546,28440,46,0,0
B10729,2,M-4,38344,27807,4561,87,0,0
B10729,3,M-3,39469,34131,10162,58,0,0
B10729,4,M-2,34974,20966,6259,81,0,0
B10729,5,M-1,33352,30349,46074,30,0,0
B10730,0,M-6,35280,19212,13347,32,0,0
B10730,1,M-5,33534,22894,48841,28,0,0
B10730,2,M-4,32287,20924,37002,36,0,0
B10730,3,M-3,39783,20771,30524,35,0,0
B10730,4,M-2,36501,33750,41043,71,0,0
B10730,5,M-1,36235,24021,9331,25,0,0
B10731,0,M-6,33409,23341,17381,62,0,0
B10731,1,M-5,34191,25739,10355,74,0,0
B10731,2,M-4,37413,22602,4054,29,0,0
B10731,3,M-3,36160,27579,7718,36,0,0
B10731,4,M-2,33941,18228,4130,87,0,0
B10731,5,M-1,37080,19504,5508,26,0,0
B10732,0,M-6,37418,20488,11119,85,0,0
B10732,1,M-5,42238,29921,16120,44,0,0
B10732,2,M-4,37037,27231,12407,83,0,0
B10732,3,M-3,35858,16807,19294,53,0,0
B10732,4,M-2,33775,16974,9294,30,0,0
B10732,5,M-1,35816,16591,5476,77,0,0
B10733,0,M-6,7862,4097,3347,43,0,0
B10733,1,M-5,7913,4961,1748,65,0,0
B10733,2,M-4,8556,6759,3221,70,0,0
B10733,3,M-3,8883,4326,2577,30,0,0
B10733,4,M-2,7945,5417,7390,30,0,0
B10733,5,M-1,7883,5269,5321,45,0,0
B10734,0,M-6,69567,41161,18147,43,0,0
B10734,1,M-5,75560,47120,19368,53,0,0
B10734,2,M-4,70575,45962,10265,44,0,0
B10734,3,M-3,75343,44268,24982,89,0,0
B10734,4,M-2,79618,43584,7849,35,0,0
B10734,5,M-1,81456,41257,20161,70,0,0
B10735,0,M-6,45721,25349,20401,34,0,0
B10735,1,M-5,46622,31836,13575,63,0,0
B10735,2,M-4,38642,19975,17428,34,0,0
B10735,3,M-3,44148,32790,10210,84,0,0
B10735,4,M-2,39887,26524,19472,48,0,0
B10735,5,M-1,42350,32591,5359,70,0,0
B10736,0,M-6,91604,68855,44392,88,0,0
B10736,1,M-5,106870,54998,19333,71,0,0
B10736,2,M-4,98215,68161,16322,64,0,0
B10736,3,M-3,111617,86250,45559,88,0,0
B10736,4,M-2,95064,50331,22704,80,0,0
B10736,5,M-1,95191,55630,14110,86,0,0
B10737,0,M-6,150011,117684,50378,45,0,0
B10737,1,M-5,159099,85422,36908,53,0,0
B10737,2,M-4,130899,101170,54939,73,0,0
B10737,3,M-3,146426,101246,35295,38,0,0
B10737,4,M-2,138745,78656,40364,32,0,0
B10737,5,M-1,122520,58715,24395,71,0,0
B10738,0,M-6,26348,20363,11172,69,0,0
B10738,1,M-5,26854,15420,5686,48,0,0
B10738,2,M-4,27704,19349,2974,37,0,0
B10738,3,M-3,24121,16222,13186,51,0,0
B10738,4,M-2,27670,16185,9347,55,0,0
B10738,5,M-1,26821,20303,13205,32,0,0
B10739,0,M-6,26806,23149,44287,83,1,0
B10739,1,M-5,30855,23734,15971,53,0,0
B10739,2,M-4,28925,19144,33288,39,0,0
B10739,3,M-3,29020,25425,12214,75,0,0
B10739,4,M-2,27380,18601,32587,37,0,0
B10739,5,M-1,30273,15486,31713,48,0,0
B10740,0,M-6,44952,32572,21603,32,0,0
B10740,1,M-5,50019,34008,23334,61,0,0
B10740,2,M-4,49499,26579,12717,81,0,0
B10740,3,M-3,48309,22222,18204,73,0,0
B10740,4,M-2,48310,22605,18092,53,0,0
B10740,5,M-1,54124,40638,12465,89,0,0
B10741,0,M-6,29650,15787,4339,30,0,0
B10741,1,M-5,32878,22523,12073,53,0,0
B10741,2,M-4,30847,23004,15863,64,0,0
B10741,3,M-3,28612,15553,11669,41,0,0
B10741,4,M-2,32884,22764,11656,29,0,0
B10741,5,M-1,28584,16068,13447,87,0,0
B10742,0,M-6,21580,17240,5152,44,0,0
B10742,1,M-5,22519,15249,2875,38,0,0
B10742,2,M-4,23321,17084,24599,37,0,0
B10742,3,M-3,21677,14681,24125,81,0,0
B10742,4,M-2,22329,13966,22080,35,0,0
B10742,5,M-1,21387,17210,4249,85,0,0
B10743,0,M-6,6975,5409,1444,77,0,0
B10743,1,M-5,8025,4550,5795,81,0,0
B10743,2,M-4,7175,6802,4020,50,0,0
B10743,3,M-3,7719,6126,7597,68,0,0
B10743,4,M-2,7632,5044,9531,89,0,0
B10743,5,M-1,8436,5672,9485,89,0,0
B10744,0,M-6,51727,28858,14990,53,0,0
B10744,1,M-5,46278,29039,12196,86,0,0
B10744,2,M-4,53304,41983,19797,30,0,0
B10744,3,M-3,53741,34786,12812,59,0,0
B10744,4,M-2,47425,22087,25017,38,0,0
B10744,5,M-1,52219,39247,25243,80,0,0
B10745,0,M-6,17195,15373,16132,49,0,0
B10745,1,M-5,18115,16534,20920,36,0,0
B10745,2,M-4,17918,9987,20137,57,0,0
B10745,3,M-3,16772,12159,10626,32,0,0
B10745,4,M-2,17505,11405,22301,88,0,0
B10745,5,M-1,21032,14048,16507,68,0,0
B10746,0,M-6,37514,17912,8173,39,0,0
B10746,1,M-5,42493,24588,53561,53,0,0
B10746,2,M-4,45272,23015,48424,27,0,0
B10746,3,M-3,46333,36441,5772,81,0,0
B10746,4,M-2,46930,21732,53302,74,0,0
B10746,5,M-1,44848,40921,48665,72,0,0
B10747,0,M-6,27481,14295,4252,29,0,0
B10747,1,M-5,27937,20133,38975,86,0,0
B10747,2,M-4,30433,17445,8626,46,0,0
B10747,3,M-3,30333,22522,19825,41,0,0
B10747,4,M-2,38099,21490,37611,44,0,0
B10747,5,M-1,41306,23581,18840,34,0,0
B10748,0,M-6,29051,27074,27043,33,0,0
B10748,1,M-5,25210,21611,8500,35,0,0
B10748,2,M-4,30118,25453,25174,76,0,0
B10748,3,M-3,27583,18683,3377,69,0,0
B10748,4,M-2,27314,15500,8492,85,0,0
B10748,5,M-1,30946,20794,30837,70,0,0
B10749,0,M-6,9795,7486,3534,30,0,0
B10749,1,M-5,9333,7464,6617,86,0,0
B10749,2,M-4,9167,8106,5778,71,0,0
B10749,3,M-3,8825,6229,9520,33,0,0
B10749,4,M-2,7928,7011,9329,36,0,0
B10749,5,M-1,8906,4348,2255,31,0,0
B10750,0,M-6,68254,52885,26120,85,0,0
B10750,1,M-5,71407,56751,28009,42,0,0
B10750,2,M-4,67284,46540,34493,62,0,0
B10750,3,M-3,72579,44645,32595,62,0,0
B10750,4,M-2,73735,56594,14576,34,0,0
B10750,5,M-1,73483,37001,33053,42,0,0
B10751,0,M-6,45571,22363,11093,25,0,0
B10751,1,M-5,47102,32055,23556,47,0,0
B10751,2,M-4,54010,35444,5723,84,0,0
B10751,3,M-3,51010,38202,9272,82,0,0
B10751,4,M-2,51901,37936,13400,63,0,0
B10751,5,M-1,49186,25826,5878,72,0,0
B10752,0,M-6,33885,26415,14893,31,0,0
B10752,1,M-5,40237,23123,15672,26,0,0
B10752,2,M-4,35352,26975,16952,28,0,0
B10752,3,M-3,38062,24065,8976,81,0,0
B10752,4,M-2,39756,30453,7215,30,0,0
B10752,5,M-1,41597,32649,12131,70,0,0
B10753,0,M-6,50518,40221,59514,37,0,0
B10753,1,M-5,49686,39108,36444,85,0,0
B10753,2,M-4,47896,38030,61348,60,0,0
B10753,3,M-3,50842,26134,18288,53,0,0
B10753,4,M-2,47028,24572,12626,48,0,0
B10753,5,M-1,55163,45872,62152,53,0,0
B10754,0,M-6,23308,19065,30805,86,0,0
B10754,1,M-5,23880,20455,17545,83,0,0
B10754,2,M-4,23921,22581,31133,70,0,0
B10754,3,M-3,23938,21302,5629,74,0,0
B10754,4,M-2,23658,12187,2506,73,0,0
B10754,5,M-1,22361,13800,23022,71,0,0
B10755,0,M-6,34774,24844,46347,40,0,0
B10755,1,M-5,35034,30507,8921,85,0,0
B10755,2,M-4,32237,16717,43222,45,0,0
B10755,3,M-3,36679,26473,48324,46,0,0
B10755,4,M-2,32996,29936,10888,57,0,0
B10755,5,M-1,33620,17966,47880,69,0,0
B10756,0,M-6,88317,44845,34524,49,0,0
B10756,1,M-5,77056,38104,15059,82,0,0
B10756,2,M-4,77881,61532,37270,39,0,0
B10756,3,M-3,84325,58070,41304,60,0,0
B10756,4,M-2,89507,66511,40169,43,0,0
B10756,5,M-1,76777,40823,10050,33,0,0
B10757,0,M-6,25973,13469,3499,42,0,0
B10757,1,M-5,25312,23443,24307,26,0,0
B10757,2,M-4,24028,17385,23778,70,0,0
B10757,3,M-3,25316,21097,7448,69,0,0
B10757,4,M-2,27773,15339,17865,49,0,0
B10757,5,M-1,28637,22952,4304,89,0,0
B10758,0,M-6,61075,29943,24364,51,0,0
B10758,1,M-5,60608,44851,24171,60,0,0
B10758,2,M-4,64966,41724,12908,55,0,0
B10758,3,M-3,55805,38077,16571,64,0,0
B10758,4,M-2,60177,29103,17763,62,0,0
B10758,5,M-1,55837,36137,8358,78,0,0
B10759,0,M-6,22689,18115,28309,85,0,0
B10759,1,M-5,22852,20609,30009,36,0,0
B10759,2,M-4,22107,11503,21682,46,0,0
B10759,3,M-3,21622,14693,28911,35,1,0
B10759,4,M-2,23097,20868,29427,78,0,0
B10759,5,M-1,20387,11412,28271,64,0,0
B10760,0,M-6,30728,16064,24250,71,0,0
B10760,1,M-5,31230,20036,9410,74,0,0
B10760,2,M-4,32633,18960,7441,50,0,0
B10760,3,M-3,33429,29870,41597,48,0,0
B10760,4,M-2,33824,27926,40832,51,0,0
B10760,5,M-1,30432,16930,19178,47,0,0
B10761,0,M-6,85964,57569,30745,65,0,0
B10761,1,M-5,80730,50774,19460,44,0,0
B10761,2,M-4,90118,56135,8876,58,0,0
B10761,3,M-3,95943,71911,39896,44,0,0
B10761,4,M-2,96032,44076,38174,81,0,0
B10761,5,M-1,87766,44684,18468,59,0,0
B10762,0,M-6,32322,14962,25688,84,0,0
B10762,1,M-5,33503,23089,33759,87,0,0
B10762,2,M-4,28815,20449,32016,56,0,0
B10762,3,M-3,26913,20615,31544,47,0,0
B10762,4,M-2,30818,28806,3300,37,0,0
B10762,5,M-1,27278,25665,28517,59,0,0
B10763,0,M-6,31240,25173,22438,71,0,0
B10763,1,M-5,32877,26644,6694,44,0,0
B10763,2,M-4,38756,27162,7369,39,0,0
B10763,3,M-3,42388,35146,27480,69,0,0
B10763,4,M-2,43587,25744,48267,42,0,0
B10763,5,M-1,46286,39052,31738,73,0,0
B10764,0,M-6,51198,25257,9729,77,0,0
B10764,1,M-5,48828,38355,6739,76,0,0
B10764,2,M-4,45923,36493,14683,65,0,0
B10764,3,M-3,53375,28114,15627,25,0,0
B10764,4,M-2,49530,31489,13955,33,0,0
B10764,5,M-1,50443,31724,5640,88,0,0
B10765,0,M-6,80283,63372,9417,34,0,0
B10765,1,M-5,79588,45381,24905,25,0,0
B10765,2,M-4,70464,53725,25777,77,0,0
B10765,3,M-3,81952,54905,29133,59,0,0
B10765,4,M-2,76344,40308,13137,77,0,0
B10765,5,M-1,80875,58746,28298,57,0,0
B10766,0,M-6,53712,33965,23372,78,0,0
B10766,1,M-5,54678,25153,20895,48,0,0
B10766,2,M-4,53313,28098,17822,67,0,0
B10766,3,M-3,54048,34773,13216,49,0,0
B10766,4,M-2,55036,43162,22367,87,0,0
B10766,5,M-1,56701,39491,9336,27,0,0
B10767,0,M-6,45509,39721,28775,72,0,0
B10767,1,M-5,39198,19672,35939,60,0,0
B10767,2,M-4,43616,26436,63503,68,0,0
B10767,3,M-3,41668,25561,30472,82,0,0
B10767,4,M-2,45372,24461,22060,39,0,0
B10767,5,M-1,51273,27694,52719,83,0,0
B10768,0,M-6,40547,28163,19220,84,0,0
B10768,1,M-5,47529,33755,18503,31,0,0
B10768,2,M-4,41308,26878,22340,64,0,0
B10768,3,M-3,47849,38109,22767,57,0,0
B10768,4,M-2,42654,23201,22114,53,0,0
B10768,5,M-1,47381,23298,8649,69,0,0
B10769,0,M-6,28190,14519,16006,30,0,0
B10769,1,M-5,30858,26165,34206,38,0,0
B10769,2,M-4,28099,23926,43420,67,0,0
B10769,3,M-3,33065,23483,28275,44,0,0
B10769,4,M-2,30688,22564,5719,87,0,0
B10769,5,M-1,29993,17946,36434,40,0,0
B10770,0,M-6,30815,24340,6325,57,0,0
B10770,1,M-5,32259,22719,16129,75,0,0
B10770,2,M-4,32924,17753,5962,31,0,0
B10770,3,M-3,31663,21419,4208,68,0,0
B10770,4,M-2,38226,24645,14434,70,0,0
B10770,5,M-1,36006,17550,4088,71,0,0
B10771,0,M-6,10485,9776,4085,89,0,0
B10771,1,M-5,10536,9489,2828,81,0,0
B10771,2,M-4,10364,4685,2559,34,0,0
B10771,3,M-3,11413,9402,14472,83,0,0
B10771,4,M-2,11608,10922,16206,33,0,0
B10771,5,M-1,11057,5873,4684,33,0,0
B10772,0,M-6,27225,23220,3979,85,0,0
B10772,1,M-5,29445,20410,16439,36,0,0
B10772,2,M-4,31232,28437,19089,79,0,0
B10772,3,M-3,25990,17892,33485,35,0,0
B10772,4,M-2,29554,21927,39333,43,0,0
B10772,5,M-1,26588,21138,36108,55,0,0
B10773,0,M-6,92356,61254,9580,53,0,0
B10773,1,M-5,82964,39558,43663,57,0,0
B10773,2,M-4,87858,51591,26400,77,0,0
B10773,3,M-3,85435,45103,26066,64,0,0
B10773,4,M-2,82340,39049,20455,84,0,0
B10773,5,M-1,88443,59810,12735,84,0,0
B10774,0,M-6,36890,32172,47686,87,0,0
B10774,1,M-5,35654,24158,48388,80,0,0
B10774,2,M-4,39981,26290,45072,75,0,0
B10774,3,M-3,41369,33310,52466,72,0,0
B10774,4,M-2,40098,19969,39270,60,0,0
B10774,5,M-1,40164,21831,44494,37,0,0
B10775,0,M-6,77459,61401,24646,33,0,0
B10775,1,M-5,70826,48992,12572,46,0,0
B10775,2,M-4,76974,35736,27923,60,0,0
B10775,3,M-3,71757,36940,36338,84,0,0
B10775,4,M-2,77313,48995,37490,85,0,0
B10775,5,M-1,79799,62006,10299,34,0,0
B10776,0,M-6,72433,57241,24690,27,0,0
B10776,1,M-5,66015,36708,14687,70,0,0
B10776,2,M-4,68653,54911,30130,45,0,0
B10776,3,M-3,68222,31706,17403,39,0,0
B10776,4,M-2,76931,49144,14211,85,0,0
B10776,5,M-1,64993,32868,17006,39,0,0
B10777,0,M-6,30183,17114,18590,34,0,0
B10777,1,M-5,30027,18345,36051,55,0,0
B10777,2,M-4,28224,22877,40087,67,0,0
B10777,3,M-3,32799,29355,39613,52,0,0
B10777,4,M-2,30237,26026,15691,41,0,0
B10777,5,M-1,34546,20981,32746,44,0,0
B10778,0,M-6,123988,62984,53956,28,0,0
B10778,1,M-5,107431,77637,58739,34,0,0
B10778,2,M-4,115465,64035,52088,28,0,0
B10778,3,M-3,125153,93823,58371,66,0,0
B10778,4,M-2,111920,89423,25509,70,0,0
B10778,5,M-1,129754,58559,55413,81,0,0
B10779,0,M-6,68440,32038,29891,31,0,0
B10779,1,M-5,75452,52642,7844,56,0,0
B10779,2,M-4,68630,36207,21231,53,0,0
B10779,3,M-3,62014,29105,10971,34,0,0
B10779,4,M-2,71924,54990,32387,77,0,0
B10779,5,M-1,63265,47427,8318,67,0,0
B10780,0,M-6,39937,26971,11843,48,1,0
B10780,1,M-5,41765,37422,23843,42,0,0
B10780,2,M-4,39177,19916,42293,87,0,0
B10780,3,M-3,40246,34952,28079,86,0,0
B10780,4,M-2,47196,43812,19626,67,0,0
B10780,5,M-1,44348,26045,14721,58,0,0
B10781,0,M-6,34436,24802,8378,36,0,0
B10781,1,M-5,32049,22183,9335,41,0,0
B10781,2,M-4,32537,24505,9818,80,0,0
B10781,3,M-3,32851,17660,7632,66,0,0
B10781,4,M-2,36747,23987,12798,38,0,0
B10781,5,M-1,34771,22743,10032,52,0,0
B10782,0,M-6,27121,16135,21282,86,0,0
B10782,1,M-5,30043,18480,37694,42,0,0
B10782,2,M-4,31760,21202,13288,35,0,0
B10782,3,M-3,30494,19850,13590,84,0,0
B10782,4,M-2,29291,21140,22354,32,0,0
B10782,5,M-1,29291,27560,26858,79,0,0
B10783,0,M-6,24595,13925,11847,54,0,0
B10783,1,M-5,27867,18429,28310,64,0,0
B10783,2,M-4,26473,15425,10785,29,0,0
B10783,3,M-3,27085,17556,19665,25,0,0
B10783,4,M-2,26156,13968,21846,27,0,0
B10783,5,M-1,22864,14785,16294,44,0,0
B10784,0,M-6,37816,29686,14808,38,0,0
B10784,1,M-5,39141,30849,14162,42,0,0
B10784,2,M-4,38600,28434,7095,33,0,0
B10784,3,M-3,46424,25547,12247,57,0,0
B10784,4,M-2,42139,22575,9321,40,0,0
B10784,5,M-1,47014,21880,19086,69,0,0
B10785,0,M-6,50837,27674,23103,45,0,0
B10785,1,M-5,51420,28644,24271,64,0,0
B10785,2,M-4,56923,43973,17334,52,0,0
B10785,3,M-3,53215,38701,10650,77,0,0
B10785,4,M-2,58586,30522,21653,49,0,0
B10785,5,M-1,61911,41683,25783,81,0,0
B10786,0,M-6,73486,36312,23587,88,0,0
B10786,1,M-5,89025,52426,22331,88,0,0
B10786,2,M-4,92661,64260,30958,52,0,0
B10786,3,M-3,78590,48586,30334,88,0,0
B10786,4,M-2,95746,61313,27395,77,0,0
B10786,5,M-1,100983,71918,26345,54,0,0
B10787,0,M-6,14819,7760,13980,75,0,0
B10787,1,M-5,16292,12178,12772,53,0,0
B10787,2,M-4,14013,9999,1610,54,0,0
B10787,3,M-3,15038,7972,2341,25,0,0
B10787,4,M-2,16590,13871,12170,80,0,0
B10787,5,M-1,17537,15894,3157,70,0,0
B10788,0,M-6,13276,10427,5579,88,0,0
B10788,1,M-5,11480,10648,7210,29,0,0
B10788,2,M-4,13545,11445,13785,43,0,0
B10788,3,M-3,12325,6869,7087,77,0,0
B10788,4,M-2,12723,6231,16940,56,0,0
B10788,5,M-1,14523,11209,7421,56,0,0
B10789,0,M-6,69426,55095,25057,80,0,0
B10789,1,M-5,77722,61914,21065,33,0,0
B10789,2,M-4,68164,51276,24490,39,0,0
B10789,3,M-3,67310,48230,10648,44,0,0
B10789,4,M-2,62396,33724,14173,77,0,0
B10789,5,M-1,63732,28799,17046,50,0,0
B10790,0,M-6,19300,17766,18140,51,0,0
B10790,1,M-5,20980,12355,18537,36,0,0
B10790,2,M-4,19724,16799,12747,40,0,0
B10790,3,M-3,17904,12105,14869,36,0,1
B10790,4,M-2,16759,9147,17312,58,0,0
B10790,5,M-1,17679,15912,5526,72,0,0
B10791,0,M-6,15270,11019,11259,54,0,0
B10791,1,M-5,16926,9910,23113,34,0,0
B10791,2,M-4,16741,13256,2431,81,0,0
B10791,3,M-3,17480,11553,3092,47,0,0
B10791,4,M-2,15529,10103,20956,41,0,0
B10791,5,M-1,16875,9255,2526,35,0,0
B10792,0,M-6,32397,21288,7330,29,0,0
B10792,1,M-5,34539,22478,6602,42,0,0
B10792,2,M-4,35290,23386,13606,50,0,0
B10792,3,M-3,34065,15850,15676,53,0,0
B10792,4,M-2,36939,28020,10043,36,0,0
B10792,5,M-1,39238,22276,8787,82,0,0
B10793,0,M-6,56283,41400,38041,70,0,0
B10793,1,M-5,57345,45615,36914,68,0,0
B10793,2,M-4,62502,58670,12987,47,0,0
B10793,3,M-3,61791,39945,17128,65,0,0
B10793,4,M-2,61071,56515,25258,60,0,0
B10793,5,M-1,63917,42757,28690,28,0,0
B10794,0,M-6,16603,12796,7321,49,0,0
B10794,1,M-5,18046,14308,22125,78,0,0
B10794,2,M-4,17723,13727,21513,54,0,0
B10794,3,M-3,18177,13727,11158,42,0,0
B10794,4,M-2,15951,8049,5488,27,0,0
B10794,5,M-1,19196,13649,21591,57,0,0
B10795,0,M-6,21199,13216,22241,85,0,0
B10795,1,M-5,23061,18041,19753,59,0,0
B10795,2,M-4,22964,20906,10708,29,0,1
B10795,3,M-3,22297,16409,4844,87,0,0
B10795,4,M-2,23181,15237,11040,53,0,0
B10795,5,M-1,21202,9605,7517,79,0,0
B10796,0,M-6,18835,9358,24088,67,0,0
B10796,1,M-5,20243,9854,16555,58,0,0
B10796,2,M-4,25917,21731,33430,67,0,0
B10796,3,M-3,24100,15305,8795,85,0,0
B10796,4,M-2,25620,11848,12722,86,0,0
B10796,5,M-1,30823,16287,22527,51,0,0
B10797,0,M-6,39635,29137,12141,87,0,0
B10797,1,M-5,34192,23573,5451,37,0,0
B10797,2,M-4,36959,23356,11070,81,0,0
B10797,3,M-3,36101,27538,5377,28,0,0
B10797,4,M-2,41940,29412,17147,62,0,0
B10797,5,M-1,41609,27576,13501,84,0,0
B10798,0,M-6,25821,12430,40335,47,0,0
B10798,1,M-5,26850,21202,15817,75,0,0
B10798,2,M-4,28838,21159,13212,41,0,0
B10798,3,M-3,25559,23260,35941,60,0,0
B10798,4,M-2,28371,26038,22610,80,0,0
B10798,5,M-1,32292,27710,19547,35,0,0
B10799,0,M-6,28270,24918,12494,44,0,0
B10799,1,M-5,28913,21068,22056,51,0,0
B10799,2,M-4,30199,20718,34243,50,0,0
B10799,3,M-3,30599,27751,32124,55,0,0
B10799,4,M-2,28037,23354,40505,79,0,0
B10799,5,M-1,28759,22259,32367,86,0,0
B10800,0,M-6,15835,13565,15926,81,0,0
B10800,1,M-5,16123,13025,15535,65,0,0
B10800,2,M-4,18764,9404,26545,85,0,0
B10800,3,M-3,20617,14852,8705,30,1,0
B10800,4,M-2,21372,20185,14916,70,0,0
B10800,5,M-1,18576,15184,6287,45,0,0
B10801,0,M-6,54534,41925,23990,33,0,0
B10801,1,M-5,45555,32084,7505,77,0,0
B10801,2,M-4,46180,30819,13337,67,0,0
B10801,3,M-3,45261,33733,19302,54,0,0
B10801,4,M-2,46290,27777,8710,41,0,0
B10801,5,M-1,51029,25637,20920,34,0,0
B10802,0,M-6,17418,14142,13525,34,0,0
B10802,1,M-5,16286,10403,22120,37,0,0
B10802,2,M-4,16225,11848,6484,56,0,0
B10802,3,M-3,16370,12507,6830,77,0,0
B10802,4,M-2,15135,13213,8594,88,0,0
B10802,5,M-1,14866,9775,11796,38,0,0
B10803,0,M-6,33791,18106,15229,45,0,0
B10803,1,M-5,36148,29609,35535,38,0,0
B10803,2,M-4,41893,33933,4363,35,0,0
B10803,3,M-3,39897,35865,51207,84,0,0
B10803,4,M-2,38692,18487,49041,58,0,0
B10803,5,M-1,45212,38746,33698,88,0,0
B10804,0,M-6,38376,30930,28214,63,0,0
B10804,1,M-5,37054,23630,18776,80,0,0
B10804,2,M-4,43040,35052,8623,55,0,0
B10804,3,M-3,40258,31346,45848,58,0,0
B10804,4,M-2,41870,30088,38704,50,0,0
B10804,5,M-1,43741,33895,31456,31,0,0
B10805,0,M-6,83284,57791,38000,27,0,0
B10805,1,M-5,84392,47621,20872,74,0,0
B10805,2,M-4,86271,64264,31586,25,0,0
B10805,3,M-3,75017,48147,32938,29,0,0
B10805,4,M-2,84548,59209,27928,26,0,0
B10805,5,M-1,75686,38157,19719,30,0,0
B10806,0,M-6,45255,33932,9747,77,0,0
B10806,1,M-5,41663,30753,9741,34,0,0
B10806,2,M-4,43546,23920,19739,82,0,0
B10806,3,M-3,44507,29713,4615,85,0,0
B10806,4,M-2,42458,29600,11044,71,0,0
B10806,5,M-1,43035,25556,14128,41,0,0
B10807,0,M-6,7807,5097,9372,72,0,0
B10807,1,M-5,7232,3606,3221,48,0,0
B10807,2,M-4,7281,5130,9250,40,1,0
B10807,3,M-3,7078,6544,3674,56,0,0
B10807,4,M-2,8028,6280,8554,60,0,0
B10807,5,M-1,8347,7332,8411,52,0,0
B10808,0,M-6,46312,33928,6359,52,0,0
B10808,1,M-5,44395,30075,9923,28,0,0
B10808,2,M-4,45324,25105,15711,79,0,0
B10808,3,M-3,37309,20641,16455,51,0,0
B10808,4,M-2,40243,19517,12512,50,0,0
B10808,5,M-1,43489,22256,6430,51,0,0
B10809,0,M-6,32213,22379,27214,41,0,0
B10809,1,M-5,27366,17338,11346,75,0,0
B10809,2,M-4,26693,12393,10946,35,0,0
B10809,3,M-3,30649,29096,14984,33,0,0
B10809,4,M-2,27095,24701,15452,79,0,0
B10809,5,M-1,26158,13576,31472,31,0,0
B10810,0,M-6,69453,34342,25640,52,0,0
B10810,1,M-5,69305,35693,10801,35,0,0
B10810,2,M-4,71043,51324,23523,48,0,0
B10810,3,M-3,63658,49968,20073,83,0,0
B10810,4,M-2,68429,40958,14116,65,0,0
B10810,5,M-1,69634,48642,11654,80,0,0
B10811,0,M-6,7127,6025,5576,79,0,0
B10811,1,M-5,7148,3324,9115,68,0,0
B10811,2,M-4,7806,6694,3093,31,0,0
B10811,3,M-3,7690,7044,2285,57,0,0
B10811,4,M-2,7020,3353,5461,77,0,0
B10811,5,M-1,8210,6202,6550,67,0,0
B10812,0,M-6,73585,34138,23839,51,0,0
B10812,1,M-5,62070,49314,31400,47,0,0
B10812,2,M-4,59600,27055,10642,27,0,0
B10812,3,M-3,69241,38047,20042,85,0,0
B10812,4,M-2,63850,32327,10931,33,0,0
B10812,5,M-1,60201,33851,23948,82,0,0
B10813,0,M-6,20208,13541,17908,47,0,0
B10813,1,M-5,20347,11960,14568,39,0,0
B10813,2,M-4,19865,16114,15589,78,0,0
B10813,3,M-3,21864,15568,19670,29,0,0
B10813,4,M-2,21594,11512,12996,50,0,0
B10813,5,M-1,20018,14281,23802,55,0,0
B10814,0,M-6,35769,31384,44405,44,0,0
B10814,1,M-5,42588,39965,8249,77,0,0
B10814,2,M-4,41744,32864,27107,65,0,0
B10814,3,M-3,45954,22333,61002,30,0,0
B10814,4,M-2,43401,36220,13955,51,0,0
B10814,5,M-1,54566,45798,30413,50,0,0
B10815,0,M-6,76775,50655,30782,37,0,0
B10815,1,M-5,84942,43250,9398,48,0,0
B10815,2,M-4,83128,62583,9884,60,0,0
B10815,3,M-3,85304,42311,31611,52,0,0
B10815,4,M-2,89401,40299,42392,28,0,0
B10815,5,M-1,84907,60597,30495,29,0,0
B10816,0,M-6,51905,32429,8399,50,0,0
B10816,1,M-5,56194,39622,28089,55,0,0
B10816,2,M-4,52421,31511,16059,26,0,0
B10816,3,M-3,53943,25550,11776,32,0,0
B10816,4,M-2,52520,29389,21671,29,0,0
B10816,5,M-1,52994,40668,14642,32,0,0
B10817,0,M-6,58007,26133,24097,55,0,0
B10817,1,M-5,56991,40795,15741,81,0,0
B10817,2,M-4,60362,27727,24544,74,0,0
B10817,3,M-3,54460,37905,10378,81,0,0
B10817,4,M-2,61010,35676,7216,68,0,0
B10817,5,M-1,60251,36078,8863,70,0,0
B10818,0,M-6,16191,8188,26875,34,0,0
B10818,1,M-5,18301,10133,5095,29,0,0
B10818,2,M-4,20017,15158,14195,73,0,0
B10818,3,M-3,22208,12023,23569,31,0,0
B10818,4,M-2,23554,14622,27908,89,0,0
B10818,5,M-1,24685,23334,18619,70,0,0
B10819,0,M-6,14248,9490,6455,84,0,0
B10819,1,M-5,15876,9097,13483,27,0,0
B10819,2,M-4,16259,11292,11467,30,0,0
B10819,3,M-3,18435,13564,21709,88,0,0
B10819,4,M-2,19002,17020,9698,66,0,0
B10819,5,M-1,20978,10569,16906,72,0,0
B10820,0,M-6,43025,36856,21926,37,0,0
B10820,1,M-5,41147,29917,64291,41,0,0
B10820,2,M-4,40650,30278,10506,55,0,0
B10820,3,M-3,40419,22257,36369,29,0,0
B10820,4,M-2,48157,24613,30695,77,0,0
B10820,5,M-1,49093,35434,39937,70,0,0
B10821,0,M-6,29298,24139,6202,87,1,0
B10821,1,M-5,31551,19301,29651,29,0,0
B10821,2,M-4,31357,21764,20581,33,0,0
B10821,3,M-3,36733,19890,11820,27,0,0
B10821,4,M-2,32692,19501,4931,77,0,0
B10821,5,M-1,35392,21124,9318,84,0,0
B10822,0,M-6,47407,22945,30544,81,0,0
B10822,1,M-5,49279,22533,55267,30,0,0
B10822,2,M-4,50205,30672,67411,35,0,0
B10822,3,M-3,47310,43147,40220,73,0,0
B10822,4,M-2,56478,43400,27089,76,0,0
B10822,5,M-1,56179,41195,37122,67,0,0
B10823,0,M-6,11378,9455,9646,52,0,0
B10823,1,M-5,13433,9187,7291,29,0,0
B10823,2,M-4,13258,9602,4248,59,0,0
B10823,3,M-3,13600,9567,1692,48,0,0
B10823,4,M-2,12586,11841,1425,45,0,0
B10823,5,M-1,14544,10437,7070,36,0,0
B10824,0,M-6,110926,51990,12301,45,0,0
B10824,1,M-5,122582,78763,48550,53,0,0
B10824,2,M-4,106233,80544,21536,49,0,0
B10824,3,M-3,107254,73090,25164,31,0,0
B10824,4,M-2,101030,49568,51218,33,0,0
B10824,5,M-1,107989,65063,26754,58,0,0
B10825,0,M-6,77010,35671,24345,57,0,0
B10825,1,M-5,86228,44753,22812,29,0,0
B10825,2,M-4,84523,44099,17159,30,0,0
B10825,3,M-3,84010,53094,16893,33,0,0
B10825,4,M-2,83386,38024,29613,52,0,0
B10825,5,M-1,71788,51940,23082,80,0,0
B10826,0,M-6,36007,24735,6074,36,0,0
B10826,1,M-5,36762,24517,6016,47,0,0
B10826,2,M-4,32647,28510,8548,74,0,0
B10826,3,M-3,36233,18284,4511,77,0,0
B10826,4,M-2,38225,34590,34279,55,0,0
B10826,5,M-1,37643,23287,43313,40,0,0
B10827,0,M-6,34961,27128,14615,60,0,0
B10827,1,M-5,33138,26859,34028,86,0,0
B10827,2,M-4,36114,33731,33377,62,0,0
B10827,3,M-3,37111,24713,18414,29,0,0
B10827,4,M-2,35153,26316,10231,67,0,0
B10827,5,M-1,31952,14858,5280,30,1,0
B10828,0,M-6,6783,5877,9767,76,0,0
B10828,1,M-5,6992,5786,6883,35,0,0
B10828,2,M-4,7195,6531,3449,61,0,0
B10828,3,M-3,6947,3514,989,49,0,0
B10828,4,M-2,7498,5832,10734,59,0,0
B10828,5,M-1,7712,3741,3145,54,0,0
B10829,0,M-6,13815,9170,4585,87,0,0
B10829,1,M-5,13890,12909,18820,57,0,0
B10829,2,M-4,13949,9638,14151,88,0,0
B10829,3,M-3,12779,7364,7542,77,0,0
B10829,4,M-2,13378,12330,12753,35,0,0
B10829,5,M-1,14797,12203,12065,68,0,0
B10830,0,M-6,38196,29450,17999,88,0,0
B10830,1,M-5,34114,17323,19496,72,0,0
B10830,2,M-4,34816,27283,25796,37,0,0
B10830,3,M-3,36307,16514,27733,29,0,0
B10830,4,M-2,30403,26568,7814,42,0,0
B10830,5,M-1,33958,23406,37228,56,0,0
B10831,0,M-6,70326,34915,29876,26,0,0
B10831,1,M-5,77680,35840,15759,85,0,0
B10831,2,M-4,82860,48652,23711,29,0,0
B10831,3,M-3,70962,45094,9127,49,0,0
B10831,4,M-2,75125,58312,26593,81,0,0
B10831,5,M-1,77039,49674,8876,72,0,0
B10832,0,M-6,39370,29250,10109,59,0,0
B10832,1,M-5,41782,29487,12672,73,0,0
B10832,2,M-4,40877,32556,11330,34,0,0
B10832,3,M-3,44393,33249,7730,69,0,0
B10832,4,M-2,42641,27034,13245,78,0,0
B10832,5,M-1,44393,35505,19335,58,0,0
B10833,0,M-6,42851,34135,18350,70,0,0
B10833,1,M-5,45799,37130,60176,30,0,0
B10833,2,M-4,45416,37066,16835,29,0,0
B10833,3,M-3,48013,22148,46812,81,0,0
B10833,4,M-2,43195,21890,18458,29,0,0
B10833,5,M-1,45036,35509,9979,63,0,0
B10834,0,M-6,20044,15939,8428,32,0,0
B10834,1,M-5,18012,10065,16149,60,0,0
B10834,2,M-4,17752,16843,9224,67,0,0
B10834,3,M-3,18599,12477,23196,69,0,0
B10834,4,M-2,18582,11489,8229,59,1,0
B10834,5,M-1,17009,12543,5895,26,0,0
B10835,0,M-6,60454,40490,7319,47,0,0
B10835,1,M-5,60372,29539,30608,79,0,0
B10835,2,M-4,65307,52199,19384,38,0,0
B10835,3,M-3,69774,55367,20820,84,0,0
B10835,4,M-2,63985,32133,27028,46,0,0
B10835,5,M-1,70586,36667,17609,60,0,0
B10836,0,M-6,9497,4383,16902,71,0,0
B10836,1,M-5,11098,5252,15257,61,0,0
B10836,2,M-4,12300,7966,16436,34,0,0
B10836,3,M-3,12233,11028,7412,33,0,0
B10836,4,M-2,12812,9440,17308,89,0,0
B10836,5,M-1,16142,9955,5884,48,0,0
B10837,0,M-6,20980,17575,18510,69,0,0
B10837,1,M-5,20362,9472,6774,51,0,0
B10837,2,M-4,21022,9937,15763,36,0,0
B10837,3,M-3,19429,11283,16240,25,0,0
B10837,4,M-2,20455,13741,20951,73,0,0
B10837,5,M-1,20652,17082,4191,29,0,0
B10838,0,M-6,36946,27400,51489,50,0,0
B10838,1,M-5,36371,34359,51995,33,0,0
B10838,2,M-4,36907,33953,30609,81,0,0
B10838,3,M-3,37884,33666,19112,73,0,0
B10838,4,M-2,46000,35438,26056,27,0,0
B10838,5,M-1,46703,28875,43700,73,0,0
B10839,0,M-6,42138,25690,13821,55,0,0
B10839,1,M-5,40105,27347,12444,79,0,0
B10839,2,M-4,38502,18579,17894,52,0,0
B10839,3,M-3,42024,28550,21657,31,0,0
B10839,4,M-2,44867,33013,12278,65,0,0
B10839,5,M-1,46656,30631,21294,55,0,0
B10840,0,M-6,64776,42457,21943,70,0,0
B10840,1,M-5,61201,44366,12842,58,0,0
B10840,2,M-4,65929,48478,33777,39,0,0
B10840,3,M-3,73065,35238,19448,29,0,0
B10840,4,M-2,79688,43046,24305,66,0,0
B10840,5,M-1,76187,43489,12315,54,0,0
B10841,0,M-6,39174,27573,55066,43,0,0
B10841,1,M-5,38531,27335,11572,55,0,0
B10841,2,M-4,40364,33427,45469,44,0,0
B10841,3,M-3,47574,40634,13391,56,1,0
B10841,4,M-2,46662,35957,18663,56,0,0
B10841,5,M-1,48878,33492,18943,54,0,0
B10842,0,M-6,85743,56025,32267,51,0,0
B10842,1,M-5,91555,58021,16069,68,0,0
B10842,2,M-4,96826,69010,32885,31,0,0
B10842,3,M-3,94105,45611,22991,71,0,0
B10842,4,M-2,96064,56591,18575,45,0,0
B10842,5,M-1,92026,69065,17464,40,0,0
B10843,0,M-6,74422,51031,27740,32,0,0
B10843,1,M-5,68748,53571,22507,79,0,0
B10843,2,M-4,66386,44963,10214,66,0,0
B10843,3,M-3,78394,38063,28418,66,0,0
B10843,4,M-2,71015,55225,9548,45,0,0
B10843,5,M-1,82994,39141,10812,71,0,0
B10844,0,M-6,58439,39820,15350,80,0,0
B10844,1,M-5,54574,24660,6365,66,0,0
B10844,2,M-4,60900,42628,17293,68,0,0
B10844,3,M-3,60995,46889,20238,78,0,0
B10844,4,M-2,58546,33403,15151,53,0,0
B10844,5,M-1,56037,30584,28687,79,0,0
B10845,0,M-6,43616,32508,12375,84,0,0
B10845,1,M-5,44988,23580,6092,80,0,0
B10845,2,M-4,43866,23395,10838,63,0,0
B10845,3,M-3,50476,30409,12978,55,0,0
B10845,4,M-2,48807,36111,6650,72,0,0
B10845,5,M-1,51431,27745,6687,44,0,0
B10846,0,M-6,39458,20146,8136,87,0,0
B10846,1,M-5,34334,18235,11718,65,0,0
B10846,2,M-4,36659,20593,3700,82,0,0
B10846,3,M-3,33165,25652,6519,78,0,0
B10846,4,M-2,38292,28945,4232,31,0,0
B10846,5,M-1,35530,26378,10911,32,0,0
B10847,0,M-6,52983,24412,16985,84,0,0
B10847,1,M-5,49134,23019,22365,32,0,0
B10847,2,M-4,46025,33635,26396,50,0,0
B10847,3,M-3,48297,24490,8525,87,0,0
B10847,4,M-2,51062,38790,12269,77,0,0
B10847,5,M-1,54618,29527,12560,35,0,0
B10848,0,M-6,61434,31683,16223,27,0,0
B10848,1,M-5,63595,44942,26160,60,0,0
B10848,2,M-4,65381,50117,15957,40,0,0
B10848,3,M-3,61959,47298,17588,33,0,0
B10848,4,M-2,66368,35529,19739,86,0,0
B10848,5,M-1,55261,38006,23056,57,0,0
B10849,0,M-6,76109,34443,20260,67,0,0
B10849,1,M-5,90660,48608,9296,50,0,0
B10849,2,M-4,79107,39338,42957,83,0,0
B10849,3,M-3,93427,42522,17618,67,0,0
B10849,4,M-2,95652,74775,17910,57,0,0
B10849,5,M-1,97688,51822,29816,71,0,0
B10850,0,M-6,26009,17432,12252,85,0,0
B10850,1,M-5,29042,22028,8118,81,0,0
B10850,2,M-4,28159,19958,4028,36,0,0
B10850,3,M-3,29898,13664,25989,56,0,0
B10850,4,M-2,29209,26221,3153,37,0,0
B10850,5,M-1,30913,23655,30503,88,0,0
B10851,0,M-6,71475,42978,20604,35,0,0
B10851,1,M-5,75787,55008,15507,59,0,0
B10851,2,M-4,68137,36171,33120,25,0,0
B10851,3,M-3,67346,38606,20140,86,0,0
B10851,4,M-2,69960,31833,29642,89,0,0
B10851,5,M-1,71019,50960,35493,66,0,0
B10852,0,M-6,36407,25303,12451,80,0,0
B10852,1,M-5,32892,21334,8507,60,0,0
B10852,2,M-4,33638,15509,14538,33,0,0
B10852,3,M-3,31240,19123,6348,48,0,0
B10852,4,M-2,30705,20983,13393,60,0,0
B10852,5,M-1,33932,17225,6254,80,0,0
B10853,0,M-6,52523,26457,17007,84,0,0
B10853,1,M-5,50018,35214,26104,74,0,0
B10853,2,M-4,51667,31007,12269,28,0,0
B10853,3,M-3,60244,43483,8870,48,0,0
B10853,4,M-2,61348,36129,19569,65,0,0
B10853,5,M-1,59655,27180,22987,59,0,0
B10854,0,M-6,35076,17391,14391,83,0,0
B10854,1,M-5,36251,21942,17552,37,0,0
B10854,2,M-4,36701,23417,10517,86,0,0
B10854,3,M-3,35072,20837,15270,71,0,0
B10854,4,M-2,35929,21015,11457,40,0,0
B10854,5,M-1,35926,28186,14633,39,0,0
B10855,0,M-6,18254,12415,2511,89,0,0
B10855,1,M-5,16111,10520,2611,41,0,0
B10855,2,M-4,18218,14398,7964,53,0,0
B10855,3,M-3,16712,10130,5822,67,0,0
B10855,4,M-2,16128,11956,4193,34,0,0
B10855,5,M-1,16439,10925,4820,79,0,0
B10856,0,M-6,45546,25885,4629,74,0,0
B10856,1,M-5,42917,25128,17555,51,0,0
B10856,2,M-4,47623,30061,8258,89,0,0
B10856,3,M-3,45573,31031,12753,45,0,0
B10856,4,M-2,40177,26929,5482,89,0,0
B10856,5,M-1,46634,36728,18328,29,0,0
B10857,0,M-6,35712,18812,4829,47,0,0
B10857,1,M-5,32474,21338,20688,56,0,0
B10857,2,M-4,31457,22924,45718,46,0,0
B10857,3,M-3,34040,19838,17884,29,0,0
B10857,4,M-2,37521,26772,30348,33,0,0
B10857,5,M-1,34258,18516,15706,67,0,0
B10858,0,M-6,87654,65125,15804,50,0,0
B10858,1,M-5,93122,71372,28662,65,0,0
B10858,2,M-4,83157,40709,29040,27,0,0
B10858,3,M-3,90518,57202,13633,75,0,0
B10858,4,M-2,77398,57784,27004,70,0,0
B10858,5,M-1,77412,44969,23830,46,0,0
B10859,0,M-6,35925,17133,17391,44,0,0
B10859,1,M-5,35863,18712,14492,25,0,0
B10859,2,M-4,39450,20577,10814,84,0,0
B10859,3,M-3,37819,21789,14035,49,0,0
B10859,4,M-2,40530,27991,10234,82,0,0
B10859,5,M-1,42651,21939,10369,29,0,0
B10860,0,M-6,36313,23657,36828,34,0,0
B10860,1,M-5,41643,23364,45510,83,0,0
B10860,2,M-4,41155,21822,58677,53,0,0
B10860,3,M-3,40985,29766,23628,31,0,0
B10860,4,M-2,37460,30033,16804,63,0,0
B10860,5,M-1,38247,20718,49954,47,0,0
B10861,0,M-6,23873,11316,12639,67,0,0
B10861,1,M-5,22085,15275,8320,43,0,0
B10861,2,M-4,22499,20233,5985,44,0,0
B10861,3,M-3,22617,16215,27814,48,0,0
B10861,4,M-2,22844,16478,10814,28,0,0
B10861,5,M-1,20450,17895,7334,77,0,0
B10862,0,M-6,11693,7325,11607,80,0,0
B10862,1,M-5,10062,8606,7845,64,0,0
B10862,2,M-4,11275,7567,5955,80,0,1
B10862,3,M-3,11056,8512,1656,80,0,0
B10862,4,M-2,11551,6009,13585,84,0,0
B10862,5,M-1,11030,7454,8696,64,0,0
B10863,0,M-6,56552,44594,17625,43,0,0
B10863,1,M-5,62944,48987,24084,32,0,0
B10863,2,M-4,64155,44221,15744,43,0,0
B10863,3,M-3,65750,50711,6841,33,0,0
B10863,4,M-2,66798,37452,9522,74,0,0
B10863,5,M-1,68493,42819,22084,50,0,0
B10864,0,M-6,29314,13434,3468,43,0,0
B10864,1,M-5,26990,13121,15542,33,0,0
B10864,2,M-4,29668,15623,33122,50,0,0
B10864,3,M-3,29621,21981,15450,56,0,0
B10864,4,M-2,28850,24310,13589,68,0,0
B10864,5,M-1,28185,16219,12154,62,0,0
B10865,0,M-6,73539,48146,22587,48,0,0
B10865,1,M-5,80271,61284,11201,44,0,0
B10865,2,M-4,72647,50939,8261,73,0,0
B10865,3,M-3,71694,35127,7658,37,0,0
B10865,4,M-2,86772,53292,14126,51,0,0
B10865,5,M-1,72872,40494,13307,40,0,0
B10866,0,M-6,21151,19858,23924,59,0,0
B10866,1,M-5,24671,20497,11235,50,0,0
B10866,2,M-4,24734,14626,25862,44,0,0
B10866,3,M-3,24538,15612,13094,74,0,0
B10866,4,M-2,24750,17574,34375,35,0,0
B10866,5,M-1,26482,19575,24907,60,0,0
B10867,0,M-6,54010,32758,23000,87,0,0
B10867,1,M-5,63440,49156,8099,31,0,0
B10867,2,M-4,56239,43467,15082,57,0,0
B10867,3,M-3,53527,37734,14699,41,0,0
B10867,4,M-2,55910,29289,21438,62,0,0
B10867,5,M-1,55167,40535,16312,31,0,0
B10868,0,M-6,53925,29300,20416,72,0,0
B10868,1,M-5,49288,25449,13595,60,0,0
B10868,2,M-4,50525,25120,13600,43,0,0
B10868,3,M-3,50223,31538,16887,73,0,0
B10868,4,M-2,46973,23181,7519,29,0,0
B10868,5,M-1,47523,32453,11233,60,0,0
B10869,0,M-6,35559,21044,11474,81,0,0
B10869,1,M-5,37222,27427,14551,60,0,0
B10869,2,M-4,33090,22205,8080,68,0,0
B10869,3,M-3,33662,15834,7512,65,0,0
B10869,4,M-2,35810,21178,15844,39,0,0
B10869,5,M-1,35797,28498,14341,45,0,0
B10870,0,M-6,86712,54400,11695,65,0,0
B10870,1,M-5,79426,50992,40779,72,0,0
B10870,2,M-4,87092,43915,12203,66,0,0
B10870,3,M-3,83997,41232,14107,74,0,0
B10870,4,M-2,84741,41857,20944,65,0,0
B10870,5,M-1,82045,57283,41157,26,0,0
B10871,0,M-6,35230,26091,11779,76,0,0
B10871,1,M-5,31038,15402,42612,60,0,0
B10871,2,M-4,33159,18109,38294,81,0,0
B10871,3,M-3,32108,27202,4204,72,0,0
B10871,4,M-2,29835,20172,44610,55,0,0
B10871,5,M-1,33727,17776,4302,81,0,0
B10872,0,M-6,47064,37426,23636,39,0,1
B10872,1,M-5,42062,20220,11653,66,0,0
B10872,2,M-4,42748,32130,47379,58,0,0
B10872,3,M-3,45306,29597,24189,29,0,0
B10872,4,M-2,39851,35892,58628,51,0,0
B10872,5,M-1,40316,29601,45922,62,0,0
B10873,0,M-6,45314,23406,45447,55,0,0
B10873,1,M-5,42144,23519,22936,67,0,0
B10873,2,M-4,49996,26319,46675,43,0,0
B10873,3,M-3,51120,39281,33271,40,0,0
B10873,4,M-2,46429,30004,41936,52,0,0
B10873,5,M-1,47540,29862,61774,29,0,0
B10874,0,M-6,22300,11527,13846,29,0,0
B10874,1,M-5,19650,14340,13182,88,0,0
B10874,2,M-4,21175,17008,16468,25,0,0
B10874,3,M-3,19554,10142,8730,31,0,0
B10874,4,M-2,19766,10478,4152,64,0,0
B10874,5,M-1,22568,20475,21691,45,0,0
B10875,0,M-6,68467,36709,15137,83,0,0
B10875,1,M-5,61485,29790,16702,34,0,0
B10875,2,M-4,67839,54063,14038,77,0,0
B10875,3,M-3,69692,51276,19002,84,0,0
B10875,4,M-2,70526,44744,30515,88,0,0
B10875,5,M-1,59542,37085,20405,48,0,0
B10876,0,M-6,21831,17177,29697,73,0,0
B10876,1,M-5,24352,16896,30989,27,0,0
B10876,2,M-4,23942,16339,9266,84,0,0
B10876,3,M-3,28458,24726,34047,88,0,0
B10876,4,M-2,29528,16978,2945,76,0,0
B10876,5,M-1,30501,20005,32228,73,0,0
B10877,0,M-6,45516,34022,9640,82,0,0
B10877,1,M-5,44591,35084,20028,52,0,0
B10877,2,M-4,47952,35627,6936,63,0,0
B10877,3,M-3,49194,31982,13133,82,0,0
B10877,4,M-2,44749,30693,22679,53,0,0
B10877,5,M-1,51420,26724,15553,70,0,0
B10878,0,M-6,42162,35704,58274,27,0,0
B10878,1,M-5,45835,27795,8039,73,0,0
B10878,2,M-4,48973,28668,61863,87,0,0
B10878,3,M-3,49486,29726,29991,48,0,0
B10878,4,M-2,44705,22219,45764,34,0,0
B10878,5,M-1,43703,20766,65676,59,0,0
B10879,0,M-6,28460,16401,4505,77,0,0
B10879,1,M-5,31791,22370,6794,75,0,0
B10879,2,M-4,32256,14892,11265,54,0,0
B10879,3,M-3,30243,14337,8491,59,0,0
B10879,4,M-2,35181,16270,11974,44,0,0
B10879,5,M-1,32162,15188,6137,49,0,0
B10880,0,M-6,20279,16933,14311,70,0,0
B10880,1,M-5,19148,13509,16508,26,0,0
B10880,2,M-4,21895,17688,21895,63,0,0
B10880,3,M-3,20534,12231,22967,30,0,0
B10880,4,M-2,21373,12116,21412,72,0,0
B10880,5,M-1,20234,10663,9484,53,0,0
B10881,0,M-6,24514,21860,27439,70,0,0
B10881,1,M-5,28545,13071,24971,71,0,0
B10881,2,M-4,28969,25346,2773,36,0,0
B10881,3,M-3,24327,15355,19923,41,0,0
B10881,4,M-2,27513,18761,4352,77,0,0
B10881,5,M-1,27388,13510,16327,77,0,0
B10882,0,M-6,23271,17503,12315,59,0,0
B10882,1,M-5,23644,16908,11145,38,0,0
B10882,2,M-4,28073,18283,9452,48,0,0
B10882,3,M-3,27407,19755,9272,38,1,0
B10882,4,M-2,28817,13593,8999,61,0,0
B10882,5,M-1,28123,14994,4160,42,0,0
B10883,0,M-6,75286,43772,29366,72,0,0
B10883,1,M-5,71035,44008,22193,79,0,0
B10883,2,M-4,64008,39077,12278,40,0,0
B10883,3,M-3,69282,31715,18169,26,0,0
B10883,4,M-2,73211,47964,13509,51,0,0
B10883,5,M-1,70240,34489,12148,78,0,0
B10884,0,M-6,44151,23698,13954,25,0,0
B10884,1,M-5,44328,38083,32347,86,0,0
B10884,2,M-4,43971,39342,31125,62,0,0
B10884,3,M-3,43924,25586,8494,34,0,0
B10884,4,M-2,42202,34974,21509,74,0,0
B10884,5,M-1,45423,26715,54987,26,0,0
B10885,0,M-6,32388,25171,29923,89,0,0
B10885,1,M-5,32537,29446,29553,69,0,0
B10885,2,M-4,33231,31324,11219,71,0,0
B10885,3,M-3,35287,22817,33887,75,0,0
B10885,4,M-2,36434,20827,33089,65,0,0
B10885,5,M-1,32705,29466,23577,30,0,0
B10886,0,M-6,34589,16885,6419,26,0,0
B10886,1,M-5,35466,19718,9645,36,0,0
B10886,2,M-4,40197,23993,20801,57,0,0
B10886,3,M-3,42386,19592,17244,32,0,0
B10886,4,M-2,42457,25004,8236,46,0,0
B10886,5,M-1,38749,24093,6796,37,0,0
B10887,0,M-6,25015,12275,17171,63,0,0
B10887,1,M-5,26535,21784,23635,55,0,0
B10887,2,M-4,25166,14467,21801,66,0,0
B10887,3,M-3,24531,22875,9112,75,0,0
B10887,4,M-2,26021,18476,14160,81,0,0
B10887,5,M-1,24493,22965,28889,62,0,0
B10888,0,M-6,7861,4904,8676,65,0,0
B10888,1,M-5,7774,5796,7247,43,0,0
B10888,2,M-4,6994,5559,9136,82,0,0
B10888,3,M-3,6999,4991,5875,69,0,0
B10888,4,M-2,7633,5799,2038,85,0,0
B10888,5,M-1,7327,3675,7599,25,0,0
B10889,0,M-6,17522,11596,17989,53,0,0
B10889,1,M-5,15176,12538,8759,78,0,0
B10889,2,M-4,15536,12117,6330,74,1,0
B10889,3,M-3,14625,12898,7027,59,0,0
B10889,4,M-2,14633,13079,18997,79,0,0
B10889,5,M-1,14995,7822,19918,75,0,0
B10890,0,M-6,18677,10384,2151,69,0,0
B10890,1,M-5,16221,12140,10744,32,0,0
B10890,2,M-4,19193,10560,19926,44,0,0
B10890,3,M-3,19969,13785,20095,37,0,0
B10890,4,M-2,18326,10929,14442,84,0,0
B10890,5,M-1,18598,9524,5919,63,0,0
B10891,0,M-6,57856,28147,13034,58,0,0
B10891,1,M-5,60419,31353,9549,39,0,0
B10891,2,M-4,59296,28106,19249,60,0,0
B10891,3,M-3,53212,42072,17429,35,0,0
B10891,4,M-2,52782,41586,11338,52,0,0
B10891,5,M-1,48653,36770,10085,31,0,0
B10892,0,M-6,20670,11999,29172,63,0,0
B10892,1,M-5,21529,15946,6673,34,0,0
B10892,2,M-4,19606,15868,18397,27,0,0
B10892,3,M-3,20810,18394,28518,57,0,0
B10892,4,M-2,21921,13410,25919,65,0,0
B10892,5,M-1,18808,14263,17437,68,0,0
B10893,0,M-6,43899,22334,13981,79,0,0
B10893,1,M-5,45438,35434,13634,39,0,0
B10893,2,M-4,44071,28631,4529,50,0,0
B10893,3,M-3,43934,28463,5350,29,0,0
B10893,4,M-2,41387,23861,9918,31,0,0
B10893,5,M-1,36418,20156,16191,81,0,0
B10894,0,M-6,41831,31536,14505,88,0,0
B10894,1,M-5,36368,27676,14695,49,0,0
B10894,2,M-4,40869,22126,5492,77,0,0
B10894,3,M-3,42246,33080,14611,31,0,0
B10894,4,M-2,38136,26246,16816,77,0,0
B10894,5,M-1,40906,26122,17757,43,0,0
B10895,0,M-6,28301,24193,12180,65,0,0
B10895,1,M-5,30269,20846,35614,43,0,0
B10895,2,M-4,30283,27151,3423,64,0,0
B10895,3,M-3,30864,20747,18326,51,0,0
B10895,4,M-2,33344,24268,4765,58,0,0
B10895,5,M-1,34586,27989,6870,77,0,0
B10896,0,M-6,10337,8544,5226,31,0,0
B10896,1,M-5,9588,8580,901,64,1,0
B10896,2,M-4,9467,8643,5426,77,0,0
B10896,3,M-3,9386,7530,3543,50,0,0
B10896,4,M-2,8319,4868,1582,60,0,0
B10896,5,M-1,8193,6453,2403,66,0,0
B10897,0,M-6,39444,19627,9694,71,0,0
B10897,1,M-5,47176,26491,21305,85,0,0
B10897,2,M-4,48779,23484,6430,83,0,0
B10897,3,M-3,43770,27544,15860,31,0,0
B10897,4,M-2,44055,31314,15400,48,0,0
B10897,5,M-1,52953,24286,11933,51,0,0
B10898,0,M-6,24549,14642,18731,50,0,0
B10898,1,M-5,23128,19089,30312,55,0,0
B10898,2,M-4,24686,12254,28359,67,0,0
B10898,3,M-3,24029,17883,23775,53,0,0
B10898,4,M-2,26252,15003,22886,49,0,0
B10898,5,M-1,26123,18184,16817,81,0,0
B10899,0,M-6,52000,29516,6700,53,0,0
B10899,1,M-5,52397,34356,10163,42,0,0
B10899,2,M-4,59264,39005,17901,47,0,0
B10899,3,M-3,50382,32222,23829,40,0,0
B10899,4,M-2,58200,46481,26471,41,0,0
B10899,5,M-1,52383,32949,24944,74,0,0
B10900,0,M-6,55761,43880,19084,77,0,0
B10900,1,M-5,52718,24295,19679,61,0,0
B10900,2,M-4,55898,39582,17753,42,0,0
B10900,3,M-3,51225,40892,5967,58,0,0
B10900,4,M-2,49131,36974,9855,28,0,0
B10900,5,M-1,57405,31451,8110,34,0,0
B10901,0,M-6,25175,15024,7549,47,0,0
B10901,1,M-5,25804,13235,8195,87,0,0
B10901,2,M-4,26544,23054,28955,26,0,0
B10901,3,M-3,28184,25387,34630,81,0,0
B10901,4,M-2,26227,14637,14887,85,0,0
B10901,5,M-1,30006,21149,31507,38,0,0
B10902,0,M-6,39844,19599,20415,58,0,0
B10902,1,M-5,44831,25341,5204,52,0,0
B10902,2,M-4,40638,19515,15653,73,0,0
B10902,3,M-3,46527,34332,9962,36,0,0
B10902,4,M-2,46610,26275,7050,48,0,0
B10902,5,M-1,44759,29747,7380,79,0,0
B10903,0,M-6,26687,19302,10260,40,1,0
B10903,1,M-5,30631,14246,8203,27,0,0
B10903,2,M-4,30162,24040,16498,84,0,0
B10903,3,M-3,34025,20504,12013,59,0,0
B10903,4,M-2,31389,22424,26410,53,0,0
B10903,5,M-1,33224,23579,21963,59,0,0
B10904,0,M-6,102595,63218,45446,55,0,0
B10904,1,M-5,88671,52088,14100,65,0,0
B10904,2,M-4,99612,64024,41978,70,0,0
B10904,3,M-3,102270,78086,25090,74,0,0
B10904,4,M-2,83738,57410,42657,64,0,0
B10904,5,M-1,87802,59301,23036,48,0,0
B10905,0,M-6,16073,15261,28578,46,0,0
B10905,1,M-5,17719,8464,18104,25,0,0
B10905,2,M-4,18772,14367,21597,86,0,0
B10905,3,M-3,21378,10228,25568,54,0,0
B10905,4,M-2,22726,10367,7035,82,0,0
B10905,5,M-1,25080,21046,6840,70,0,0
B10906,0,M-6,36078,28459,43935,47,0,0
B10906,1,M-5,33313,31591,44176,67,0,0
B10906,2,M-4,34530,17959,39565,42,0,0
B10906,3,M-3,34893,26100,45543,50,0,0
B10906,4,M-2,35613,21465,36691,47,0,0
B10906,5,M-1,32689,19831,6475,42,0,0
B10907,0,M-6,69778,48971,25750,85,0,0
B10907,1,M-5,64946,37516,27432,61,0,0
B10907,2,M-4,69818,52139,31012,48,0,0
B10907,3,M-3,76151,46654,32991,67,0,0
B10907,4,M-2,68286,37077,18719,59,0,0
B10907,5,M-1,77430,49927,29970,47,0,0
B10908,0,M-6,55927,40773,15518,38,0,0
B10908,1,M-5,50320,25949,25754,85,0,0
B10908,2,M-4,59210,30580,24301,82,0,0
B10908,3,M-3,48940,31685,7097,25,0,0
B10908,4,M-2,52577,39914,7803,56,0,0
B10908,5,M-1,51094,29165,25560,65,0,0
B10909,0,M-6,41945,38928,8197,45,0,0
B10909,1,M-5,42869,33371,34973,59,0,0
B10909,2,M-4,45434,34553,25520,84,0,0
B10909,3,M-3,43329,30002,38783,42,0,0
B10909,4,M-2,48532,45857,48628,51,0,0
B10909,5,M-1,47980,29336,44350,43,1,0
B10910,0,M-6,71020,36500,14382,58,0,0
B10910,1,M-5,64798,49410,33465,79,0,0
B10910,2,M-4,70535,52130,29563,51,0,0
B10910,3,M-3,71560,33878,12825,56,0,0
B10910,4,M-2,77576,56639,21562,40,0,0
B10910,5,M-1,68050,42060,15060,51,0,0
B10911,0,M-6,11199,8970,15679,80,0,0
B10911,1,M-5,10366,5623,9151,63,0,0
B10911,2,M-4,10928,10257,16548,80,0,0
B10911,3,M-3,11563,9970,2137,44,0,0
B10911,4,M-2,12486,8156,2215,41,0,0
B10911,5,M-1,13255,9657,12039,72,0,0
B10912,0,M-6,69226,41968,35767,88,0,0
B10912,1,M-5,70392,34115,23554,38,0,0
B10912,2,M-4,78862,45219,21191,27,0,0
B10912,3,M-3,75498,52008,31174,63,0,0
B10912,4,M-2,66095,46148,13981,42,0,0
B10912,5,M-1,76604,47011,34998,36,0,0
B10913,0,M-6,46616,21104,8611,26,0,0
B10913,1,M-5,43578,31469,5215,89,0,0
B10913,2,M-4,41659,28828,12261,87,0,0
B10913,3,M-3,44512,29758,11291,41,0,0
B10913,4,M-2,46109,34217,19786,57,0,0
B10913,5,M-1,46305,31622,21894,78,0,0
B10914,0,M-6,22157,20207,19766,44,0,0
B10914,1,M-5,23329,11881,17943,68,0,0
B10914,2,M-4,23314,20331,32103,50,0,0
B10914,3,M-3,25916,24262,30234,73,0,0
B10914,4,M-2,26832,23175,16419,85,0,0
B10914,5,M-1,31672,17913,15156,88,0,1
B10915,0,M-6,46410,34518,7817,31,0,0
B10915,1,M-5,54895,38966,13460,26,0,0
B10915,2,M-4,47169,35338,19198,57,0,0
B10915,3,M-3,45301,27572,14060,26,0,0
B10915,4,M-2,51286,26123,5457,72,0,0
B10915,5,M-1,46641,30552,17604,26,0,0
B10916,0,M-6,22577,13872,6503,79,0,0
B10916,1,M-5,21491,14356,33798,29,0,0
B10916,2,M-4,22522,14277,10012,86,0,0
B10916,3,M-3,26239,20641,4819,68,0,0
B10916,4,M-2,24317,20034,35029,66,1,0
B10916,5,M-1,27251,16802,28320,41,0,0
B10917,0,M-6,9346,8346,1969,87,0,0
B10917,1,M-5,7756,6795,6456,84,0,0
B10917,2,M-4,8404,4223,1991,43,0,0
B10917,3,M-3,8204,6073,2470,48,0,0
B10917,4,M-2,8856,7522,9877,83,0,0
B10917,5,M-1,7398,4370,2251,48,0,0
B10918,0,M-6,73364,37136,12112,87,0,0
B10918,1,M-5,85117,44719,20171,57,0,0
B10918,2,M-4,84699,49113,36767,38,0,0
B10918,3,M-3,85368,53351,10949,32,0,0
B10918,4,M-2,82947,60844,38367,73,0,0
B10918,5,M-1,90616,48716,14391,60,0,0
B10919,0,M-6,46850,30235,46957,80,0,0
B10919,1,M-5,45931,23861,32842,52,0,0
B10919,2,M-4,44646,32552,44557,44,0,0
B10919,3,M-3,43856,28918,5985,56,0,0
B10919,4,M-2,39872,28084,34414,59,0,0
B10919,5,M-1,38094,33610,31120,57,0,0
B10920,0,M-6,15293,10362,3568,46,0,0
B10920,1,M-5,16104,9638,4158,78,0,0
B10920,2,M-4,16002,12369,7602,42,0,0
B10920,3,M-3,15197,10532,2398,25,0,0
B10920,4,M-2,14053,6414,3544,46,0,0
B10920,5,M-1,13931,7753,7057,85,0,0
B10921,0,M-6,24712,22039,9704,69,0,0
B10921,1,M-5,27573,20787,6739,77,0,0
B10921,2,M-4,24828,13620,26509,82,0,0
B10921,3,M-3,26643,15703,11253,29,0,0
B10921,4,M-2,25661,11739,3886,41,0,0
B10921,5,M-1,25169,19811,32172,36,0,0
B10922,0,M-6,69027,31382,33897,37,0,0
B10922,1,M-5,64743,35494,11058,82,0,0
B10922,2,M-4,65478,45486,15660,56,0,0
B10922,3,M-3,72098,36967,11521,32,0,0
B10922,4,M-2,59470,31956,12018,82,0,0
B10922,5,M-1,64704,45414,15776,46,0,0
B10923,0,M-6,36052,19446,9823,79,0,0
B10923,1,M-5,38659,18614,14640,78,0,0
B10923,2,M-4,43081,30939,15297,73,0,0
B10923,3,M-3,39872,23070,18816,55,0,0
B10923,4,M-2,38184,22477,15864,25,0,0
B10923,5,M-1,40556,26776,19337,43,0,0
B10924,0,M-6,24183,20787,10390,61,0,0
B10924,1,M-5,22367,18067,25279,74,0,0
B10924,2,M-4,20294,10922,9151,70,0,0
B10924,3,M-3,22561,12201,4747,75,0,0
B10924,4,M-2,21351,12750,14426,50,0,0
B10924,5,M-1,19360,14181,6288,80,0,0
B10925,0,M-6,19795,15974,7781,29,0,0
B10925,1,M-5,18587,8828,16640,57,0,0
B10925,2,M-4,16835,11590,17787,74,0,0
B10925,3,M-3,19065,17804,17721,33,0,0
B10925,4,M-2,19832,9560,14293,38,0,0
B10925,5,M-1,21132,15063,2752,69,0,0
B10926,0,M-6,33756,27784,20382,26,0,0
B10926,1,M-5,35033,17672,39929,72,0,0
B10926,2,M-4,40788,32396,24809,51,0,0
B10926,3,M-3,35874,32093,47996,75,0,0
B10926,4,M-2,42742,24671,13778,68,0,0
B10926,5,M-1,42535,34667,6106,62,0,0
B10927,0,M-6,30596,26809,19191,36,0,0
B10927,1,M-5,33644,31915,36303,62,0,0
B10927,2,M-4,33285,26716,30033,54,0,0
B10927,3,M-3,29404,22856,18474,89,0,0
B10927,4,M-2,29837,25277,39246,36,0,0
B10927,5,M-1,32412,25994,42360,26,0,0
B10928,0,M-6,88166,66869,33313,73,0,0
B10928,1,M-5,96521,44058,24247,27,0,0
B10928,2,M-4,85413,68034,27574,58,0,0
B10928,3,M-3,100832,76796,30308,71,0,0
B10928,4,M-2,93698,56226,40870,85,0,0
B10928,5,M-1,97991,50895,14758,57,0,0
B10929,0,M-6,74480,56347,37993,64,0,0
B10929,1,M-5,69347,34061,23730,44,0,0
B10929,2,M-4,76494,41548,25083,44,0,0
B10929,3,M-3,70935,51382,10643,78,0,0
B10929,4,M-2,76308,58583,36465,74,0,0
B10929,5,M-1,76423,59374,26987,52,0,0
B10930,0,M-6,85641,61849,10674,88,0,0
B10930,1,M-5,83748,61961,28129,57,0,0
B10930,2,M-4,88946,69315,16074,54,1,0
B10930,3,M-3,92515,71401,16121,30,0,0
B10930,4,M-2,93229,45874,9056,43,0,0
B10930,5,M-1,84097,65531,23086,68,0,0
B10931,0,M-6,20574,9278,10816,81,0,0
B10931,1,M-5,22766,20663,11737,81,0,0
B10931,2,M-4,21479,17783,11547,50,0,0
B10931,3,M-3,24842,22846,24468,28,0,0
B10931,4,M-2,23493,15175,25272,47,0,0
B10931,5,M-1,25458,17560,6117,62,0,0
B10932,0,M-6,57474,39156,26413,70,0,0
B10932,1,M-5,64025,30859,19346,42,0,0
B10932,2,M-4,69585,33896,27881,45,0,0
B10932,3,M-3,67472,43768,16782,81,0,0
B10932,4,M-2,64028,34770,28177,47,0,0
B10932,5,M-1,73036,47335,17583,32,0,0
B10933,0,M-6,39425,31858,34332,54,0,0
B10933,1,M-5,37069,22255,42090,77,0,0
B10933,2,M-4,40420,31540,6407,41,0,0
B10933,3,M-3,40473,30532,37384,86,0,0
B10933,4,M-2,39373,25170,27386,60,0,0
B10933,5,M-1,36322,23547,8014,57,0,0
B10934,0,M-6,45371,21625,13703,25,0,0
B10934,1,M-5,50363,23452,12659,66,0,0
B10934,2,M-4,44347,22612,21261,76,0,0
B10934,3,M-3,44482,25286,18312,61,0,0
B10934,4,M-2,44231,23887,19228,44,0,0
B10934,5,M-1,51739,28021,20933,83,0,0
B10935,0,M-6,14537,11201,19973,58,0,0
B10935,1,M-5,16281,13047,16922,79,0,0
B10935,2,M-4,14591,6734,14615,43,0,0
B10935,3,M-3,16652,14798,3241,29,0,0
B10935,4,M-2,16003,7691,20666,26,0,0
B10935,5,M-1,15971,10288,3869,71,0,0
B10936,0,M-6,39129,21665,5076,66,0,0
B10936,1,M-5,39602,20684,19788,52,0,0
B10936,2,M-4,39573,29714,36316,68,0,0
B10936,3,M-3,38114,25365,53132,53,0,0
B10936,4,M-2,38032,28818,33629,25,0,0
B10936,5,M-1,42077,30667,30137,85,0,0
B10937,0,M-6,61373,30427,8880,50,0,0
B10937,1,M-5,62885,46455,30358,79,0,0
B10937,2,M-4,63868,33931,15236,30,0,0
B10937,3,M-3,63632,35040,20084,28,0,0
B10937,4,M-2,60593,28580,23454,53,0,0
B10937,5,M-1,59419,28614,12841,43,0,0
B10938,0,M-6,24555,12936,27424,49,0,0
B10938,1,M-5,25105,18176,28905,71,0,0
B10938,2,M-4,26147,19806,29859,46,0,0
B10938,3,M-3,27609,22396,12277,60,0,0
B10938,4,M-2,26721,13968,28968,55,0,0
B10938,5,M-1,24911,20392,28432,57,0,0
B10939,0,M-6,39032,22471,10143,40,0,1
B10939,1,M-5,37493,34090,37001,36,0,0
B10939,2,M-4,44277,30136,17534,37,0,0
B10939,3,M-3,38532,34647,49826,48,0,0
B10939,4,M-2,38348,35297,19258,39,0,0
B10939,5,M-1,42439,25275,16914,27,0,0
B10940,0,M-6,39373,22464,17132,80,0,0
B10940,1,M-5,44155,26868,15808,42,0,0
B10940,2,M-4,42151,27767,8729,70,0,0
B10940,3,M-3,37825,24480,14433,60,0,0
B10940,4,M-2,39097,18055,6818,46,0,0
B10940,5,M-1,38612,20809,17413,50,0,0
B10941,0,M-6,42704,32944,7089,89,0,0
B10941,1,M-5,50848,42546,46285,81,0,0
B10941,2,M-4,51511,28898,60203,27,0,0
B10941,3,M-3,49222,35164,26966,88,0,0
B10941,4,M-2,52766,28285,7831,84,0,0
B10941,5,M-1,60300,46999,26382,88,0,0
B10942,0,M-6,15932,13949,23034,89,0,0
B10942,1,M-5,14905,12354,23728,60,0,0
B10942,2,M-4,16226,8686,3354,37,0,0
B10942,3,M-3,15853,11054,5843,75,0,0
B10942,4,M-2,16738,12112,1914,26,0,0
B10942,5,M-1,17132,9566,8112,50,0,0
B10943,0,M-6,44496,21707,8760,80,0,0
B10943,1,M-5,50279,36750,10632,74,0,0
B10943,2,M-4,47562,26187,11554,80,0,0
B10943,3,M-3,53171,31062,18456,46,0,0
B10943,4,M-2,52108,23654,18461,57,0,0
B10943,5,M-1,52348,28681,19862,30,0,0
B10944,0,M-6,42886,23482,19524,26,0,0
B10944,1,M-5,42815,26826,23818,85,0,0
B10944,2,M-4,49328,22955,17751,81,0,0
B10944,3,M-3,42545,31341,19006,34,0,0
B10944,4,M-2,43990,20035,20312,75,0,0
B10944,5,M-1,44358,22000,21225,42,0,0
B10945,0,M-6,28490,21676,4287,43,0,0
B10945,1,M-5,30992,17840,29234,84,0,0
B10945,2,M-4,29347,14396,33264,63,0,0
B10945,3,M-3,27731,19722,16101,83,0,0
B10945,4,M-2,27467,17653,22634,69,0,0
B10945,5,M-1,27756,16907,34197,50,0,0
B10946,0,M-6,112389,63793,27819,56,0,0
B10946,1,M-5,110920,76880,31914,33,0,0
B10946,2,M-4,106093,52172,26914,33,0,0
B10946,3,M-3,105705,65757,28297,25,0,0
B10946,4,M-2,95641,58137,33783,69,0,0
B10946,5,M-1,97446,44325,15820,28,0,0
B10947,0,M-6,36335,30583,20296,58,0,0
B10947,1,M-5,37218,19967,5835,47,0,0
B10947,2,M-4,38254,19365,57837,37,0,0
B10947,3,M-3,38956,34600,13847,68,0,0
B10947,4,M-2,45064,30810,39854,76,0,0
B10947,5,M-1,39951,21778,28672,85,0,0
B10948,0,M-6,28750,14622,5009,28,0,0
B10948,1,M-5,35903,28267,6385,26,0,0
B10948,2,M-4,32056,18663,14532,32,0,0
B10948,3,M-3,34741,25424,5735,30,0,0
B10948,4,M-2,36187,26472,12111,65,0,0
B10948,5,M-1,38868,24472,6054,25,0,0
B10949,0,M-6,38415,30854,15029,39,0,0
B10949,1,M-5,45129,26308,41743,70,0,0
B10949,2,M-4,41601,30657,59736,28,0,0
B10949,3,M-3,40285,32498,44373,87,0,0
B10949,4,M-2,40612,31933,39867,77,0,0
B10949,5,M-1,42115,34383,45068,55,0,0
B10950,0,M-6,46538,31158,8219,31,0,0
B10950,1,M-5,46076,36327,15892,87,0,0
B10950,2,M-4,43420,20957,16620,46,0,0
B10950,3,M-3,45569,35867,13873,76,0,0
B10950,4,M-2,40764,31801,5087,61,0,0
B10950,5,M-1,39848,27614,11787,82,0,0
B10951,0,M-6,43214,29541,21917,76,0,0
B10951,1,M-5,48159,31407,14505,59,0,0
B10951,2,M-4,39981,22512,5268,44,0,0
B10951,3,M-3,46690,24593,6186,83,0,0
B10951,4,M-2,43379,26040,4933,47,0,0
B10951,5,M-1,38149,26327,5455,45,0,0
B10952,0,M-6,26887,25241,9243,27,0,0
B10952,1,M-5,26538,22272,4313,48,0,0
B10952,2,M-4,25089,21866,11371,78,0,0
B10952,3,M-3,25265,13215,16780,71,0,0
B10952,4,M-2,22912,17416,32216,33,0,0
B10952,5,M-1,22774,13372,32453,25,0,0
B10953,0,M-6,21332,15992,7983,80,0,0
B10953,1,M-5,22366,13968,5898,42,0,0
B10953,2,M-4,20680,15085,4287,69,0,0
B10953,3,M-3,21429,16488,9000,30,0,0
B10953,4,M-2,18932,13541,3614,52,0,0
B10953,5,M-1,20087,12462,10196,77,0,0
B10954,0,M-6,22314,11713,8652,66,0,0
B10954,1,M-5,22895,15099,17671,70,0,0
B10954,2,M-4,23310,16290,6958,61,0,0
B10954,3,M-3,23492,17485,13422,64,0,0
B10954,4,M-2,25193,23925,27300,63,0,0
B10954,5,M-1,24420,17665,20111,87,0,0
B10955,0,M-6,87593,56725,21834,63,0,0
B10955,1,M-5,72157,43616,7731,25,0,0
B10955,2,M-4,77598,46251,29425,79,0,0
B10955,3,M-3,82582,57208,28287,33,0,0
B10955,4,M-2,84035,59419,32837,76,0,0
B10955,5,M-1,81334,50411,13526,82,0,0
B10956,0,M-6,46179,27339,9885,85,0,0
B10956,1,M-5,47592,36761,20444,63,0,0
B10956,2,M-4,49337,24576,10957,31,0,0
B10956,3,M-3,47937,34399,16884,86,0,0
B10956,4,M-2,45738,28998,19008,81,0,0
B10956,5,M-1,49005,31602,8327,73,0,0
B10957,0,M-6,36649,20716,8239,89,0,0
B10957,1,M-5,32246,18469,8470,65,0,0
B10957,2,M-4,36254,22598,4822,86,0,0
B10957,3,M-3,37366,23163,15260,51,0,0
B10957,4,M-2,34378,20925,15722,62,0,0
B10957,5,M-1,41647,23986,16881,83,0,0
B10958,0,M-6,46224,32361,7975,38,0,0
B10958,1,M-5,50772,22999,22690,70,0,0
B10958,2,M-4,44674,32244,12659,63,0,0
B10958,3,M-3,45999,31771,8558,85,0,0
B10958,4,M-2,49723,24636,17388,48,0,0
B10958,5,M-1,49400,23595,19185,65,0,0
B10959,0,M-6,64618,39904,14405,57,0,0
B10959,1,M-5,56865,30901,30530,79,0,0
B10959,2,M-4,60812,31444,15691,71,0,0
B10959,3,M-3,58701,35973,28201,61,0,0
B10959,4,M-2,53126,25349,12579,88,0,0
B10959,5,M-1,55450,29445,24576,38,0,0
B10960,0,M-6,34769,26445,23825,86,0,0
B10960,1,M-5,32787,18996,33621,51,0,0
B10960,2,M-4,33578,24151,26785,28,0,0
B10960,3,M-3,29919,14524,44794,63,0,0
B10960,4,M-2,33161,20398,44650,80,0,0
B10960,5,M-1,31498,24331,13477,29,0,0
B10961,0,M-6,26585,14468,13682,44,0,0
B10961,1,M-5,27210,19007,15545,61,0,0
B10961,2,M-4,28015,21067,7393,89,0,0
B10961,3,M-3,30756,20299,9731,27,0,0
B10961,4,M-2,30746,20229,8968,57,0,0
B10961,5,M-1,30409,15994,3342,56,0,0
B10962,0,M-6,56941,43273,17172,33,0,0
B10962,1,M-5,58292,34319,7140,52,0,0
B10962,2,M-4,62396,44450,16026,33,0,0
B10962,3,M-3,66244,40871,19206,31,0,0
B10962,4,M-2,58918,29810,20828,58,0,0
B10962,5,M-1,68493,50610,26493,31,0,0
B10963,0,M-6,75517,41392,14065,47,0,0
B10963,1,M-5,67839,51409,30757,36,0,0
B10963,2,M-4,70149,52913,10156,71,0,0
B10963,3,M-3,67731,47577,18533,71,0,0
B10963,4,M-2,78984,56143,16494,36,0,0
B10963,5,M-1,83432,44739,16330,40,0,0
B10964,0,M-6,81075,49933,24561,38,0,0
B10964,1,M-5,74355,46231,14173,88,0,0
B10964,2,M-4,79098,57664,26991,56,0,0
B10964,3,M-3,77425,37234,34374,84,0,0
B10964,4,M-2,69708,45661,10470,56,0,0
B10964,5,M-1,77016,55742,15148,49,0,0
B10965,0,M-6,71629,54213,20703,48,0,0
B10965,1,M-5,69560,51193,19564,69,0,0
B10965,2,M-4,77170,53224,16364,25,0,0
B10965,3,M-3,69941,45843,12405,38,0,0
B10965,4,M-2,78741,55723,16537,52,0,0
B10965,5,M-1,74949,36942,13855,65,0,0
B10966,0,M-6,31282,23204,39429,68,0,0
B10966,1,M-5,30683,21850,10559,74,0,0
B10966,2,M-4,30353,18703,35591,84,0,0
B10966,3,M-3,33436,22259,12853,27,0,0
B10966,4,M-2,36738,31818,11655,63,0,0
B10966,5,M-1,35438,21680,40915,79,0,0
B10967,0,M-6,66090,34628,19115,71,0,0
B10967,1,M-5,65835,32334,17468,36,0,0
B10967,2,M-4,65755,33759,23569,40,0,0
B10967,3,M-3,62315,45747,23881,31,0,0
B10967,4,M-2,70107,33477,31957,48,0,0
B10967,5,M-1,67668,32575,13105,58,0,0
B10968,0,M-6,31460,22866,23063,47,0,0
B10968,1,M-5,34592,32739,19061,36,0,0
B10968,2,M-4,33909,22728,46358,68,0,0
B10968,3,M-3,34813,32752,10835,66,0,0
B10968,4,M-2,37334,30689,23434,38,0,0
B10968,5,M-1,36539,19153,17384,53,0,0
B10969,0,M-6,29257,14651,33627,54,0,0
B10969,1,M-5,28316,20444,23882,48,0,0
B10969,2,M-4,30601,27754,4046,48,0,0
B10969,3,M-3,36425,32167,38330,78,0,0
B10969,4,M-2,38426,22167,31518,28,0,0
B10969,5,M-1,40454,29726,35471,76,0,0
B10970,0,M-6,18798,15171,11719,53,0,0
B10970,1,M-5,20590,13550,23846,38,0,0
B10970,2,M-4,21294,18733,2927,37,0,0
B10970,3,M-3,20416,15592,19227,75,0,0
B10970,4,M-2,19923,17525,6019,73,0,0
B10970,5,M-1,21775,18162,3435,59,0,0
B10971,0,M-6,49117,23588,19106,52,0,0
B10971,1,M-5,55102,35476,18189,70,0,0
B10971,2,M-4,57425,45827,7145,60,0,0
B10971,3,M-3,51236,23535,7649,83,0,0
B10971,4,M-2,53994,42169,15262,76,0,0
B10971,5,M-1,64234,29818,17730,85,0,0
B10972,0,M-6,27703,19564,6551,36,0,0
B10972,1,M-5,32136,23934,18281,43,0,0
B10972,2,M-4,32609,15663,44036,26,0,0
B10972,3,M-3,32714,29567,40470,31,0,0
B10972,4,M-2,28351,24077,8777,41,0,0
B10972,5,M-1,34014,22168,11841,28,0,0
B10973,0,M-6,37433,33126,25923,25,0,0
B10973,1,M-5,40066,32105,20850,70,0,0
B10973,2,M-4,38852,34544,56551,48,0,0
B10973,3,M-3,40914,30505,4712,83,0,0
B10973,4,M-2,41749,26115,22187,33,0,0
B10973,5,M-1,42274,25512,21225,63,0,0
B10974,0,M-6,46957,24243,10551,70,0,0
B10974,1,M-5,39767,24646,31465,56,0,0
B10974,2,M-4,43088,20837,25539,82,0,0
B10974,3,M-3,43606,34125,50755,54,0,0
B10974,4,M-2,47005,41902,24937,68,0,0
B10974,5,M-1,46776,35395,6489,73,0,0
B10975,0,M-6,49772,26335,12783,74,0,0
B10975,1,M-5,57133,37279,21697,57,0,0
B10975,2,M-4,54244,41654,26429,71,0,0
B10975,3,M-3,56222,40655,17563,87,0,0
B10975,4,M-2,62034,49535,25074,31,0,0
B10975,5,M-1,59181,29133,14164,70,0,0
B10976,0,M-6,57984,32252,7924,51,0,0
B10976,1,M-5,63060,49226,23728,26,0,0
B10976,2,M-4,63426,29914,10255,38,0,0
B10976,3,M-3,55862,32929,21377,36,0,0
B10976,4,M-2,60949,35805,21666,46,0,0
B10976,5,M-1,58581,34205,28099,34,0,0
B10977,0,M-6,70922,47910,33494,36,0,0
B10977,1,M-5,78732,58776,28529,61,0,0
B10977,2,M-4,73183,50842,23308,75,0,0
B10977,3,M-3,73639,57562,32178,54,0,0
B10977,4,M-2,73444,48027,22142,83,0,0
B10977,5,M-1,71678,55688,25195,72,0,0
B10978,0,M-6,31949,30350,33084,35,0,0
B10978,1,M-5,26885,18550,31608,68,0,0
B10978,2,M-4,30397,16007,17336,34,0,0
B10978,3,M-3,32628,25602,29603,58,0,0
B10978,4,M-2,30212,18642,17790,50,0,0
B10978,5,M-1,27966,21583,13615,81,0,0
B10979,0,M-6,49000,24109,67452,42,0,0
B10979,1,M-5,52569,24497,39211,86,0,0
B10979,2,M-4,53579,44261,8473,74,0,0
B10979,3,M-3,45912,31539,23670,70,0,0
B10979,4,M-2,55515,40886,9645,88,0,0
B10979,5,M-1,48241,37720,12099,74,0,0
B10980,0,M-6,47667,31922,12368,82,0,0
B10980,1,M-5,40292,26160,14732,31,0,0
B10980,2,M-4,44176,19938,17759,60,0,0
B10980,3,M-3,46757,27594,22951,41,0,0
B10980,4,M-2,46792,34892,24285,77,0,0
B10980,5,M-1,52921,26678,25241,78,0,0
B10981,0,M-6,94537,45570,18323,41,0,0
B10981,1,M-5,94285,57265,23395,62,0,0
B10981,2,M-4,106317,63461,32063,62,0,0
B10981,3,M-3,104048,52834,46583,87,0,0
B10981,4,M-2,89075,41424,16314,88,0,0
B10981,5,M-1,90413,71748,36544,62,0,1
B10982,0,M-6,47432,35991,10953,89,0,0
B10982,1,M-5,51425,40777,17007,30,0,0
B10982,2,M-4,53620,31960,17781,56,0,0
B10982,3,M-3,48034,21690,9775,41,0,0
B10982,4,M-2,50159,33757,21546,39,0,0
B10982,5,M-1,55494,39985,12369,43,0,0
B10983,0,M-6,9423,4511,7820,89,0,0
B10983,1,M-5,10187,4976,4199,81,0,0
B10983,2,M-4,12933,10963,15558,32,0,0
B10983,3,M-3,12947,8346,16821,25,0,0
B10983,4,M-2,13893,6598,12145,82,0,0
B10983,5,M-1,14418,7096,2801,32,0,0
B10984,0,M-6,19677,16894,7139,89,0,0
B10984,1,M-5,17715,12147,11614,63,0,0
B10984,2,M-4,18081,10463,2794,85,0,0
B10984,3,M-3,18295,15814,5940,54,0,0
B10984,4,M-2,20768,9423,18569,43,0,0
B10984,5,M-1,21416,18160,24914,54,0,0
B10985,0,M-6,39498,21756,14761,47,0,0
B10985,1,M-5,37806,25785,13684,33,0,0
B10985,2,M-4,42448,33316,13872,62,0,0
B10985,3,M-3,42670,21397,13778,83,0,0
B10985,4,M-2,37676,25655,12825,65,0,0
B10985,5,M-1,40665,19143,17603,51,0,0
B10986,0,M-6,30577,25511,39177,60,0,0
B10986,1,M-5,27601,16719,16653,67,0,0
B10986,2,M-4,29321,26546,36874,80,0,0
B10986,3,M-3,31303,25328,22036,56,0,0
B10986,4,M-2,34523,31507,21409,89,0,1
B10986,5,M-1,30475,19405,34726,75,0,0
B10987,0,M-6,41671,33149,19282,87,0,0
B10987,1,M-5,38322,21813,13648,34,0,0
B10987,2,M-4,38960,19311,8076,65,0,0
B10987,3,M-3,37570,25985,5823,64,0,0
B10987,4,M-2,44168,26066,7235,78,0,0
B10987,5,M-1,41448,31345,11123,62,0,0
B10988,0,M-6,26004,23270,19063,87,0,0
B10988,1,M-5,26627,12982,21649,87,0,0
B10988,2,M-4,27356,21591,36234,32,0,0
B10988,3,M-3,27548,18515,35852,47,0,0
B10988,4,M-2,29126,20290,12935,71,0,0
B10988,5,M-1,29642,24184,5442,49,0,0
B10989,0,M-6,47937,34231,15271,42,0,0
B10989,1,M-5,48066,29116,16649,59,0,0
B10989,2,M-4,49222,23296,22543,30,0,0
B10989,3,M-3,46185,31776,8773,46,0,0
B10989,4,M-2,49001,35701,20434,30,0,0
B10989,5,M-1,46473,20926,20581,89,0,0
B10990,0,M-6,29879,18074,31262,69,0,0
B10990,1,M-5,28894,23723,43342,33,0,0
B10990,2,M-4,32856,20817,38319,40,0,0
B10990,3,M-3,31926,14620,31071,85,0,0
B10990,4,M-2,34072,31022,22717,38,0,0
B10990,5,M-1,32554,21439,6636,37,0,0
B10991,0,M-6,16158,13957,6595,30,0,0
B10991,1,M-5,16993,11463,15155,66,0,0
B10991,2,M-4,17445,10812,12466,88,0,0
B10991,3,M-3,17490,13704,10850,49,0,0
B10991,4,M-2,14677,13445,5030,36,0,0
B10991,5,M-1,15291,9957,11653,60,1,0
B10992,0,M-6,34605,32080,10194,29,0,0
B10992,1,M-5,33667,20010,10843,38,0,0
B10992,2,M-4,34114,15729,36513,79,0,0
B10992,3,M-3,35781,31433,6110,59,0,0
B10992,4,M-2,36330,20478,9096,75,0,0
B10992,5,M-1,40397,24954,51018,75,0,0
B10993,0,M-6,67141,38079,8292,88,0,0
B10993,1,M-5,76511,39679,30951,76,0,0
B10993,2,M-4,66651,46461,12064,47,0,0
B10993,3,M-3,67733,51471,36722,33,0,0
B10993,4,M-2,73572,45985,32510,46,0,0
B10993,5,M-1,66978,45406,15602,59,0,0
B10994,0,M-6,36361,28154,9112,75,0,0
B10994,1,M-5,35926,21418,5190,63,0,0
B10994,2,M-4,33464,18578,10018,57,0,0
B10994,3,M-3,31714,23266,5232,44,0,0
B10994,4,M-2,30680,23529,5613,72,0,0
B10994,5,M-1,28106,14020,10739,75,0,0
B10995,0,M-6,54723,38089,28215,35,0,0
B10995,1,M-5,53071,39232,11240,43,0,0
B10995,2,M-4,59021,41183,11093,30,0,0
B10995,3,M-3,51991,37248,17496,29,0,0
B10995,4,M-2,62038,38662,9521,83,0,0
B10995,5,M-1,63833,37259,25434,89,0,0
B10996,0,M-6,52915,37715,19221,81,0,0
B10996,1,M-5,48092,26968,22572,50,0,0
B10996,2,M-4,46834,31610,12789,67,0,0
B10996,3,M-3,49723,38547,12277,57,0,0
B10996,4,M-2,52128,30418,16306,49,0,0
B10996,5,M-1,54607,35937,13785,86,0,0
B10997,0,M-6,38187,31313,41225,73,0,0
B10997,1,M-5,35445,31400,35916,42,0,0
B10997,2,M-4,37999,27176,33673,48,0,0
B10997,3,M-3,40133,22681,22801,76,0,0
B10997,4,M-2,40513,22325,41153,89,0,0
B10997,5,M-1,37436,33814,44362,79,0,0
B10998,0,M-6,75453,45245,28117,70,0,0
B10998,1,M-5,65400,49352,33233,42,0,0
B10998,2,M-4,73845,45654,35642,41,0,0
B10998,3,M-3,69884,32791,26589,48,0,0
B10998,4,M-2,73146,41618,18064,46,1,0
B10998,5,M-1,77168,38400,12828,29,0,0
B10999,0,M-6,88678,56834,15343,51,0,0
B10999,1,M-5,98082,58959,40614,71,0,0
B10999,2,M-4,105770,65441,24921,57,0,0
B10999,3,M-3,93387,57464,43361,87,0,0
B10999,4,M-2,94899,74956,44139,43,0,0
B10999,5,M-1,103194,55304,23510,66,0,0
B11000,0,M-6,28704,15497,10236,78,0,0
B11000,1,M-5,33136,17140,13265,30,0,0
B11000,2,M-4,35118,20722,7139,79,0,0
B11000,3,M-3,36830,18701,12844,78,0,0
B11000,4,M-2,37873,19176,4331,41,0,0
B11000,5,M-1,33677,18276,11006,58,0,0
B11001,0,M-6,37664,27409,40332,63,0,0
B11001,1,M-5,44402,32059,43354,64,0,0
B11001,2,M-4,40282,32834,36394,35,0,0
B11001,3,M-3,37928,24837,21296,37,0,0
B11001,4,M-2,41441,34570,4396,42,0,0
B11001,5,M-1,37341,21940,50940,78,0,0
B11002,0,M-6,27094,20153,26878,36,0,0
B11002,1,M-5,24304,21763,25396,27,0,0
B11002,2,M-4,29114,24146,20707,76,0,0
B11002,3,M-3,29733,19975,22816,36,0,0
B11002,4,M-2,30062,18252,23355,58,0,0
B11002,5,M-1,28382,22287,25212,58,0,0
B11003,0,M-6,31376,19447,25117,41,0,0
B11003,1,M-5,31924,17576,33576,79,0,0
B11003,2,M-4,29350,13545,19083,82,0,0
B11003,3,M-3,29395,24307,8553,48,0,0
B11003,4,M-2,29002,19374,33345,33,0,0
B11003,5,M-1,29690,26155,31347,62,0,0
B11004,0,M-6,35869,16976,45389,63,0,0
B11004,1,M-5,36657,28535,27723,85,0,0
B11004,2,M-4,38747,29601,10165,89,0,0
B11004,3,M-3,39260,20923,26800,89,0,0
B11004,4,M-2,40050,22708,50971,84,0,0
B11004,5,M-1,41351,25348,32709,37,0,0
B11005,0,M-6,32227,14506,7596,60,0,0
B11005,1,M-5,32802,15795,17239,30,0,0
B11005,2,M-4,30271,19088,10826,66,0,0
B11005,3,M-3,30504,22927,9630,64,0,0
B11005,4,M-2,34211,15626,15776,53,0,0
B11005,5,M-1,32154,20212,6627,46,0,0
B11006,0,M-6,11121,6042,13576,46,0,0
B11006,1,M-5,10116,8410,7600,76,0,0
B11006,2,M-4,11473,7251,1692,59,0,0
B11006,3,M-3,11370,7740,9582,34,0,0
B11006,4,M-2,10312,5626,8766,61,0,0
B11006,5,M-1,11893,6025,10707,36,0,0
B11007,0,M-6,48201,29422,16671,48,0,0
B11007,1,M-5,49654,35253,25659,87,0,0
B11007,2,M-4,51650,36395,25918,68,0,0
B11007,3,M-3,50161,26823,24250,27,0,0
B11007,4,M-2,56779,29881,23640,85,0,0
B11007,5,M-1,57692,40348,17702,49,0,0
B11008,0,M-6,35581,22040,17106,73,0,0
B11008,1,M-5,39587,31474,11415,44,0,0
B11008,2,M-4,36542,23864,13580,81,0,0
B11008,3,M-3,35331,20585,6795,29,0,0
B11008,4,M-2,38851,18813,18406,29,0,0
B11008,5,M-1,33591,18021,15841,61,0,0
B11009,0,M-6,59249,27701,9239,36,0,0
B11009,1,M-5,71637,46148,12358,70,0,0
B11009,2,M-4,73556,40455,26069,53,0,0
B11009,3,M-3,77512,44498,32041,46,0,0
B11009,4,M-2,69846,41145,27064,46,0,0
B11009,5,M-1,81820,46063,30651,75,0,0
B11010,0,M-6,30101,28253,26121,40,0,0
B11010,1,M-5,29010,26302,21221,45,0,0
B11010,2,M-4,31428,21120,3560,40,0,0
B11010,3,M-3,27796,21356,17246,68,0,0
B11010,4,M-2,30206,21746,17444,66,0,0
B11010,5,M-1,25934,16113,20720,64,0,0
B11011,0,M-6,19491,11005,21121,66,0,0
B11011,1,M-5,19135,9489,31387,80,0,0
B11011,2,M-4,24151,11980,2973,61,0,0
B11011,3,M-3,22389,11044,28540,68,0,0
B11011,4,M-2,27395,12886,22194,26,0,0
B11011,5,M-1,26830,18719,22740,42,0,0
B11012,0,M-6,42225,30561,21069,32,0,0
B11012,1,M-5,45293,32237,13446,35,0,0
B11012,2,M-4,45466,24584,19525,65,1,0
B11012,3,M-3,49123,23702,17427,56,0,0
B11012,4,M-2,43674,31889,7701,85,0,0
B11012,5,M-1,47841,35101,16085,83,0,0
B11013,0,M-6,19477,14234,18171,69,0,0
B11013,1,M-5,20930,17071,18922,46,0,0
B11013,2,M-4,20056,17141,8240,36,0,0
B11013,3,M-3,18021,17119,2936,29,0,0
B11013,4,M-2,18683,15750,3362,46,0,0
B11013,5,M-1,20038,14478,21547,40,0,0
B11014,0,M-6,97323,70758,32428,39,0,0
B11014,1,M-5,93956,65493,11699,88,0,0
B11014,2,M-4,95892,59199,29517,37,0,0
B11014,3,M-3,85842,58342,9719,41,0,0
B11014,4,M-2,80117,36866,28773,45,0,0
B11014,5,M-1,78993,58175,47177,69,0,0
B11015,0,M-6,22286,17055,10515,38,0,0
B11015,1,M-5,20223,10780,9766,68,0,0
B11015,2,M-4,21672,15731,2704,65,0,0
B11015,3,M-3,23174,15016,7139,32,0,0
B11015,4,M-2,24390,11859,17053,31,0,0
B11015,5,M-1,20673,18634,10836,57,0,0
B11016,0,M-6,27127,12765,30056,26,0,0
B11016,1,M-5,25173,18369,29265,58,0,0
B11016,2,M-4,25626,14050,27599,76,0,0
B11016,3,M-3,29116,22545,28062,70,0,0
B11016,4,M-2,25312,16792,32091,56,0,0
B11016,5,M-1,29763,27697,32106,33,0,0
B11017,0,M-6,41577,24233,6556,35,0,0
B11017,1,M-5,40189,30555,11896,30,0,0
B11017,2,M-4,44602,29056,6412,76,0,0
B11017,3,M-3,41645,21670,10861,53,0,0
B11017,4,M-2,42908,22596,19015,45,0,0
B11017,5,M-1,41805,25777,9843,87,0,0
B11018,0,M-6,18082,13778,15490,31,0,0
B11018,1,M-5,18713,13033,18405,73,0,0
B11018,2,M-4,21186,12185,3540,70,0,0
B11018,3,M-3,19116,9920,30375,35,0,0
B11018,4,M-2,19626,12197,22081,42,0,0
B11018,5,M-1,20606,11842,17568,73,0,0
B11019,0,M-6,30911,17668,39223,58,0,0
B11019,1,M-5,30447,26776,10037,87,1,0
B11019,2,M-4,32289,18742,9378,35,0,0
B11019,3,M-3,30510,26915,32205,88,0,0
B11019,4,M-2,30265,28718,41576,73,0,0
B11019,5,M-1,33865,31900,37532,55,0,0
B11020,0,M-6,50847,33112,18284,76,0,0
B11020,1,M-5,51550,30088,18148,59,0,0
B11020,2,M-4,47419,35100,22756,67,0,0
B11020,3,M-3,52426,24237,11329,39,0,0
B11020,4,M-2,48662,35901,13098,84,0,0
B11020,5,M-1,47919,26000,15318,35,0,0
B11021,0,M-6,71109,38662,29497,30,0,0
B11021,1,M-5,82728,56334,18654,89,0,0
B11021,2,M-4,75133,48360,33710,58,0,0
B11021,3,M-3,83531,66443,24210,70,0,0
B11021,4,M-2,75069,46535,37624,34,0,0
B11021,5,M-1,76953,60789,22936,39,0,0
B11022,0,M-6,87272,60672,18885,46,0,0
B11022,1,M-5,81805,64777,37151,43,0,0
B11022,2,M-4,84180,66783,28792,53,0,0
B11022,3,M-3,73752,49256,39804,51,0,0
B11022,4,M-2,87781,64367,9327,32,0,0
B11022,5,M-1,76324,45648,21460,83,0,0
B11023,0,M-6,11334,8596,16469,29,0,0
B11023,1,M-5,12545,7875,14971,58,0,0
B11023,2,M-4,12195,11550,8394,50,0,0
B11023,3,M-3,11353,10498,10091,47,0,0
B11023,4,M-2,11551,8928,4274,52,0,0
B11023,5,M-1,13621,10267,4137,51,0,0
B11024,0,M-6,26115,23415,22597,55,0,0
B11024,1,M-5,24795,21865,26691,45,0,0
B11024,2,M-4,25420,18277,7953,82,0,0
B11024,3,M-3,26271,12368,17986,87,0,0
B11024,4,M-2,28037,19050,6856,38,0,0
B11024,5,M-1,26964,18355,35754,58,0,0
B11025,0,M-6,78773,61432,18842,56,0,0
B11025,1,M-5,74799,52318,20705,38,0,0
B11025,2,M-4,77306,61731,30984,78,0,0
B11025,3,M-3,75930,43801,36625,39,0,0
B11025,4,M-2,87514,48890,38778,58,0,0
B11025,5,M-1,81369,63600,36377,44,0,0
B11026,0,M-6,61709,47728,29635,38,0,0
B11026,1,M-5,62760,39916,10423,48,0,0
B11026,2,M-4,64679,32096,14119,34,0,0
B11026,3,M-3,65701,50745,11536,65,0,0
B11026,4,M-2,69965,50479,34473,52,0,0
B11026,5,M-1,68097,36215,15657,48,0,0
B11027,0,M-6,56797,50719,24465,67,0,0
B11027,1,M-5,53660,41480,46846,44,0,0
B11027,2,M-4,52238,32884,57692,88,0,0
B11027,3,M-3,55934,49263,36893,59,0,0
B11027,4,M-2,57106,33751,58555,74,0,0
B11027,5,M-1,54561,37020,36559,47,0,0
B11028,0,M-6,13038,7982,3220,78,0,0
B11028,1,M-5,13881,10996,14096,46,0,0
B11028,2,M-4,12958,9801,5989,80,0,0
B11028,3,M-3,12890,11619,14216,63,0,0
B11028,4,M-2,12973,11130,8826,41,0,0
B11028,5,M-1,13956,9988,17508,60,0,0
B11029,0,M-6,61345,30359,30504,83,0,0
B11029,1,M-5,68631,48928,12848,58,0,0
B11029,2,M-4,68488,31253,27892,69,0,0
B11029,3,M-3,60984,39236,23330,55,0,0
B11029,4,M-2,66209,40823,20096,49,0,0
B11029,5,M-1,55937,36432,29444,66,0,0
B11030,0,M-6,24026,15395,25769,42,0,0
B11030,1,M-5,25359,17829,29352,26,0,0
B11030,2,M-4,25538,14243,23360,32,0,0
B11030,3,M-3,27304,17116,27159,33,0,0
B11030,4,M-2,33074,24517,12042,73,0,0
B11030,5,M-1,31822,28924,23516,31,0,0
B11031,0,M-6,42577,25644,38192,58,0,0
B11031,1,M-5,36984,23546,23548,64,0,0
B11031,2,M-4,38560,32599,51444,38,0,0
B11031,3,M-3,34266,26865,12976,61,0,0
B11031,4,M-2,34506,31547,12825,61,0,0
B11031,5,M-1,33082,20411,26310,45,0,0
B11032,0,M-6,34044,22350,9642,33,0,0
B11032,1,M-5,33570,31031,29272,51,0,0
B11032,2,M-4,34568,26711,9427,51,0,0
B11032,3,M-3,34088,30473,34727,76,0,0
B11032,4,M-2,36056,32418,9194,29,0,0
B11032,5,M-1,32797,28893,23854,50,0,0
B11033,0,M-6,27699,13140,3236,88,0,0
B11033,1,M-5,29055,18777,5681,66,0,0
B11033,2,M-4,27168,21059,13164,84,0,0
B11033,3,M-3,27759,13231,8322,26,0,0
B11033,4,M-2,28708,20814,9041,50,0,0
B11033,5,M-1,26030,18986,9410,44,0,0
B11034,0,M-6,29500,24932,8124,29,0,0
B11034,1,M-5,26738,20997,6570,60,0,0
B11034,2,M-4,29303,21476,13492,70,0,0
B11034,3,M-3,30531,20613,24528,35,0,0
B11034,4,M-2,28393,24700,3880,32,0,0
B11034,5,M-1,28759,16372,18062,36,0,0
B11035,0,M-6,31971,23803,17217,88,0,0
B11035,1,M-5,35466,24757,16363,54,0,0
B11035,2,M-4,37669,28208,17175,51,0,0
B11035,3,M-3,34736,16403,6551,78,0,0
B11035,4,M-2,37616,21721,17177,28,0,0
B11035,5,M-1,40087,31672,12818,34,0,0
B11036,0,M-6,83207,64598,28090,61,0,0
B11036,1,M-5,83355,62926,9739,31,0,0
B11036,2,M-4,82290,55603,35582,50,0,0
B11036,3,M-3,92351,63433,18747,63,0,0
B11036,4,M-2,90763,46403,10570,63,0,0
B11036,5,M-1,99486,65478,24490,46,0,0
B11037,0,M-6,14070,7986,9669,41,0,0
B11037,1,M-5,14310,10396,7882,85,0,0
B11037,2,M-4,15752,8243,8245,88,0,0
B11037,3,M-3,15533,10851,19014,36,0,0
B11037,4,M-2,15980,10474,22761,48,0,0
B11037,5,M-1,17064,7801,9490,33,0,0
B11038,0,M-6,49265,22250,8740,56,0,0
B11038,1,M-5,53178,25887,19373,58,0,0
B11038,2,M-4,47933,26789,6034,47,0,0
B11038,3,M-3,50426,29153,14903,74,0,0
B11038,4,M-2,48598,37500,21978,86,0,0
B11038,5,M-1,52512,32369,14465,77,0,0
B11039,0,M-6,32458,25911,6384,69,0,0
B11039,1,M-5,30224,16469,5631,43,0,0
B11039,2,M-4,28475,17675,12699,89,0,0
B11039,3,M-3,27356,18402,12266,26,0,0
B11039,4,M-2,31540,16006,7245,48,0,0
B11039,5,M-1,30014,21166,11083,48,0,0
B11040,0,M-6,42474,20694,18718,27,0,0
B11040,1,M-5,42852,30491,15780,75,0,0
B11040,2,M-4,37583,28075,5608,45,0,0
B11040,3,M-3,36546,28425,12247,42,0,0
B11040,4,M-2,42861,32240,14837,59,0,0
B11040,5,M-1,38389,29920,8198,27,0,0
B11041,0,M-6,58331,33604,31324,82,0,0
B11041,1,M-5,68835,51755,20129,35,0,0
B11041,2,M-4,62826,33836,16573,79,0,0
B11041,3,M-3,64460,29149,33806,37,0,0
B11041,4,M-2,76440,54034,14708,64,0,0
B11041,5,M-1,73277,55785,11116,42,0,0
B11042,0,M-6,21656,16917,22103,69,0,0
B11042,1,M-5,22503,14283,13883,47,0,0
B11042,2,M-4,24829,22368,6498,88,0,0
B11042,3,M-3,25575,18088,21780,75,0,0
B11042,4,M-2,26120,23605,27829,41,0,0
B11042,5,M-1,27780,14018,28482,28,0,0
B11043,0,M-6,76845,52385,22408,65,0,0
B11043,1,M-5,63352,38794,30442,39,0,0
B11043,2,M-4,72615,50759,19467,58,0,0
B11043,3,M-3,62859,38910,17803,28,0,0
B11043,4,M-2,69162,39592,29123,67,0,0
B11043,5,M-1,64604,36810,21457,40,0,0
B11044,0,M-6,19742,10816,6999,50,0,0
B11044,1,M-5,19325,10958,8655,81,0,0
B11044,2,M-4,22281,13840,8530,84,0,0
B11044,3,M-3,20963,13719,7266,59,0,0
B11044,4,M-2,18502,8361,5304,44,0,0
B11044,5,M-1,19075,10072,5489,61,0,0
B11045,0,M-6,37939,24701,32403,80,0,0
B11045,1,M-5,33352,30546,49234,61,0,0
B11045,2,M-4,38786,29933,14550,35,0,0
B11045,3,M-3,34431,21476,51177,68,0,0
B11045,4,M-2,37610,33026,44488,56,0,0
B11045,5,M-1,35108,23588,5917,36,0,0
B11046,0,M-6,12754,8766,14374,34,0,0
B11046,1,M-5,13438,12179,4998,28,0,0
B11046,2,M-4,15297,9508,15535,64,0,0
B11046,3,M-3,17295,16000,20040,51,0,0
B11046,4,M-2,18024,10913,16788,28,0,0
B11046,5,M-1,16177,8971,5351,74,0,0
B11047,0,M-6,34931,21957,6503,77,0,0
B11047,1,M-5,35136,16745,8009,75,0,0
B11047,2,M-4,30766,21489,5007,84,0,0
B11047,3,M-3,30698,24409,10001,43,0,0
B11047,4,M-2,35183,27759,7184,62,0,0
B11047,5,M-1,32335,16989,5432,70,0,0
B11048,0,M-6,11073,10288,13138,26,0,0
B11048,1,M-5,11365,6158,8842,85,0,0
B11048,2,M-4,11289,10046,7620,44,0,0
B11048,3,M-3,10264,6670,9762,29,0,0
B11048,4,M-2,9248,6093,13662,59,0,0
B11048,5,M-1,9452,6452,4481,81,0,1
B11049,0,M-6,67620,50153,13210,64,0,0
B11049,1,M-5,59179,37261,18415,46,0,0
B11049,2,M-4,57783,30829,22919,82,0,0
B11049,3,M-3,59550,40818,16004,61,0,0
B11049,4,M-2,56616,31921,10491,52,0,0
B11049,5,M-1,66758,34797,22333,53,0,0
B11050,0,M-6,43536,33184,15525,60,0,0
B11050,1,M-5,40434,32289,10141,51,0,0
B11050,2,M-4,43244,29021,20313,53,0,0
B11050,3,M-3,48260,31022,5760,62,0,0
B11050,4,M-2,49224,29370,8897,49,0,0
B11050,5,M-1,48844,29317,7496,34,0,0
B11051,0,M-6,48176,27438,23429,45,0,0
B11051,1,M-5,51288,23255,18735,57,0,0
B11051,2,M-4,53487,41831,20122,26,0,0
B11051,3,M-3,47994,27317,15830,64,0,0
B11051,4,M-2,57004,44054,15539,57,0,0
B11051,5,M-1,49348,38859,14524,65,0,0
B11052,0,M-6,34521,15575,14761,89,0,0
B11052,1,M-5,31315,21728,11340,78,0,0
B11052,2,M-4,34079,20802,11719,59,0,0
B11052,3,M-3,36609,20463,4987,72,0,0
B11052,4,M-2,34700,20133,8914,68,0,0
B11052,5,M-1,38270,22078,9456,67,0,0
B11053,0,M-6,35144,25924,4428,68,0,0
B11053,1,M-5,33707,16992,4518,85,0,0
B11053,2,M-4,35179,21402,5940,26,0,0
B11053,3,M-3,37814,25957,16835,73,0,0
B11053,4,M-2,43263,24777,9572,53,0,0
B11053,5,M-1,43064,25240,12318,72,0,0
B11054,0,M-6,24185,12635,6321,43,0,0
B11054,1,M-5,26321,17058,7896,37,0,0
B11054,2,M-4,28311,13182,8865,71,0,0
B11054,3,M-3,28933,17915,7818,56,0,0
B11054,4,M-2,26275,12714,6196,41,0,0
B11054,5,M-1,27583,17973,13392,34,0,0
B11055,0,M-6,29455,14815,4194,75,0,0
B11055,1,M-5,33385,16836,16315,79,0,0
B11055,2,M-4,36581,27277,4704,69,0,0
B11055,3,M-3,33492,16577,10204,83,0,0
B11055,4,M-2,39580,22761,8044,36,0,0
B11055,5,M-1,41539,23239,7484,39,0,0
B11056,0,M-6,56041,37408,15010,39,0,0
B11056,1,M-5,64218,36344,14790,37,0,0
B11056,2,M-4,56630,31535,6704,89,0,0
B11056,3,M-3,63987,40276,27163,69,0,0
B11056,4,M-2,58489,30100,24074,50,0,0
B11056,5,M-1,62731,49425,11569,57,0,0
B11057,0,M-6,23788,22021,22667,53,0,0
B11057,1,M-5,22431,14960,31955,59,0,0
B11057,2,M-4,24199,20594,23478,88,0,0
B11057,3,M-3,27416,18678,34389,85,0,0
B11057,4,M-2,27142,17218,32097,89,0,0
B11057,5,M-1,25788,14104,11209,60,0,0
B11058,0,M-6,25765,12013,10263,34,0,0
B11058,1,M-5,28409,18853,11323,77,0,0
B11058,2,M-4,28009,19983,5646,86,0,0
B11058,3,M-3,24508,12550,13962,65,0,1
B11058,4,M-2,24682,15413,5507,60,0,0
B11058,5,M-1,23898,11486,7273,39,0,0
B11059,0,M-6,61994,29071,10527,72,0,0
B11059,1,M-5,62468,32972,37395,41,0,0
B11059,2,M-4,72745,45129,35521,65,0,0
B11059,3,M-3,73004,42185,30652,60,0,0
B11059,4,M-2,78078,51212,33959,27,0,0
B11059,5,M-1,82733,41765,34355,78,0,0
B11060,0,M-6,61517,48546,19349,74,0,0
B11060,1,M-5,61039,48664,63351,84,0,0
B11060,2,M-4,49542,26089,52424,59,0,0
B11060,3,M-3,56356,33582,18589,63,0,0
B11060,4,M-2,48871,39620,77375,81,0,0
B11060,5,M-1,47553,33148,17090,41,0,0
B11061,0,M-6,21309,10474,5839,78,0,0
B11061,1,M-5,21374,16505,14685,79,0,0
B11061,2,M-4,19643,10402,17535,82,0,0
B11061,3,M-3,18539,16459,24827,40,0,0
B11061,4,M-2,18937,12195,21548,49,0,0
B11061,5,M-1,20135,13433,2893,54,0,0
B11062,0,M-6,17489,14688,20068,52,0,0
B11062,1,M-5,18096,14413,4716,53,0,0
B11062,2,M-4,19006,12194,7759,86,0,0
B11062,3,M-3,20459,10719,22653,31,0,0
B11062,4,M-2,17879,10011,15201,66,0,0
B11062,5,M-1,18560,10916,6530,85,0,0
B11063,0,M-6,104592,52415,30381,73,0,0
B11063,1,M-5,106789,71192,35704,40,0,0
B11063,2,M-4,112536,79150,15142,64,0,1
B11063,3,M-3,106434,82403,31893,53,0,0
B11063,4,M-2,98983,50285,37678,75,0,0
B11063,5,M-1,111584,61388,31135,43,0,0
B11064,0,M-6,20474,9421,4742,85,0,0
B11064,1,M-5,22132,11867,4702,33,0,0
B11064,2,M-4,22566,11276,20201,83,0,0
B11064,3,M-3,22575,12887,9499,25,0,0
B11064,4,M-2,22688,13282,10126,79,0,0
B11064,5,M-1,22932,19004,25198,80,0,0
B11065,0,M-6,83877,58322,20154,32,0,0
B11065,1,M-5,99641,62447,30108,77,0,0
B11065,2,M-4,98462,53400,27304,29,0,0
B11065,3,M-3,91598,64584,25282,25,0,0
B11065,4,M-2,91980,73211,22488,55,0,0
B11065,5,M-1,104326,61148,16403,43,0,0
B11066,0,M-6,36562,20395,18286,32,0,0
B11066,1,M-5,36371,17181,4475,42,0,0
B11066,2,M-4,35758,18567,9218,66,0,0
B11066,3,M-3,38467,29855,16492,33,0,0
B11066,4,M-2,43919,24468,7765,82,0,0
B11066,5,M-1,44594,33684,5291,69,0,0
B11067,0,M-6,21121,13817,16323,46,1,0
B11067,1,M-5,19307,12024,5972,79,0,0
B11067,2,M-4,21148,15834,6462,54,0,0
B11067,3,M-3,24326,20667,26976,28,0,0
B11067,4,M-2,22877,18044,2981,47,0,0
B11067,5,M-1,27801,25086,23971,53,0,0
B11068,0,M-6,74456,37357,9164,28,0,0
B11068,1,M-5,73455,37290,25685,67,0,0
B11068,2,M-4,71458,54963,13903,63,0,0
B11068,3,M-3,71138,33001,13179,32,0,0
B11068,4,M-2,65474,45405,19072,87,0,0
B11068,5,M-1,71114,33073,11192,42,0,0
B11069,0,M-6,38916,19313,8428,48,0,0
B11069,1,M-5,32913,18207,13728,30,0,0
B11069,2,M-4,37422,18554,11930,71,0,0
B11069,3,M-3,34358,21690,14026,88,0,0
B11069,4,M-2,30899,14124,9825,82,0,0
B11069,5,M-1,32483,22059,8519,30,0,0
B11070,0,M-6,34283,23476,46771,81,0,0
B11070,1,M-5,35734,33690,46709,66,0,0
B11070,2,M-4,33089,16903,50883,55,0,0
B11070,3,M-3,39034,22904,33527,47,0,0
B11070,4,M-2,36851,23180,5755,84,0,0
B11070,5,M-1,42527,39013,35382,29,0,0
B11071,0,M-6,40380,30789,40018,62,0,0
B11071,1,M-5,40754,26951,45570,66,0,0
B11071,2,M-4,37563,26245,9245,50,0,0
B11071,3,M-3,42777,40619,20006,26,0,0
B11071,4,M-2,40782,37705,46875,66,0,0
B11071,5,M-1,41531,19512,36939,42,0,0
B11072,0,M-6,78008,59736,16584,45,0,0
B11072,1,M-5,79982,61247,32282,76,0,0
B11072,2,M-4,74149,44250,11602,40,0,0
B11072,3,M-3,77354,55135,17707,37,0,0
B11072,4,M-2,74750,49390,17611,31,0,0
B11072,5,M-1,88607,39906,26838,27,0,0
B11073,0,M-6,22621,17424,2862,48,0,0
B11073,1,M-5,24405,22861,28174,29,0,0
B11073,2,M-4,23542,12034,29161,81,0,0
B11073,3,M-3,22032,18152,12942,75,0,0
B11073,4,M-2,20987,12093,24088,59,0,0
B11073,5,M-1,22077,18418,23420,38,0,0
B11074,0,M-6,70096,38741,12450,64,0,0
B11074,1,M-5,67694,42994,7444,60,0,0
B11074,2,M-4,74023,35870,32796,55,0,0
B11074,3,M-3,64702,45706,19506,74,0,0
B11074,4,M-2,61345,32783,7450,85,0,0
B11074,5,M-1,70621,51766,23044,51,0,0
B11075,0,M-6,83586,58233,19790,58,0,0
B11075,1,M-5,84682,47541,32043,25,0,0
B11075,2,M-4,75830,34645,15461,62,0,0
B11075,3,M-3,75804,59218,22391,37,0,0
B11075,4,M-2,80897,61318,37178,75,0,0
B11075,5,M-1,85899,46207,26240,68,0,0
B11076,0,M-6,57959,36891,22937,57,0,0
B11076,1,M-5,59387,37997,19866,67,0,0
B11076,2,M-4,65773,34228,29780,42,0,0
B11076,3,M-3,61793,46466,16772,73,0,0
B11076,4,M-2,64495,48804,17945,83,0,0
B11076,5,M-1,79092,51127,30845,69,0,0
B11077,0,M-6,27077,22944,33055,80,0,0
B11077,1,M-5,25793,22330,16141,89,0,0
B11077,2,M-4,23844,15638,31403,53,0,0
B11077,3,M-3,25279,14632,27851,86,0,0
B11077,4,M-2,28841,21751,34876,65,0,0
B11077,5,M-1,30339,20581,30962,31,0,0
B11078,0,M-6,29064,15384,28937,28,0,0
B11078,1,M-5,27428,24659,10397,38,0,0
B11078,2,M-4,29236,23712,18939,27,0,0
B11078,3,M-3,26783,14128,32635,82,0,0
B11078,4,M-2,25336,18225,23012,54,0,0
B11078,5,M-1,27917,19755,24233,53,0,0
B11079,0,M-6,20386,10836,25454,74,0,0
B11079,1,M-5,21556,18889,27028,57,0,0
B11079,2,M-4,26376,23881,35379,49,0,0
B11079,3,M-3,27555,17252,26227,82,0,0
B11079,4,M-2,27589,19253,19185,26,0,0
B11079,5,M-1,34449,25320,12955,46,0,0
B11080,0,M-6,59290,34880,7522,62,0,0
B11080,1,M-5,54954,29110,8443,26,0,0
B11080,2,M-4,52563,31542,15208,67,0,0
B11080,3,M-3,58170,44949,26521,53,0,0
B11080,4,M-2,58327,43470,23738,33,0,0
B11080,5,M-1,57104,32818,20984,87,0,0
B11081,0,M-6,21667,10039,31381,42,0,0
B11081,1,M-5,21412,9720,22683,45,0,0
B11081,2,M-4,20443,9824,3222,44,0,0
B11081,3,M-3,21654,15438,30350,31,0,0
B11081,4,M-2,21433,14539,13410,38,0,0
B11081,5,M-1,23189,18239,13082,54,0,0
B11082,0,M-6,31495,15646,10344,49,0,0
B11082,1,M-5,34942,25216,8615,53,0,0
B11082,2,M-4,32159,15610,12026,60,0,0
B11082,3,M-3,32773,20094,14949,76,0,0
B11082,4,M-2,35425,20668,11018,30,0,0
B11082,5,M-1,37596,26280,3519,50,0,0
B11083,0,M-6,40547,30735,3944,84,0,0
B11083,1,M-5,40629,25635,6673,39,0,0
B11083,2,M-4,39779,25033,6554,85,0,0
B11083,3,M-3,35534,27519,6078,38,0,0
B11083,4,M-2,37637,23259,8277,66,0,0
B11083,5,M-1,37905,20424,11269,73,0,0
B11084,0,M-6,78806,56444,36161,89,0,0
B11084,1,M-5,76280,54648,20695,63,0,0
B11084,2,M-4,67201,39807,21794,32,0,0
B11084,3,M-3,75995,49533,34458,61,0,0
B11084,4,M-2,74600,35033,17327,34,0,0
B11084,5,M-1,62488,47041,30837,36,0,0
B11085,0,M-6,75174,41481,25447,36,0,0
B11085,1,M-5,89423,68648,23705,71,0,0
B11085,2,M-4,77960,52998,10039,57,0,0
B11085,3,M-3,94000,67320,37205,59,0,0
B11085,4,M-2,95201,52534,29958,81,0,0
B11085,5,M-1,96627,43920,30298,34,0,0
B11086,0,M-6,63142,48103,31614,80,0,0
B11086,1,M-5,68898,35549,22173,77,0,0
B11086,2,M-4,73349,41962,33153,84,0,0
B11086,3,M-3,75194,46920,26271,44,0,0
B11086,4,M-2,73865,42014,17642,60,0,0
B11086,5,M-1,64135,45600,19885,28,0,0
B11087,0,M-6,84636,52251,17657,76,0,0
B11087,1,M-5,91688,52881,24732,69,0,0
B11087,2,M-4,87925,52044,16151,71,0,0
B11087,3,M-3,88356,46355,13412,47,0,0
B11087,4,M-2,100128,72341,35121,82,0,0
B11087,5,M-1,105275,56818,32305,58,0,0
B11088,0,M-6,26458,23646,8284,68,0,0
B11088,1,M-5,31986,14845,3989,73,0,0
B11088,2,M-4,32450,25436,8325,86,0,0
B11088,3,M-3,31276,27724,16735,26,0,0
B11088,4,M-2,32090,29374,28057,32,0,0
B11088,5,M-1,34465,32605,35806,85,0,0
B11089,0,M-6,50734,31452,9840,84,0,0
B11089,1,M-5,50342,23894,17169,42,0,0
B11089,2,M-4,54013,26258,20145,27,0,0
B11089,3,M-3,52106,25898,18763,41,0,0
B11089,4,M-2,50425,32759,9507,75,0,0
B11089,5,M-1,47429,27937,21151,29,0,0
B11090,0,M-6,50992,33387,11099,48,0,0
B11090,1,M-5,51387,27527,11672,52,0,0
B11090,2,M-4,49163,26816,7304,79,0,0
B11090,3,M-3,50242,32070,25197,58,0,0
B11090,4,M-2,49247,32215,21338,63,0,0
B11090,5,M-1,48025,25550,10426,49,0,0
B11091,0,M-6,26904,13409,11971,73,0,0
B11091,1,M-5,29819,18484,13009,77,0,0
B11091,2,M-4,31661,24260,8370,69,0,0
B11091,3,M-3,29246,21653,5703,55,0,0
B11091,4,M-2,35835,27724,9150,73,0,0
B11091,5,M-1,36076,24397,15760,39,0,0
B11092,0,M-6,19470,17059,21323,25,0,0
B11092,1,M-5,23769,20255,22067,35,0,0
B11092,2,M-4,22841,12227,13745,47,0,0
B11092,3,M-3,24267,14993,24513,60,0,0
B11092,4,M-2,22048,15626,3065,86,0,0
B11092,5,M-1,24847,20611,10595,33,0,0
B11093,0,M-6,20238,15246,5342,26,0,0
B11093,1,M-5,21608,13628,2900,46,0,0
B11093,2,M-4,23266,20080,7821,58,0,0
B11093,3,M-3,21548,12814,23424,26,0,0
B11093,4,M-2,20156,16671,5958,67,0,0
B11093,5,M-1,21953,12544,25155,61,0,0
B11094,0,M-6,57015,36454,16981,25,0,0
B11094,1,M-5,57792,33889,12667,58,0,0
B11094,2,M-4,57560,34694,23954,70,0,0
B11094,3,M-3,63634,35191,72838,35,0,0
B11094,4,M-2,59228,39197,59606,87,0,0
B11094,5,M-1,62677,31395,14590,69,0,0
B11095,0,M-6,20186,17049,18428,51,0,0
B11095,1,M-5,17540,10616,17478,61,0,0
B11095,2,M-4,19199,10509,17014,26,0,0
B11095,3,M-3,16433,8928,13475,63,0,0
B11095,4,M-2,18948,8809,6101,42,0,0
B11095,5,M-1,16678,11980,4360,32,0,0
B11096,0,M-6,71481,53030,15111,39,0,0
B11096,1,M-5,70254,47554,33957,51,0,0
B11096,2,M-4,77288,55375,13906,75,0,0
B11096,3,M-3,74747,41253,33425,52,0,0
B11096,4,M-2,81336,42549,8112,59,0,0
B11096,5,M-1,74935,41892,31940,88,0,0
B11097,0,M-6,83057,65302,31561,79,0,0
B11097,1,M-5,78900,39975,24904,39,0,0
B11097,2,M-4,81277,39712,39188,71,0,0
B11097,3,M-3,91388,41410,41216,66,0,0
B11097,4,M-2,92957,47623,26529,48,0,0
B11097,5,M-1,86333,44222,23909,52,0,0
B11098,0,M-6,68354,31370,12213,41,0,0
B11098,1,M-5,71217,44990,14335,27,0,0
B11098,2,M-4,75200,54548,33344,58,0,0
B11098,3,M-3,84150,59704,14039,87,0,0
B11098,4,M-2,72841,54842,26188,28,0,0
B11098,5,M-1,78526,44813,17739,87,0,0
B11099,0,M-6,19543,15324,13403,54,0,0
B11099,1,M-5,21427,14093,18803,72,0,0
B11099,2,M-4,22972,19694,31424,86,0,0
B11099,3,M-3,20990,16003,11904,53,0,0
B11099,4,M-2,22441,12905,21434,59,0,0
B11099,5,M-1,21282,11808,12054,51,0,0
B11100,0,M-6,46771,29804,10041,45,0,0
B11100,1,M-5,53013,33736,25534,84,0,0
B11100,2,M-4,56635,44819,23637,42,0,0
B11100,3,M-3,48378,36657,16259,67,0,0
B11100,4,M-2,55940,43545,15527,69,0,0
B11100,5,M-1,50461,30005,17773,39,0,0
B11101,0,M-6,36194,22286,16221,75,0,0
B11101,1,M-5,36770,23898,17670,26,0,0
B11101,2,M-4,38566,27842,7446,59,0,0
B11101,3,M-3,35083,25008,16298,52,0,0
B11101,4,M-2,37490,18251,7172,57,0,0
B11101,5,M-1,33769,20145,11476,53,0,0
B11102,0,M-6,26501,11958,9777,25,0,0
B11102,1,M-5,23594,17259,11168,52,0,0
B11102,2,M-4,23513,10818,3475,29,0,0
B11102,3,M-3,26427,14516,6092,88,0,0
B11102,4,M-2,25627,13714,5266,61,0,0
B11102,5,M-1,24103,15815,6330,33,0,0
B11103,0,M-6,52974,31665,66412,85,0,0
B11103,1,M-5,59220,54543,12363,65,0,0
B11103,2,M-4,52891,37011,12026,48,0,0
B11103,3,M-3,50343,37579,57135,73,0,0
B11103,4,M-2,54485,37046,64760,88,0,0
B11103,5,M-1,50576,32670,52505,54,0,0
B11104,0,M-6,85554,66541,34307,34,0,0
B11104,1,M-5,76999,47377,10315,27,0,0
B11104,2,M-4,73157,51410,28286,65,0,0
B11104,3,M-3,72096,43592,39292,61,0,0
B11104,4,M-2,75413,49804,22807,82,0,0
B11104,5,M-1,84210,45257,22323,74,0,0
B11105,0,M-6,33888,25119,19910,68,0,0
B11105,1,M-5,30038,24939,12976,62,0,0
B11105,2,M-4,33245,17174,34193,41,0,0
B11105,3,M-3,28321,26626,24521,33,0,0
B11105,4,M-2,29527,18033,43757,86,0,0
B11105,5,M-1,30317,14170,37754,27,0,0
B11106,0,M-6,24196,19581,26200,53,0,0
B11106,1,M-5,20690,17000,12541,84,0,0
B11106,2,M-4,21529,11624,31116,72,0,0
B11106,3,M-3,20831,16957,21784,39,0,0
B11106,4,M-2,24457,20816,28202,80,0,0
B11106,5,M-1,24495,20854,6938,55,0,0
B11107,0,M-6,24913,15614,25364,67,0,0
B11107,1,M-5,22842,20806,25199,89,0,0
B11107,2,M-4,26523,21026,23283,45,0,0
B11107,3,M-3,25818,14961,8921,84,0,0
B11107,4,M-2,24028,14221,19410,33,0,0
B11107,5,M-1,24130,20058,8331,74,0,0
B11108,0,M-6,26899,21519,29264,73,0,0
B11108,1,M-5,25945,12128,37749,34,0,0
B11108,2,M-4,28630,26069,25325,76,0,0
B11108,3,M-3,29790,20378,30078,44,0,0
B11108,4,M-2,27650,19636,9500,55,0,0
B11108,5,M-1,29359,18492,30552,57,0,0
B11109,0,M-6,23584,18526,31412,60,0,0
B11109,1,M-5,25244,12259,5259,84,0,0
B11109,2,M-4,26255,23448,21259,58,0,0
B11109,3,M-3,24330,22672,7751,33,0,0
B11109,4,M-2,25093,19450,30484,59,0,0
B11109,5,M-1,22232,19482,3610,41,0,0
B11110,0,M-6,16712,11781,13707,82,0,0
B11110,1,M-5,16260,9396,21121,36,0,0
B11110,2,M-4,16076,11382,4332,43,0,0
B11110,3,M-3,18220,14408,22943,31,0,0
B11110,4,M-2,18411,14762,16369,72,0,0
B11110,5,M-1,19965,12480,22782,51,0,0
B11111,0,M-6,75443,54027,39910,39,0,0
B11111,1,M-5,74976,38697,19198,39,0,0
B11111,2,M-4,82163,52836,18953,50,0,0
B11111,3,M-3,83126,43018,36362,25,0,0
B11111,4,M-2,77718,39232,21666,58,0,0
B11111,5,M-1,86359,53575,20633,42,0,0
B11112,0,M-6,29825,22994,32244,34,0,0
B11112,1,M-5,34844,22276,22787,47,0,0
B11112,2,M-4,32328,30566,12738,67,0,0
B11112,3,M-3,35405,19027,37805,83,0,0
B11112,4,M-2,33710,24950,48631,53,0,0
B11112,5,M-1,34822,32431,49433,73,0,0
B11113,0,M-6,69934,49706,29253,83,0,0
B11113,1,M-5,74568,41692,31766,40,0,0
B11113,2,M-4,76267,50554,14613,78,0,0
B11113,3,M-3,82752,47331,32144,65,0,0
B11113,4,M-2,79326,37177,21412,26,0,0
B11113,5,M-1,81202,40817,16040,59,0,0
B11114,0,M-6,70702,38516,15475,58,0,0
B11114,1,M-5,71690,38892,8862,75,0,0
B11114,2,M-4,75489,50587,21588,26,0,0
B11114,3,M-3,75775,47477,30308,58,0,0
B11114,4,M-2,75264,39014,13895,44,0,0
B11114,5,M-1,77487,56196,39108,30,0,0
B11115,0,M-6,16671,14685,19681,49,0,0
B11115,1,M-5,16612,10925,2978,61,0,0
B11115,2,M-4,17696,9800,24149,37,0,0
B11115,3,M-3,20216,13484,25985,26,0,0
B11115,4,M-2,18695,15329,11558,42,0,0
B11115,5,M-1,18411,12429,7018,65,0,1
B11116,0,M-6,27532,16773,12909,64,0,0
B11116,1,M-5,28264,16874,5755,38,0,0
B11116,2,M-4,32318,23262,14233,77,0,0
B11116,3,M-3,31508,23186,8778,35,0,0
B11116,4,M-2,33991,19751,11399,41,0,0
B11116,5,M-1,32122,15851,6482,47,0,0
B11117,0,M-6,57197,33039,14058,27,0,0
B11117,1,M-5,64419,34622,27258,71,0,0
B11117,2,M-4,62244,37533,12759,79,0,0
B11117,3,M-3,61124,28847,26154,41,0,0
B11117,4,M-2,61720,35653,26546,72,0,0
B11117,5,M-1,51885,31934,26105,77,0,0
B11118,0,M-6,36784,26071,4564,33,0,0
B11118,1,M-5,35896,17993,13272,66,0,0
B11118,2,M-4,31388,16922,10370,67,0,0
B11118,3,M-3,32928,24256,17229,25,0,0
B11118,4,M-2,35333,20070,9967,56,0,0
B11118,5,M-1,30097,17476,13061,72,0,0
B11119,0,M-6,39278,27705,17145,54,0,0
B11119,1,M-5,37717,25932,7154,66,0,0
B11119,2,M-4,37052,17153,7102,49,0,0
B11119,3,M-3,42033,23418,19553,56,0,0
B11119,4,M-2,37773,22272,16714,63,0,0
B11119,5,M-1,38102,23293,19611,51,0,0
B11120,0,M-6,51222,35999,16117,57,0,0
B11120,1,M-5,63152,29417,27133,77,0,0
B11120,2,M-4,54850,38217,12499,69,0,0
B11120,3,M-3,65552,35443,18714,86,0,0
B11120,4,M-2,64942,41500,15143,70,0,0
B11120,5,M-1,68171,36300,13317,80,0,0
B11121,0,M-6,25907,20257,6867,77,0,0
B11121,1,M-5,24116,18179,33489,25,0,0
B11121,2,M-4,26471,18439,27205,87,0,0
B11121,3,M-3,26012,24131,22307,35,0,0
B11121,4,M-2,24640,11411,27336,55,1,0
B11121,5,M-1,26767,15115,33230,62,0,0
B11122,0,M-6,42174,37724,44150,82,0,0
B11122,1,M-5,40569,30486,49332,83,0,0
B11122,2,M-4,40032,18227,6125,42,0,0
B11122,3,M-3,37762,21191,18484,48,0,0
B11122,4,M-2,42980,34229,49754,70,0,0
B11122,5,M-1,40684,37007,36772,44,0,0
B11123,0,M-6,47653,38108,19707,29,0,0
B11123,1,M-5,49936,26383,12116,55,0,0
B11123,2,M-4,48345,25860,19229,82,0,0
B11123,3,M-3,51825,34302,21090,25,0,0
B11123,4,M-2,52034,27962,8558,34,0,0
B11123,5,M-1,58015,39569,20189,35,0,0
B11124,0,M-6,14609,8041,7551,89,0,0
B11124,1,M-5,15926,10712,20570,50,0,0
B11124,2,M-4,15220,8562,20098,67,0,0
B11124,3,M-3,14765,8994,11119,37,0,0
B11124,4,M-2,16965,12306,4751,34,0,0
B11124,5,M-1,15995,11993,2993,61,0,0
B11125,0,M-6,56655,41890,20007,37,0,0
B11125,1,M-5,54289,30982,17707,68,0,0
B11125,2,M-4,56983,27949,22039,39,0,0
B11125,3,M-3,50690,30911,11781,67,0,0
B11125,4,M-2,59716,27479,8072,59,0,0
B11125,5,M-1,54722,43596,16195,80,0,0
B11126,0,M-6,22389,18995,18168,45,0,0
B11126,1,M-5,20693,18077,6967,36,0,0
B11126,2,M-4,22649,17385,8367,46,0,0
B11126,3,M-3,21927,14395,2567,48,0,0
B11126,4,M-2,23668,22242,4719,82,0,0
B11126,5,M-1,24187,11449,9790,61,0,0
B11127,0,M-6,30525,23058,31818,58,0,0
B11127,1,M-5,33165,22892,33747,75,0,0
B11127,2,M-4,30276,20499,20648,70,0,0
B11127,3,M-3,34751,28334,36552,68,0,0
B11127,4,M-2,33382,24522,3899,82,0,0
B11127,5,M-1,31108,18206,26179,30,0,0
B11128,0,M-6,38684,32548,35921,86,0,0
B11128,1,M-5,32907,23355,31486,28,0,0
B11128,2,M-4,33644,25767,31690,62,0,0
B11128,3,M-3,34829,22478,22291,61,1,0
B11128,4,M-2,35779,16242,30353,82,0,0
B11128,5,M-1,35545,23870,45650,84,0,0
B11129,0,M-6,44385,34952,13009,34,0,0
B11129,1,M-5,55500,39574,9596,49,0,0
B11129,2,M-4,51631,27628,16682,66,0,0
B11129,3,M-3,48889,29650,24700,34,0,0
B11129,4,M-2,54139,27506,11186,70,0,0
B11129,5,M-1,62173,43419,7820,80,0,0
B11130,0,M-6,41943,32558,17387,69,0,0
B11130,1,M-5,39614,22549,16233,30,0,0
B11130,2,M-4,44082,23576,12138,49,0,0
B11130,3,M-3,46990,33880,21597,27,0,0
B11130,4,M-2,45723,33115,12884,42,0,0
B11130,5,M-1,44829,32632,15538,83,0,0
B11131,0,M-6,26891,18470,13342,79,0,0
B11131,1,M-5,26440,24308,6904,28,0,0
B11131,2,M-4,25155,14300,15696,34,0,0
B11131,3,M-3,29434,14509,36265,25,0,0
B11131,4,M-2,28981,19862,7782,26,0,0
B11131,5,M-1,31259,23327,22580,51,0,0
B11132,0,M-6,58777,27898,17428,68,0,0
B11132,1,M-5,53275,39016,7957,65,0,0
B11132,2,M-4,61024,31487,29361,58,0,0
B11132,3,M-3,52154,24974,28316,81,0,0
B11132,4,M-2,55443,33915,17087,87,0,0
B11132,5,M-1,56450,41128,19996,49,0,0
B11133,0,M-6,56397,31327,16702,55,0,0
B11133,1,M-5,59122,31356,5598,53,0,0
B11133,2,M-4,50630,37909,9549,57,0,0
B11133,3,M-3,52383,38230,11283,34,0,0
B11133,4,M-2,56266,32293,25133,67,0,0
B11133,5,M-1,52552,26004,8387,89,0,0
B11134,0,M-6,48515,38088,10134,56,0,0
B11134,1,M-5,48224,30253,30027,63,0,0
B11134,2,M-4,46849,31753,61124,42,0,0
B11134,3,M-3,50334,27665,22862,68,0,0
B11134,4,M-2,53128,31505,66394,54,0,0
B11134,5,M-1,47159,32353,4754,64,0,0
B11135,0,M-6,80064,56432,12989,63,0,0
B11135,1,M-5,85967,48000,20497,69,0,0
B11135,2,M-4,89408,44578,21051,40,0,0
B11135,3,M-3,90200,69935,20829,85,0,0
B11135,4,M-2,78787,55228,23326,29,0,0
B11135,5,M-1,85469,50956,37118,33,0,0
B11136,0,M-6,37639,17319,18245,64,0,0
B11136,1,M-5,39851,30416,6277,69,0,0
B11136,2,M-4,40664,21689,12086,44,0,0
B11136,3,M-3,44699,24711,17797,77,0,0
B11136,4,M-2,44071,26403,9469,25,0,0
B11136,5,M-1,41243,22235,11105,53,0,0
B11137,0,M-6,81167,62638,30626,44,0,0
B11137,1,M-5,75000,35329,26414,47,0,0
B11137,2,M-4,89834,47480,36496,51,0,0
B11137,3,M-3,88505,55594,31185,31,0,0
B11137,4,M-2,84749,39400,39106,27,0,0
B11137,5,M-1,92468,69240,11306,64,0,0
B11138,0,M-6,63848,38821,23187,72,0,0
B11138,1,M-5,55144,38900,18905,81,0,0
B11138,2,M-4,63875,31928,12272,32,0,0
B11138,3,M-3,61950,34366,15316,72,0,0
B11138,4,M-2,58040,44682,24579,73,0,0
B11138,5,M-1,69512,54268,25366,40,0,0
B11139,0,M-6,12466,9296,2750,29,0,0
B11139,1,M-5,14116,11263,9165,42,0,0
B11139,2,M-4,13687,7806,9919,72,0,0
B11139,3,M-3,15614,10694,6320,87,0,0
B11139,4,M-2,13671,8189,16257,29,0,0
B11139,5,M-1,15438,10846,19900,73,0,0
B11140,0,M-6,39057,23809,21012,46,0,0
B11140,1,M-5,42226,32643,40320,87,0,0
B11140,2,M-4,46498,30249,43482,66,0,0
B11140,3,M-3,44232,40353,9539,83,0,0
B11140,4,M-2,41580,34091,18153,89,0,0
B11140,5,M-1,40712,34012,32041,42,0,0
B11141,0,M-6,29813,15136,7008,35,0,0
B11141,1,M-5,27495,22680,35038,36,0,0
B11141,2,M-4,27873,21934,18135,69,0,0
B11141,3,M-3,27768,13054,41215,25,0,0
B11141,4,M-2,26705,21376,31612,37,0,0
B11141,5,M-1,29929,21972,20120,50,0,0
B11142,0,M-6,42040,28154,12435,53,0,0
B11142,1,M-5,45291,23499,18152,88,0,0
B11142,2,M-4,47879,31374,16965,27,0,0
B11142,3,M-3,47355,23094,17345,46,0,0
B11142,4,M-2,43717,26504,20472,63,0,0
B11142,5,M-1,51092,33868,4854,25,0,0
B11143,0,M-6,73707,37797,32807,82,0,0
B11143,1,M-5,82275,57407,12912,50,0,0
B11143,2,M-4,88853,64576,42148,30,0,0
B11143,3,M-3,87156,68003,12616,74,0,0
B11143,4,M-2,85205,52741,40912,73,0,0
B11143,5,M-1,97685,68771,43028,86,0,0
B11144,0,M-6,35122,25462,20752,29,0,0
B11144,1,M-5,30307,20472,13472,56,0,0
B11144,2,M-4,34902,20293,42021,51,0,0
B11144,3,M-3,36584,25997,37823,49,0,0
B11144,4,M-2,34688,24687,44022,64,0,0
B11144,5,M-1,33380,16454,32813,49,0,0
B11145,0,M-6,61856,43611,9076,65,0,0
B11145,1,M-5,56183,41034,8984,53,0,0
B11145,2,M-4,53989,34295,24641,54,0,0
B11145,3,M-3,52637,36358,13081,68,0,0
B11145,4,M-2,51029,31233,16033,38,0,0
B11145,5,M-1,53815,29768,6657,74,0,0
B11146,0,M-6,70413,45193,11239,49,0,0
B11146,1,M-5,70595,34510,16723,61,0,0
B11146,2,M-4,72591,37582,20198,83,0,0
B11146,3,M-3,81736,38225,39966,81,0,0
B11146,4,M-2,76844,52864,15234,38,0,0
B11146,5,M-1,77550,58925,37683,65,0,0
B11147,0,M-6,16316,8437,10919,80,0,0
B11147,1,M-5,16764,15407,16715,72,0,0
B11147,2,M-4,20279,17069,15664,69,0,0
B11147,3,M-3,19976,16915,18700,82,0,0
B11147,4,M-2,19074,16842,15342,42,0,0
B11147,5,M-1,22748,19924,18795,72,0,0
B11148,0,M-6,33549,28842,31908,49,0,0
B11148,1,M-5,32854,22963,3833,85,0,0
B11148,2,M-4,32407,17332,41580,56,0,0
B11148,3,M-3,33256,25478,46480,64,0,0
B11148,4,M-2,31433,17678,16241,73,0,0
B11148,5,M-1,36919,27440,42351,43,0,0
B11149,0,M-6,25006,17748,18494,74,0,0
B11149,1,M-5,22933,14984,22134,54,0,0
B11149,2,M-4,23828,18046,2570,53,0,0
B11149,3,M-3,22832,14339,25787,46,0,0
B11149,4,M-2,23551,13175,28474,56,0,0
B11149,5,M-1,23855,15309,18147,81,0,0
B11150,0,M-6,74734,42705,21639,29,0,0
B11150,1,M-5,75190,48372,32092,28,0,0
B11150,2,M-4,72630,42038,33487,74,0,0
B11150,3,M-3,66031,32727,26998,65,0,0
B11150,4,M-2,64964,35169,10629,61,0,0
B11150,5,M-1,66447,43542,17485,77,0,0
B11151,0,M-6,80849,38473,24882,69,0,0
B11151,1,M-5,80854,54689,18035,88,0,0
B11151,2,M-4,74857,45268,8216,41,0,0
B11151,3,M-3,72300,32788,9833,36,0,0
B11151,4,M-2,79080,53665,16950,89,0,0
B11151,5,M-1,73522,34671,20251,64,0,0
B11152,0,M-6,32868,26650,13843,41,0,0
B11152,1,M-5,32617,17743,40035,89,0,0
B11152,2,M-4,31924,21415,32421,75,0,0
B11152,3,M-3,34733,28577,14426,89,0,0
B11152,4,M-2,34013,30099,42994,71,0,0
B11152,5,M-1,37786,18214,31588,86,0,0
B11153,0,M-6,22176,11110,15486,52,0,0
B11153,1,M-5,23094,14015,6674,69,0,0
B11153,2,M-4,25185,15236,15691,87,0,0
B11153,3,M-3,22282,19510,8673,45,0,0
B11153,4,M-2,26275,12760,11427,85,0,0
B11153,5,M-1,24474,17183,4996,54,0,0
B11154,0,M-6,16925,15763,27051,45,0,0
B11154,1,M-5,20588,16237,23597,56,0,0
B11154,2,M-4,18473,12230,11011,30,0,0
B11154,3,M-3,21779,18000,2987,34,0,0
B11154,4,M-2,21443,11680,11707,27,0,0
B11154,5,M-1,22759,11520,12754,75,0,0
B11155,0,M-6,29897,22978,10943,66,0,0
B11155,1,M-5,28296,15582,12144,47,0,0
B11155,2,M-4,28446,21720,14957,77,0,0
B11155,3,M-3,30694,21324,11832,25,0,0
B11155,4,M-2,33318,24970,8635,43,0,0
B11155,5,M-1,29584,14940,5262,65,0,0
B11156,0,M-6,39144,19812,7081,57,0,0
B11156,1,M-5,42422,21474,15719,75,0,0
B11156,2,M-4,41708,29906,11216,69,0,0
B11156,3,M-3,34530,26650,12612,73,0,0
B11156,4,M-2,35774,25327,14592,67,0,0
B11156,5,M-1,39202,30123,5780,26,0,0
B11157,0,M-6,29237,19443,35036,38,0,0
B11157,1,M-5,27730,21349,11903,68,0,0
B11157,2,M-4,29327,16596,36898,58,0,0
B11157,3,M-3,28267,15747,26918,74,0,0
B11157,4,M-2,29880,17961,27610,31,0,0
B11157,5,M-1,31610,25552,16661,89,0,0
B11158,0,M-6,24525,21131,8941,76,0,0
B11158,1,M-5,25505,23853,24322,30,0,0
B11158,2,M-4,26010,21580,6126,50,0,0
B11158,3,M-3,23996,17142,31541,54,0,0
B11158,4,M-2,23370,12187,8607,58,0,0
B11158,5,M-1,23106,19232,19084,82,0,0
B11159,0,M-6,35709,27345,42581,35,0,0
B11159,1,M-5,31404,28821,15054,69,0,0
B11159,2,M-4,33276,28564,19530,61,0,0
B11159,3,M-3,31557,15708,13948,87,0,0
B11159,4,M-2,35526,22486,36992,50,0,0
B11159,5,M-1,32674,27166,6611,59,0,0
B11160,0,M-6,53846,39147,22849,88,0,0
B11160,1,M-5,54593,42475,24418,25,0,0
B11160,2,M-4,62519,39982,8893,47,0,0
B11160,3,M-3,67629,32565,10858,81,0,0
B11160,4,M-2,62632,43915,17377,84,0,0
B11160,5,M-1,63276,36704,14679,41,0,0
B11161,0,M-6,84482,55538,9587,57,0,0
B11161,1,M-5,82325,57673,23616,61,0,0
B11161,2,M-4,85358,53661,10197,44,0,0
B11161,3,M-3,75937,52004,34293,61,0,0
B11161,4,M-2,71916,37792,20542,49,0,0
B11161,5,M-1,77777,35574,27221,77,0,0
B11162,0,M-6,92743,72080,40600,72,0,0
B11162,1,M-5,101839,55267,13669,40,0,0
B11162,2,M-4,87180,69434,34125,62,0,0
B11162,3,M-3,90950,64935,36421,41,0,0
B11162,4,M-2,95341,70133,27915,87,0,0
B11162,5,M-1,78786,51966,25426,86,0,0
B11163,0,M-6,13094,10327,1715,34,0,0
B11163,1,M-5,12913,6072,6586,40,0,0
B11163,2,M-4,13046,7719,12466,78,0,0
B11163,3,M-3,11880,8740,12731,49,0,0
B11163,4,M-2,12103,7207,8512,50,0,0
B11163,5,M-1,12389,9071,12832,56,0,0
B11164,0,M-6,42527,22539,49268,65,0,0
B11164,1,M-5,45255,26846,33006,88,0,0
B11164,2,M-4,43564,30888,28801,34,0,0
B11164,3,M-3,46389,43927,57004,35,0,0
B11164,4,M-2,44617,30301,19185,56,0,0
B11164,5,M-1,48276,22470,14706,61,0,0
B11165,0,M-6,54144,38235,6302,72,0,0
B11165,1,M-5,45228,29845,14544,44,0,0
B11165,2,M-4,50165,28796,16457,40,0,0
B11165,3,M-3,46189,29833,10679,85,0,0
B11165,4,M-2,44311,27180,16008,44,0,0
B11165,5,M-1,46939,26490,7308,34,0,0
B11166,0,M-6,51779,26431,28055,35,0,0
B11166,1,M-5,54061,29550,16327,74,0,0
B11166,2,M-4,54129,33179,11143,86,0,0
B11166,3,M-3,52831,24881,20087,87,0,0
B11166,4,M-2,57892,30560,12777,84,0,0
B11166,5,M-1,59309,33138,9940,40,0,0
B11167,0,M-6,52629,37829,16771,42,0,0
B11167,1,M-5,46816,35205,19736,78,0,0
B11167,2,M-4,50923,23562,13824,40,0,0
B11167,3,M-3,56997,30034,14115,83,0,0
B11167,4,M-2,50033,38520,20088,55,0,0
B11167,5,M-1,55231,26186,17083,43,0,0
B11168,0,M-6,23313,11777,5832,40,0,0
B11168,1,M-5,24937,21586,17830,28,0,0
B11168,2,M-4,20822,11045,15481,75,0,0
B11168,3,M-3,21868,14319,10266,83,0,0
B11168,4,M-2,22121,16928,5069,25,0,0
B11168,5,M-1,21590,16682,27795,39,0,0
B11169,0,M-6,62652,36200,19637,62,0,0
B11169,1,M-5,66373,49072,31019,37,0,0
B11169,2,M-4,62985,39523,29472,65,0,0
B11169,3,M-3,65843,37342,18123,78,0,0
B11169,4,M-2,64109,37791,19623,29,0,0
B11169,5,M-1,61069,40241,22767,43,0,0
B11170,0,M-6,16404,13073,12157,46,0,0
B11170,1,M-5,19496,16279,6621,32,0,0
B11170,2,M-4,20384,13104,4049,70,0,0
B11170,3,M-3,19492,9399,9453,58,0,0
B11170,4,M-2,22630,14012,26992,89,0,0
B11170,5,M-1,23533,13102,7291,82,0,0
B11171,0,M-6,32865,20767,20168,43,0,0
B11171,1,M-5,31777,20068,30292,34,0,0
B11171,2,M-4,26322,24897,37186,26,0,0
B11171,3,M-3,29627,13990,17537,65,0,0
B11171,4,M-2,26887,18843,10507,31,0,0
B11171,5,M-1,27817,20970,10974,33,0,0
B11172,0,M-6,78749,45230,32819,35,0,0
B11172,1,M-5,78541,62485,8993,56,0,0
B11172,2,M-4,74011,57126,11555,59,0,0
B11172,3,M-3,75613,53838,22267,49,0,0
B11172,4,M-2,70834,39273,22768,27,0,0
B11172,5,M-1,75816,56414,23060,61,0,0
B11173,0,M-6,31714,29158,41681,36,0,0
B11173,1,M-5,27734,15617,8577,35,0,0
B11173,2,M-4,27983,13365,39691,49,0,0
B11173,3,M-3,31229,19726,31776,28,0,0
B11173,4,M-2,32400,28231,4673,82,0,0
B11173,5,M-1,30600,28342,27529,27,0,0
B11174,0,M-6,14043,7096,6791,31,0,0
B11174,1,M-5,13816,10179,11902,35,0,0
B11174,2,M-4,15946,14644,7640,64,0,0
B11174,3,M-3,14749,12512,9739,82,0,0
B11174,4,M-2,17664,14325,3244,60,0,0
B11174,5,M-1,17287,11506,8128,62,0,0
B11175,0,M-6,39799,25236,17302,63,0,0
B11175,1,M-5,46484,33819,18020,67,0,0
B11175,2,M-4,50687,31454,5733,35,0,0
B11175,3,M-3,48981,24998,19866,59,0,0
B11175,4,M-2,46045,21231,22237,77,0,0
B11175,5,M-1,53767,42659,11992,86,0,0
B11176,0,M-6,44243,24021,11838,64,0,0
B11176,1,M-5,42369,28311,6584,64,0,0
B11176,2,M-4,49173,22549,16700,40,0,0
B11176,3,M-3,49638,23378,21236,43,0,0
B11176,4,M-2,49392,23034,4738,65,0,0
B11176,5,M-1,45482,34151,16642,28,0,0
B11177,0,M-6,44724,30220,5634,62,0,0
B11177,1,M-5,40789,22973,8522,78,0,0
B11177,2,M-4,44271,20797,9553,43,0,0
B11177,3,M-3,43700,28143,19053,55,0,0
B11177,4,M-2,52957,28098,5668,74,0,0
B11177,5,M-1,51819,40158,5189,76,0,0
B11178,0,M-6,48296,37253,10484,46,0,0
B11178,1,M-5,52127,29761,15942,35,0,0
B11178,2,M-4,50258,38511,22453,77,0,0
B11178,3,M-3,52059,27745,20684,61,0,0
B11178,4,M-2,46615,26241,21400,49,0,0
B11178,5,M-1,42499,19547,8973,31,0,0
B11179,0,M-6,104495,54620,50342,60,0,0
B11179,1,M-5,100716,52098,24539,29,0,0
B11179,2,M-4,95877,49964,37684,77,0,0
B11179,3,M-3,115047,59650,43711,70,0,0
B11179,4,M-2,106807,56925,33420,86,0,0
B11179,5,M-1,113050,64738,38659,77,0,0
B11180,0,M-6,25103,20399,29902,77,0,0
B11180,1,M-5,25108,14116,2380,64,0,0
B11180,2,M-4,21667,20271,23077,26,0,0
B11180,3,M-3,24648,16582,32335,54,0,0
B11180,4,M-2,24450,15351,13423,71,0,0
B11180,5,M-1,24016,15417,19177,45,0,0
B11181,0,M-6,42177,27457,16679,72,0,0
B11181,1,M-5,41911,31750,7900,46,0,0
B11181,2,M-4,46111,31268,9274,44,0,0
B11181,3,M-3,43752,28573,10637,39,0,0
B11181,4,M-2,41071,19351,7670,72,0,0
B11181,5,M-1,43475,27920,12062,84,0,0
B11182,0,M-6,9645,6845,8883,79,0,0
B11182,1,M-5,8097,5633,3962,76,0,0
B11182,2,M-4,9088,7511,6186,71,0,0
B11182,3,M-3,9481,5658,6953,34,0,0
B11182,4,M-2,8884,4544,3440,67,0,0
B11182,5,M-1,9663,7977,5544,79,0,1
B11183,0,M-6,17219,14914,17226,58,0,0
B11183,1,M-5,19178,11888,20712,46,1,0
B11183,2,M-4,18664,13341,21510,44,0,0
B11183,3,M-3,19771,15301,12929,81,0,0
B11183,4,M-2,22078,12147,23615,41,0,0
B11183,5,M-1,19372,17282,6697,34,0,0
B11184,0,M-6,37565,33573,38345,77,0,0
B11184,1,M-5,34800,18880,46161,25,0,0
B11184,2,M-4,36669,23832,32164,63,0,0
B11184,3,M-3,35069,21860,43292,27,0,0
B11184,4,M-2,36090,27218,44633,63,0,0
B11184,5,M-1,36490,32133,12467,26,0,0
B11185,0,M-6,37532,22514,9732,49,0,0
B11185,1,M-5,38776,28957,14397,32,0,0
B11185,2,M-4,33787,26583,12143,34,0,0
B11185,3,M-3,33553,18531,8580,62,0,0
B11185,4,M-2,36408,23545,12298,35,0,0
B11185,5,M-1,32695,20313,5394,70,0,0
B11186,0,M-6,65686,49249,19203,67,0,0
B11186,1,M-5,60605,38440,34715,76,0,0
B11186,2,M-4,62294,41189,27208,76,0,0
B11186,3,M-3,73258,53173,22573,27,0,0
B11186,4,M-2,66025,47358,26177,75,0,0
B11186,5,M-1,69384,49782,22519,82,0,0
B11187,0,M-6,15704,13088,5112,29,0,0
B11187,1,M-5,16811,12731,22951,25,0,0
B11187,2,M-4,16102,14350,14976,60,0,0
B11187,3,M-3,17921,12937,20697,48,0,0
B11187,4,M-2,16955,10495,4688,71,0,1
B11187,5,M-1,18658,16390,4213,36,0,0
B11188,0,M-6,19355,13175,15103,29,0,0
B11188,1,M-5,21101,10177,11423,55,0,0
B11188,2,M-4,19170,10695,19422,49,0,0
B11188,3,M-3,19774,17747,13598,70,0,0
B11188,4,M-2,19788,16173,29261,37,0,0
B11188,5,M-1,18860,16056,11733,41,0,0
B11189,0,M-6,32336,15402,7170,37,0,0
B11189,1,M-5,33339,21828,8685,38,0,0
B11189,2,M-4,31605,19788,10292,32,0,0
B11189,3,M-3,30903,21920,8478,74,0,0
B11189,4,M-2,29538,13409,11083,25,0,0
B11189,5,M-1,32282,19566,11977,49,0,0
B11190,0,M-6,30595,19834,5739,62,1,0
B11190,1,M-5,29148,17071,21360,45,0,0
B11190,2,M-4,27298,25905,26401,63,0,0
B11190,3,M-3,27864,21123,15764,62,0,0
B11190,4,M-2,28000,15406,24678,57,0,0
B11190,5,M-1,25337,12758,3865,78,0,0
B11191,0,M-6,49718,24165,13125,75,0,0
B11191,1,M-5,53466,31075,25113,26,0,0
B11191,2,M-4,51580,25556,11178,72,0,0
B11191,3,M-3,54051,37325,7456,30,0,0
B11191,4,M-2,54714,37637,9343,55,0,0
B11191,5,M-1,50979,30438,13602,68,0,0
B11192,0,M-6,30768,23616,12450,44,0,0
B11192,1,M-5,34859,25229,4708,47,0,0
B11192,2,M-4,33625,15501,17006,75,0,0
B11192,3,M-3,29715,22461,8589,43,0,0
B11192,4,M-2,29082,14907,14020,46,0,0
B11192,5,M-1,30714,22240,15713,88,0,0
B11193,0,M-6,51380,27593,22305,50,0,0
B11193,1,M-5,48092,24921,24484,84,0,0
B11193,2,M-4,53785,37475,8043,39,0,0
B11193,3,M-3,52568,28430,13225,35,0,0
B11193,4,M-2,57719,33247,8010,48,0,0
B11193,5,M-1,53549,35592,18097,53,0,0
B11194,0,M-6,29666,18320,11033,52,0,0
B11194,1,M-5,30392,16980,6358,58,0,0
B11194,2,M-4,27369,12568,9594,56,0,0
B11194,3,M-3,30651,16959,6229,79,0,0
B11194,4,M-2,31598,19280,8653,64,0,0
B11194,5,M-1,32123,25475,13694,35,0,0
B11195,0,M-6,45135,28477,35143,78,0,0
B11195,1,M-5,44485,32519,18106,37,0,0
B11195,2,M-4,37746,22405,7931,47,0,0
B11195,3,M-3,40668,23128,37647,71,0,0
B11195,4,M-2,37334,17694,46917,87,0,0
B11195,5,M-1,38323,22280,31420,89,0,0
B11196,0,M-6,25973,18132,11974,63,0,0
B11196,1,M-5,27286,18740,7577,55,0,0
B11196,2,M-4,23388,11903,13612,26,0,0
B11196,3,M-3,24609,17746,2839,67,0,0
B11196,4,M-2,28238,18133,9276,77,0,0
B11196,5,M-1,29963,23368,13887,73,0,0
B11197,0,M-6,83889,65582,23471,74,0,0
B11197,1,M-5,79948,58286,11481,45,0,0
B11197,2,M-4,84875,45379,36891,51,0,0
B11197,3,M-3,78586,36730,32700,57,0,0
B11197,4,M-2,91681,44047,28752,30,0,0
B11197,5,M-1,86480,46177,10236,36,0,0
B11198,0,M-6,29129,21840,29663,62,0,0
B11198,1,M-5,34133,26645,39615,74,0,0
B11198,2,M-4,37177,33122,37160,89,0,0
B11198,3,M-3,36588,29398,6820,57,0,0
B11198,4,M-2,38787,30377,7799,51,0,0
B11198,5,M-1,34225,17188,39249,63,0,0
B11199,0,M-6,25065,17855,26840,80,0,0
B11199,1,M-5,25285,23274,3988,63,0,0
B11199,2,M-4,23505,10836,32383,87,0,0
B11199,3,M-3,28007,16413,8198,56,0,0
B11199,4,M-2,24504,12026,29574,43,0,0
B11199,5,M-1,25819,16753,17295,55,0,0
B11200,0,M-6,13970,6385,2288,56,0,0
B11200,1,M-5,12826,9211,3448,75,0,0
B11200,2,M-4,15211,9020,10893,67,0,0
B11200,3,M-3,13979,11038,10899,40,0,0
B11200,4,M-2,14586,8221,18414,27,0,0
B11200,5,M-1,13414,7446,7321,64,0,0
B11201,0,M-6,31632,17928,28761,85,0,0
B11201,1,M-5,30794,21218,10709,52,0,0
B11201,2,M-4,30231,25698,8133,74,0,0
B11201,3,M-3,33716,30626,34680,61,0,0
B11201,4,M-2,35447,29245,43629,25,0,0
B11201,5,M-1,30368,15425,17041,59,0,0
B11202,0,M-6,24657,11418,14035,80,0,0
B11202,1,M-5,22246,14498,18813,48,0,0
B11202,2,M-4,24431,20294,8176,43,0,0
B11202,3,M-3,24064,11228,5716,78,0,0
B11202,4,M-2,21542,18570,10514,61,0,0
B11202,5,M-1,23665,11232,26951,28,0,0
B11203,0,M-6,49458,35907,15307,35,0,0
B11203,1,M-5,52514,25818,15304,37,0,0
B11203,2,M-4,50060,37996,13799,39,0,0
B11203,3,M-3,48493,34158,13860,34,0,0
B11203,4,M-2,53039,24017,25871,42,0,0
B11203,5,M-1,53626,31295,25950,67,0,0
B11204,0,M-6,30593,21415,14254,77,0,0
B11204,1,M-5,28100,20527,10345,52,0,0
B11204,2,M-4,29353,19353,5382,67,0,0
B11204,3,M-3,30282,22362,5449,46,0,0
B11204,4,M-2,26936,16033,9496,38,0,0
B11204,5,M-1,30511,23057,13232,43,0,0
B11205,0,M-6,34774,27513,26464,42,0,0
B11205,1,M-5,36368,18392,21955,73,0,0
B11205,2,M-4,36802,29370,42721,83,0,0
B11205,3,M-3,34392,23160,28395,49,0,0
B11205,4,M-2,30730,19733,22572,61,0,0
B11205,5,M-1,29956,27062,28457,50,0,0
B11206,0,M-6,59813,43489,29971,72,0,0
B11206,1,M-5,64343,51139,19952,81,0,0
B11206,2,M-4,63260,46050,23335,53,0,0
B11206,3,M-3,62329,45860,13439,47,0,0
B11206,4,M-2,65682,43654,23462,89,0,0
B11206,5,M-1,66019,33604,15704,53,0,0
B11207,0,M-6,37121,23339,16204,33,0,0
B11207,1,M-5,34470,28790,42759,52,0,0
B11207,2,M-4,31891,15040,25318,46,0,0
B11207,3,M-3,34836,28987,42644,48,0,0
B11207,4,M-2,36196,24026,40470,29,0,0
B11207,5,M-1,36921,17470,14346,46,0,0
B11208,0,M-6,79849,39961,36662,50,0,0
B11208,1,M-5,82225,51448,27704,25,0,0
B11208,2,M-4,84447,49636,32969,45,0,0
B11208,3,M-3,84094,64206,16077,54,0,0
B11208,4,M-2,89527,59257,32112,27,0,0
B11208,5,M-1,103950,81560,15746,86,0,0
B11209,0,M-6,33516,16043,5819,55,0,0
B11209,1,M-5,33375,15063,9575,78,0,0
B11209,2,M-4,30212,21552,15855,33,0,0
B11209,3,M-3,30117,19233,7307,53,0,0
B11209,4,M-2,29699,14895,4173,31,0,0
B11209,5,M-1,31849,18801,10456,39,0,0
B11210,0,M-6,35335,18539,18053,43,0,0
B11210,1,M-5,34157,19233,27068,80,0,0
B11210,2,M-4,31018,27249,21305,30,0,0
B11210,3,M-3,30514,16811,40199,84,1,0
B11210,4,M-2,35612,26974,20092,33,0,0
B11210,5,M-1,32711,14954,15273,83,0,0
B11211,0,M-6,11246,6680,14193,63,0,0
B11211,1,M-5,11884,10085,6463,74,0,0
B11211,2,M-4,12450,10847,9214,83,0,0
B11211,3,M-3,12071,8701,12289,88,0,0
B11211,4,M-2,13528,8295,15055,74,0,0
B11211,5,M-1,11826,11201,7465,84,0,0
B11212,0,M-6,46418,27349,28768,57,0,0
B11212,1,M-5,47127,41568,21904,30,0,0
B11212,2,M-4,44196,27636,7632,71,0,0
B11212,3,M-3,49282,28070,61570,87,0,0
B11212,4,M-2,47118,42438,32762,48,0,0
B11212,5,M-1,49559,43708,33111,69,0,0
B11213,0,M-6,14525,11465,24626,44,0,0
B11213,1,M-5,16369,12196,5559,60,0,0
B11213,2,M-4,17929,14793,19294,68,0,0
B11213,3,M-3,20796,18671,12500,87,0,0
B11213,4,M-2,22473,19184,7262,87,0,0
B11213,5,M-1,22866,19994,18255,60,0,0
B11214,0,M-6,51588,38482,12761,54,0,0
B11214,1,M-5,47753,31205,6911,64,0,0
B11214,2,M-4,52211,31917,14861,48,0,0
B11214,3,M-3,50275,27563,18120,50,0,0
B11214,4,M-2,56140,25332,11563,27,0,0
B11214,5,M-1,47992,28947,5875,45,0,0
B11215,0,M-6,25402,19217,7778,68,0,0
B11215,1,M-5,25522,13932,13737,74,0,0
B11215,2,M-4,28541,20228,12016,78,0,0
B11215,3,M-3,24809,13166,4977,50,0,0
B11215,4,M-2,28637,22098,8498,68,0,0
B11215,5,M-1,26324,18733,6773,34,0,0
B11216,0,M-6,31099,20661,4716,28,0,0
B11216,1,M-5,33255,16789,11763,35,0,0
B11216,2,M-4,34062,26063,15312,66,0,0
B11216,3,M-3,39057,23305,10960,56,0,0
B11216,4,M-2,37336,18642,10319,58,0,0
B11216,5,M-1,41073,29235,11560,70,0,0
B11217,0,M-6,27348,21570,33605,58,0,0
B11217,1,M-5,24210,12290,23094,45,0,0
B11217,2,M-4,28381,25162,3978,77,1,0
B11217,3,M-3,26625,22513,17081,30,0,0
B11217,4,M-2,26622,13506,23053,72,0,0
B11217,5,M-1,24394,11866,34974,60,0,0
B11218,0,M-6,58840,40809,18412,41,0,0
B11218,1,M-5,53033,34351,19616,30,0,0
B11218,2,M-4,61991,38945,15919,38,0,0
B11218,3,M-3,54732,36110,19234,41,0,0
B11218,4,M-2,53023,40062,8419,39,0,0
B11218,5,M-1,54550,32648,6755,39,0,0
B11219,0,M-6,22287,12542,10631,52,0,0
B11219,1,M-5,22463,10360,9988,31,0,0
B11219,2,M-4,24053,14943,11227,86,0,0
B11219,3,M-3,22502,15737,12435,70,0,0
B11219,4,M-2,21854,12800,8709,69,0,0
B11219,5,M-1,24118,11676,7523,70,0,0
B11220,0,M-6,26085,22027,18592,42,0,0
B11220,1,M-5,26517,22406,11363,81,0,0
B11220,2,M-4,24623,20244,34476,55,0,0
B11220,3,M-3,28245,15663,12060,33,0,0
B11220,4,M-2,26491,17793,30328,66,0,0
B11220,5,M-1,28039,18149,12072,64,0,0
B11221,0,M-6,67087,36644,31459,25,0,0
B11221,1,M-5,59784,27808,16181,77,0,0
B11221,2,M-4,61773,31567,29760,51,0,0
B11221,3,M-3,54086,42208,30909,71,0,0
B11221,4,M-2,54718,43281,6920,32,0,0
B11221,5,M-1,63164,36558,25149,37,0,0
B11222,0,M-6,21977,15384,24753,50,0,0
B11222,1,M-5,20161,18595,5321,69,0,0
B11222,2,M-4,24226,14144,7497,50,0,0
B11222,3,M-3,21250,17302,13465,33,0,0
B11222,4,M-2,21449,11822,13113,49,0,0
B11222,5,M-1,24550,12348,23194,87,0,0
B11223,0,M-6,74026,34136,29366,46,0,0
B11223,1,M-5,75670,42171,23007,25,0,0
B11223,2,M-4,62361,29993,24064,86,0,0
B11223,3,M-3,71418,39062,13223,67,0,0
B11223,4,M-2,68792,44884,28757,67,0,0
B11223,5,M-1,71428,45842,10761,62,0,0
B11224,0,M-6,56399,38144,8072,60,0,0
B11224,1,M-5,50690,33676,8823,54,0,0
B11224,2,M-4,56052,40940,22961,32,0,0
B11224,3,M-3,58159,39375,13828,46,0,0
B11224,4,M-2,50173,27643,22784,77,0,0
B11224,5,M-1,56088,27398,24619,82,0,0
B11225,0,M-6,15858,7418,5419,72,0,0
B11225,1,M-5,16045,12619,2855,46,0,0
B11225,2,M-4,17720,12591,5799,78,0,0
B11225,3,M-3,16945,8604,5448,38,0,0
B11225,4,M-2,16427,13076,4208,60,0,0
B11225,5,M-1,14244,8695,3990,54,0,0
B11226,0,M-6,45209,27798,32569,76,0,0
B11226,1,M-5,49108,44765,36992,57,0,0
B11226,2,M-4,52583,38246,51327,29,0,0
B11226,3,M-3,50794,30057,31922,36,0,0
B11226,4,M-2,52773,44008,64936,56,0,0
B11226,5,M-1,55216,30213,15569,59,0,0
B11227,0,M-6,9740,8396,9379,34,0,0
B11227,1,M-5,9514,5455,9886,67,0,0
B11227,2,M-4,8696,7025,1278,67,0,0
B11227,3,M-3,9957,8410,7433,61,0,0
B11227,4,M-2,8328,4416,9437,86,0,0
B11227,5,M-1,8383,6645,2182,30,0,0
B11228,0,M-6,39642,27562,5527,72,0,0
B11228,1,M-5,35732,19006,9000,57,0,0
B11228,2,M-4,40547,25007,9929,36,0,0
B11228,3,M-3,37283,26902,18659,62,0,0
B11228,4,M-2,38889,18398,7118,64,0,0
B11228,5,M-1,40252,27631,18365,46,0,0
B11229,0,M-6,33138,15485,42824,54,0,0
B11229,1,M-5,32302,24842,4533,56,0,0
B11229,2,M-4,31603,19037,13988,61,0,0
B11229,3,M-3,34181,18968,46498,73,0,0
B11229,4,M-2,36161,20188,13085,31,0,0
B11229,5,M-1,34166,27159,36310,43,0,0
B11230,0,M-6,40771,28447,4831,35,0,0
B11230,1,M-5,41434,23285,5622,81,0,0
B11230,2,M-4,44786,33271,16766,69,0,0
B11230,3,M-3,42020,31393,11987,57,0,0
B11230,4,M-2,43832,30482,14917,49,0,0
B11230,5,M-1,41301,24977,5717,89,0,0
B11231,0,M-6,34426,26430,18247,71,0,0
B11231,1,M-5,37884,20352,13286,51,0,0
B11231,2,M-4,38912,29610,15642,54,0,0
B11231,3,M-3,32508,15800,14404,48,0,0
B11231,4,M-2,35939,26186,19126,39,0,0
B11231,5,M-1,35417,22654,7547,48,0,0
B11232,0,M-6,32647,25285,9662,29,0,0
B11232,1,M-5,31810,20842,3678,35,0,0
B11232,2,M-4,34558,21797,17271,79,0,0
B11232,3,M-3,33463,20832,8197,62,0,0
B11232,4,M-2,36495,19837,17725,40,0,0
B11232,5,M-1,39170,18451,14991,48,0,0
B11233,0,M-6,72610,44996,34205,39,0,0
B11233,1,M-5,65143,45181,28547,70,0,0
B11233,2,M-4,67735,34165,23729,85,0,0
B11233,3,M-3,74325,48853,35172,44,0,0
B11233,4,M-2,64722,39908,23089,87,0,0
B11233,5,M-1,75042,48322,18724,40,0,0
B11234,0,M-6,34432,22308,15678,83,0,0
B11234,1,M-5,37674,19717,6372,74,0,0
B11234,2,M-4,33493,15576,4208,28,0,0
B11234,3,M-3,32594,24015,12405,35,0,0
B11234,4,M-2,34121,24997,8859,75,0,0
B11234,5,M-1,31926,16125,14354,82,0,0
B11235,0,M-6,60648,33788,13826,37,0,0
B11235,1,M-5,66178,42027,23978,70,0,0
B11235,2,M-4,58587,36402,13615,65,0,0
B11235,3,M-3,62070,38720,20203,71,0,0
B11235,4,M-2,71524,39619,16103,31,0,0
B11235,5,M-1,68226,52275,13820,44,0,0
B11236,0,M-6,27774,15321,13773,26,0,0
B11236,1,M-5,29365,15399,4733,40,0,0
B11236,2,M-4,28593,14282,8014,57,0,0
B11236,3,M-3,25826,13594,4867,76,0,0
B11236,4,M-2,25938,16754,10847,69,0,0
B11236,5,M-1,26659,14713,14501,66,0,0
B11237,0,M-6,62007,46285,22393,34,0,0
B11237,1,M-5,63520,47243,17149,69,0,0
B11237,2,M-4,61325,27739,10394,61,0,0
B11237,3,M-3,64759,44457,11808,82,0,0
B11237,4,M-2,62510,37943,9180,82,0,0
B11237,5,M-1,61705,35663,5786,67,0,0
B11238,0,M-6,38196,20769,55711,81,0,0
B11238,1,M-5,43536,35497,13260,35,0,0
B11238,2,M-4,40222,29651,37882,62,0,0
B11238,3,M-3,40700,21737,25594,25,0,0
B11238,4,M-2,41708,31457,30830,51,0,0
B11238,5,M-1,38732,36651,55541,82,0,0
B11239,0,M-6,39993,18585,41432,57,0,0
B11239,1,M-5,41515,36915,4361,59,0,0
B11239,2,M-4,38902,33714,38725,84,0,0
B11239,3,M-3,42939,33504,20478,56,0,0
B11239,4,M-2,44934,24410,58159,62,0,0
B11239,5,M-1,38241,21045,47136,37,0,0
B11240,0,M-6,70995,56091,28494,55,0,0
B11240,1,M-5,79515,52164,22709,88,0,0
B11240,2,M-4,77097,54921,28473,70,0,0
B11240,3,M-3,77233,49902,32460,26,0,0
B11240,4,M-2,76126,53614,26800,55,0,0
B11240,5,M-1,73074,57596,20917,48,0,0
B11241,0,M-6,36861,17749,51684,76,0,0
B11241,1,M-5,38798,35661,17673,48,0,0
B11241,2,M-4,40066,28083,34971,30,0,0
B11241,3,M-3,38246,26394,40276,49,0,0
B11241,4,M-2,35029,28736,10709,70,0,0
B11241,5,M-1,41529,39381,12892,65,0,0
B11242,0,M-6,39581,26784,21150,36,0,0
B11242,1,M-5,42247,21441,21594,58,0,0
B11242,2,M-4,49754,24517,7481,64,0,0
B11242,3,M-3,42419,26208,6770,63,0,0
B11242,4,M-2,48065,30213,9365,57,0,0
B11242,5,M-1,48322,36498,20273,47,0,0
B11243,0,M-6,36058,24880,5755,47,0,0
B11243,1,M-5,37950,20711,10327,85,0,0
B11243,2,M-4,36688,25498,14478,55,0,0
B11243,3,M-3,41273,24661,13322,58,0,0
B11243,4,M-2,40628,25556,14280,39,0,0
B11243,5,M-1,37379,21226,12108,85,0,0
B11244,0,M-6,74394,34820,36343,52,0,0
B11244,1,M-5,87138,66057,35472,69,0,0
B11244,2,M-4,81732,56784,21651,85,0,0
B11244,3,M-3,97443,64283,33639,83,0,0
B11244,4,M-2,99671,65690,23700,48,0,0
B11244,5,M-1,87538,52599,44812,39,0,0
B11245,0,M-6,23537,15384,36276,61,0,0
B11245,1,M-5,26104,22671,15997,49,0,0
B11245,2,M-4,29359,18442,22904,74,0,0
B11245,3,M-3,28235,20878,27834,39,0,0
B11245,4,M-2,30855,27581,33473,31,0,0
B11245,5,M-1,34929,23531,38822,51,0,0
B11246,0,M-6,49279,29594,8948,35,0,0
B11246,1,M-5,51758,39154,7334,52,0,0
B11246,2,M-4,47926,30348,16372,69,0,0
B11246,3,M-3,51969,29604,22522,30,0,0
B11246,4,M-2,54709,42193,18548,50,0,0
B11246,5,M-1,56647,31143,8728,26,0,0
B11247,0,M-6,20914,12577,28604,41,0,0
B11247,1,M-5,20673,10955,16882,29,0,0
B11247,2,M-4,20760,17314,5512,78,0,0
B11247,3,M-3,25226,22060,6057,25,0,0
B11247,4,M-2,25520,16808,5012,39,0,0
B11247,5,M-1,23000,14354,26986,52,0,0
B11248,0,M-6,54482,27393,22378,87,0,0
B11248,1,M-5,49302,30599,15326,74,0,0
B11248,2,M-4,53705,30052,13447,54,0,0
B11248,3,M-3,55306,31304,28992,49,0,0
B11248,4,M-2,60076,40745,13747,25,0,0
B11248,5,M-1,57989,36011,21142,56,0,0
B11249,0,M-6,34322,29256,8087,27,0,0
B11249,1,M-5,31033,23285,37485,44,0,0
B11249,2,M-4,32451,15583,20449,29,0,0
B11249,3,M-3,34819,31508,23408,53,0,0
B11249,4,M-2,34316,18414,7770,43,0,0
B11249,5,M-1,33703,29445,13986,70,0,0
B11250,0,M-6,64130,33311,16838,47,0,0
B11250,1,M-5,70368,37390,24451,89,0,0
B11250,2,M-4,68216,54049,27545,42,0,0
B11250,3,M-3,64165,33237,14715,82,0,0
B11250,4,M-2,65881,38520,28300,86,0,0
B11250,5,M-1,74576,35339,33488,45,0,0
B11251,0,M-6,21570,17378,24328,79,0,0
B11251,1,M-5,22742,18676,2941,72,0,0
B11251,2,M-4,22730,17589,23541,82,0,0
B11251,3,M-3,22955,15587,22705,64,0,0
B11251,4,M-2,23676,22152,10943,52,0,0
B11251,5,M-1,24891,23539,27654,61,0,0
B11252,0,M-6,21511,12390,27687,32,0,0
B11252,1,M-5,20315,12883,20464,76,0,0
B11252,2,M-4,20401,12731,25586,34,0,0
B11252,3,M-3,17893,13461,3856,72,0,0
B11252,4,M-2,17385,15276,22891,69,0,0
B11252,5,M-1,19574,17821,23715,78,0,0
B11253,0,M-6,44694,20192,24208,32,0,0
B11253,1,M-5,44043,23176,23631,82,0,0
B11253,2,M-4,45783,23706,13990,28,0,0
B11253,3,M-3,45015,27653,23245,77,0,0
B11253,4,M-2,49271,31315,16385,41,0,0
B11253,5,M-1,45042,28059,23073,86,0,0
B11254,0,M-6,77069,54877,27212,49,0,0
B11254,1,M-5,74815,42426,8704,54,0,0
B11254,2,M-4,78508,59312,26267,62,0,0
B11254,3,M-3,69352,45386,28558,48,0,0
B11254,4,M-2,76488,54893,10471,29,0,0
B11254,5,M-1,69143,43226,35578,62,0,0
B11255,0,M-6,53977,39541,21225,38,0,0
B11255,1,M-5,58879,32580,24032,36,0,0
B11255,2,M-4,62127,36667,19768,40,0,0
B11255,3,M-3,65173,45869,20213,79,0,0
B11255,4,M-2,72419,41571,20662,57,0,0
B11255,5,M-1,63485,45500,17478,29,0,0
B11256,0,M-6,37312,18749,21784,41,0,0
B11256,1,M-5,33319,19506,22250,37,0,0
B11256,2,M-4,37660,29329,6356,86,0,0
B11256,3,M-3,35352,27953,37774,42,0,0
B11256,4,M-2,36508,21582,5869,59,0,0
B11256,5,M-1,32281,19551,26053,38,0,0
B11257,0,M-6,74829,43172,10693,53,0,0
B11257,1,M-5,68079,34705,24675,50,0,0
B11257,2,M-4,81985,46666,9917,31,0,0
B11257,3,M-3,75396,36252,27216,70,0,0
B11257,4,M-2,71619,41961,19582,37,0,0
B11257,5,M-1,76689,37908,31766,34,0,0
B11258,0,M-6,62046,34493,21568,63,0,0
B11258,1,M-5,69537,41968,15168,48,0,0
B11258,2,M-4,67892,37498,32305,81,0,0
B11258,3,M-3,65366,29980,13439,87,0,0
B11258,4,M-2,74786,52802,23000,77,0,0
B11258,5,M-1,76461,56323,10361,78,0,0
B11259,0,M-6,59460,32794,25716,46,0,0
B11259,1,M-5,54244,30550,8973,52,0,0
B11259,2,M-4,54140,38377,16046,76,0,0
B11259,3,M-3,54212,38090,8351,64,0,0
B11259,4,M-2,58593,39120,27207,53,0,0
B11259,5,M-1,55781,38619,28135,52,0,0
B11260,0,M-6,60544,42785,21249,35,0,0
B11260,1,M-5,67550,42191,8208,39,0,0
B11260,2,M-4,59617,30706,6754,59,0,0
B11260,3,M-3,62998,46658,9346,41,0,0
B11260,4,M-2,64196,49144,28394,50,0,0
B11260,5,M-1,61366,46361,28190,53,0,0
B11261,0,M-6,40992,23078,10887,50,0,0
B11261,1,M-5,38562,26075,45512,44,0,0
B11261,2,M-4,43333,24468,12131,34,0,0
B11261,3,M-3,44088,27187,52216,32,0,0
B11261,4,M-2,47641,25506,17192,53,0,0
B11261,5,M-1,45211,30352,12701,50,0,0
B11262,0,M-6,29036,13700,19284,51,0,0
B11262,1,M-5,26637,23891,28393,70,0,0
B11262,2,M-4,27280,22319,33467,74,0,0
B11262,3,M-3,29594,17955,39697,47,0,0
B11262,4,M-2,32505,16364,6266,51,0,0
B11262,5,M-1,33473,24626,8204,27,0,0
B11263,0,M-6,34608,31503,24002,77,0,0
B11263,1,M-5,32291,29754,13761,82,0,0
B11263,2,M-4,36941,17602,21248,41,0,0
B11263,3,M-3,34999,29375,24560,81,0,0
B11263,4,M-2,37293,23373,20963,25,0,0
B11263,5,M-1,38376,17706,14258,55,0,0
B11264,0,M-6,74039,35007,17428,43,0,0
B11264,1,M-5,71217,50087,26170,36,0,0
B11264,2,M-4,70681,42417,14520,54,0,0
B11264,3,M-3,79690,47225,25831,61,0,0
B11264,4,M-2,85846,53532,28876,26,0,0
B11264,5,M-1,80525,59378,19141,37,0,0
B11265,0,M-6,14726,8006,6967,88,0,0
B11265,1,M-5,15942,11730,11877,68,1,0
B11265,2,M-4,17437,10855,15931,35,0,0
B11265,3,M-3,20290,13323,20980,45,0,0
B11265,4,M-2,19369,10264,4585,28,0,0
B11265,5,M-1,20340,16536,25292,52,0,0
B11266,0,M-6,48396,39896,60243,28,0,0
B11266,1,M-5,48338,25668,37830,47,0,0
B11266,2,M-4,51443,38915,7866,66,0,0
B11266,3,M-3,46868,38075,57406,85,0,0
B11266,4,M-2,52711,34198,56089,81,0,0
B11266,5,M-1,50036,28455,13934,59,0,0
B11267,0,M-6,22845,13278,11609,54,0,0
B11267,1,M-5,24092,18239,3598,45,0,0
B11267,2,M-4,23216,11459,9183,48,0,0
B11267,3,M-3,21562,10936,10792,48,0,0
B11267,4,M-2,22073,14260,5747,39,0,0
B11267,5,M-1,24173,13279,8644,31,0,0
B11268,0,M-6,44287,24055,9089,42,0,0
B11268,1,M-5,42355,28963,35010,31,0,0
B11268,2,M-4,51197,23070,15325,32,0,0
B11268,3,M-3,46583,22391,37318,32,0,0
B11268,4,M-2,54075,42933,27921,27,0,0
B11268,5,M-1,50333,45580,51707,53,0,0
B11269,0,M-6,18201,10961,2478,86,0,0
B11269,1,M-5,17739,8675,23551,81,0,1
B11269,2,M-4,19942,15728,3246,70,0,0
B11269,3,M-3,18136,16291,7479,77,0,0
B11269,4,M-2,19321,14071,10783,34,0,0
B11269,5,M-1,16800,14393,15574,69,0,0
B11270,0,M-6,37226,22401,43625,40,0,0
B11270,1,M-5,38655,20410,52595,52,0,0
B11270,2,M-4,36024,16244,11903,43,0,0
B11270,3,M-3,42645,39472,13205,82,0,0
B11270,4,M-2,42611,26540,11551,71,0,0
B11270,5,M-1,43388,26062,33843,52,0,0
B11271,0,M-6,27771,18881,10219,81,0,0
B11271,1,M-5,27811,18104,7562,57,0,0
B11271,2,M-4,27207,16214,8557,59,0,0
B11271,3,M-3,28416,18415,4265,69,0,0
B11271,4,M-2,28303,22183,7333,67,0,0
B11271,5,M-1,29160,17501,12586,26,0,0
B11272,0,M-6,63038,40504,33586,61,0,0
B11272,1,M-5,63283,46359,21135,32,0,0
B11272,2,M-4,72320,50788,7593,79,0,0
B11272,3,M-3,75591,43478,25052,43,0,0
B11272,4,M-2,70917,41595,32570,84,0,0
B11272,5,M-1,74153,52612,14436,39,0,0
B11273,0,M-6,43041,26531,24403,76,0,0
B11273,1,M-5,43225,39708,60046,76,0,0
B11273,2,M-4,46910,30199,11252,37,0,0
B11273,3,M-3,48960,43485,33168,48,0,0
B11273,4,M-2,42341,35931,35597,28,0,0
B11273,5,M-1,46975,37220,31376,30,0,0
B11274,0,M-6,46995,30482,49659,75,0,1
B11274,1,M-5,44662,37521,60475,65,0,0
B11274,2,M-4,45468,28679,33812,55,0,0
B11274,3,M-3,52839,25666,66589,33,0,0
B11274,4,M-2,50746,35192,8081,29,0,0
B11274,5,M-1,50191,25751,43958,50,0,0
B11275,0,M-6,30680,19152,16088,30,0,0
B11275,1,M-5,29348,22740,5592,84,0,0
B11275,2,M-4,31262,16483,12113,39,0,0
B11275,3,M-3,30308,23989,8025,51,0,0
B11275,4,M-2,31144,16630,10936,43,0,0
B11275,5,M-1,35224,16320,15121,45,0,0
B11276,0,M-6,35686,26937,15061,29,0,0
B11276,1,M-5,41153,18682,5941,74,0,0
B11276,2,M-4,39338,36186,40426,49,0,0
B11276,3,M-3,37102,17184,13006,35,0,0
B11276,4,M-2,41307,38890,26696,54,0,0
B11276,5,M-1,45786,29591,38706,51,0,0
B11277,0,M-6,78239,36537,25451,29,0,0
B11277,1,M-5,77023,51215,33891,26,0,0
B11277,2,M-4,81010,52046,8645,48,0,0
B11277,3,M-3,81132,50261,34196,48,0,0
B11277,4,M-2,86616,54769,37116,68,0,0
B11277,5,M-1,84181,56744,28731,53,0,0
B11278,0,M-6,60673,47248,29954,86,0,0
B11278,1,M-5,57207,37625,14902,80,0,0
B11278,2,M-4,61779,32408,7914,51,0,0
B11278,3,M-3,65392,40703,28069,73,0,0
B11278,4,M-2,63603,33801,14089,79,0,0
B11278,5,M-1,59511,41694,23730,33,0,0
B11279,0,M-6,19806,12267,7011,89,0,0
B11279,1,M-5,20565,13320,27542,79,0,0
B11279,2,M-4,20359,17175,8727,60,0,0
B11279,3,M-3,20512,13441,10113,34,0,0
B11279,4,M-2,21762,12397,22298,78,0,0
B11279,5,M-1,18775,17757,12769,80,0,0
B11280,0,M-6,44804,24258,12724,31,0,0
B11280,1,M-5,42594,30791,12980,75,0,0
B11280,2,M-4,38269,29257,7792,69,0,0
B11280,3,M-3,43330,33566,16692,59,0,0
B11280,4,M-2,36436,27551,5239,25,0,0
B11280,5,M-1,37432,17118,20183,35,0,0
B11281,0,M-6,75806,34580,20671,67,0,0
B11281,1,M-5,78497,36868,15278,74,0,0
B11281,2,M-4,89222,63859,31673,63,0,0
B11281,3,M-3,76335,49793,8863,25,0,0
B11281,4,M-2,86781,56768,38096,53,0,0
B11281,5,M-1,84389,60299,43215,54,0,0
B11282,0,M-6,47386,26068,23324,72,0,0
B11282,1,M-5,49346,28259,8936,67,0,0
B11282,2,M-4,56622,42149,22626,53,0,0
B11282,3,M-3,56983,43406,28158,50,0,0
B11282,4,M-2,54327,35095,16963,34,0,0
B11282,5,M-1,62966,36989,25702,77,0,0
B11283,0,M-6,89605,69647,35867,89,0,0
B11283,1,M-5,89179,69402,28582,41,0,0
B11283,2,M-4,85083,61530,18326,62,0,0
B11283,3,M-3,82860,50371,31658,40,0,0
B11283,4,M-2,83969,53231,38290,60,0,0
B11283,5,M-1,76075,56585,39104,55,0,0
B11284,0,M-6,36167,24910,27327,27,0,0
B11284,1,M-5,32678,21082,11896,41,0,0
B11284,2,M-4,38253,26331,5899,53,0,0
B11284,3,M-3,34540,20317,23305,34,0,0
B11284,4,M-2,37185,34950,37885,44,0,0
B11284,5,M-1,33977,26484,10869,62,0,0
B11285,0,M-6,39774,18526,17232,88,0,0
B11285,1,M-5,36295,20088,17158,79,0,0
B11285,2,M-4,38148,25096,13255,31,0,0
B11285,3,M-3,40623,24880,14989,70,0,0
B11285,4,M-2,39067,26900,10976,35,0,0
B11285,5,M-1,39106,25569,17219,70,0,0
B11286,0,M-6,73395,48765,26724,35,0,0
B11286,1,M-5,66429,35284,27357,65,0,0
B11286,2,M-4,67878,50247,14458,85,0,0
B11286,3,M-3,66678,47209,15795,84,0,0
B11286,4,M-2,66839,36498,19315,34,0,0
B11286,5,M-1,70880,41523,11291,58,0,0
B11287,0,M-6,82800,47617,35869,38,0,0
B11287,1,M-5,94217,60224,31608,79,0,0
B11287,2,M-4,82667,60524,11123,45,0,0
B11287,3,M-3,82331,62757,23497,28,0,0
B11287,4,M-2,84140,50566,40574,86,0,0
B11287,5,M-1,85773,39345,32962,55,0,0
B11288,0,M-6,73050,38699,15390,30,0,0
B11288,1,M-5,66951,39169,29991,31,0,0
B11288,2,M-4,66748,50501,16832,73,0,0
B11288,3,M-3,62392,45257,27308,25,0,0
B11288,4,M-2,69329,34157,8435,28,0,0
B11288,5,M-1,70068,47779,21297,45,0,0
B11289,0,M-6,22456,10927,18594,37,0,0
B11289,1,M-5,21344,9820,22953,74,0,0
B11289,2,M-4,22778,10365,8802,88,0,0
B11289,3,M-3,24078,20855,20858,28,0,0
B11289,4,M-2,23551,11350,3436,34,0,0
B11289,5,M-1,23527,17265,6365,85,0,0
B11290,0,M-6,44918,22243,22389,47,0,0
B11290,1,M-5,47768,33675,7464,25,0,0
B11290,2,M-4,46196,30820,13191,44,0,0
B11290,3,M-3,48689,32297,20279,46,0,0
B11290,4,M-2,43548,28100,13257,66,0,0
B11290,5,M-1,50704,38666,21542,82,0,0
B11291,0,M-6,26802,17835,23490,84,0,0
B11291,1,M-5,28319,21484,7077,62,0,0
B11291,2,M-4,28714,18954,13183,58,0,0
B11291,3,M-3,31513,26478,6910,76,0,0
B11291,4,M-2,30039,20911,37265,30,0,0
B11291,5,M-1,31321,20294,29386,61,0,0
B11292,0,M-6,17487,8194,2837,53,0,0
B11292,1,M-5,17041,10640,20601,27,0,0
B11292,2,M-4,17717,15948,4269,53,0,0
B11292,3,M-3,17857,15026,14494,44,1,0
B11292,4,M-2,16795,15433,23486,72,0,0
B11292,5,M-1,19626,15864,7439,62,0,0
B11293,0,M-6,19506,9366,19208,75,0,0
B11293,1,M-5,21068,12262,21557,77,0,0
B11293,2,M-4,19452,15911,18323,34,0,0
B11293,3,M-3,20482,16161,13452,80,0,0
B11293,4,M-2,21212,12711,20707,52,0,0
B11293,5,M-1,20697,11321,12519,66,0,0
B11294,0,M-6,60423,33528,23693,42,0,0
B11294,1,M-5,63801,42321,29969,44,0,0
B11294,2,M-4,61384,36320,29273,66,0,0
B11294,3,M-3,65673,50066,13896,46,0,0
B11294,4,M-2,63560,42241,31689,44,0,0
B11294,5,M-1,61791,37428,8708,34,0,0
B11295,0,M-6,18499,12080,12326,57,0,0
B11295,1,M-5,18571,17197,7088,60,0,0
B11295,2,M-4,22888,17388,28460,52,0,0
B11295,3,M-3,22274,20385,12310,88,0,0
B11295,4,M-2,20602,15367,8275,71,0,0
B11295,5,M-1,22394,16815,15838,44,0,0
B11296,0,M-6,36573,30394,19516,53,0,0
B11296,1,M-5,35495,31420,28182,83,0,0
B11296,2,M-4,37480,32244,12364,47,0,0
B11296,3,M-3,36969,32580,38521,28,0,0
B11296,4,M-2,32641,22794,33575,41,0,0
B11296,5,M-1,33902,18400,11616,84,0,0
B11297,0,M-6,48925,23190,16670,75,0,0
B11297,1,M-5,51763,28048,22736,64,0,0
B11297,2,M-4,51045,38234,6895,46,0,0
B11297,3,M-3,54997,29298,16210,33,0,0
B11297,4,M-2,52905,27317,22318,53,0,0
B11297,5,M-1,55535,36032,18825,51,0,0
B11298,0,M-6,40840,30506,21573,54,0,0
B11298,1,M-5,40115,31459,18939,31,0,0
B11298,2,M-4,44104,30938,14413,35,0,0
B11298,3,M-3,44874,23525,17767,80,0,0
B11298,4,M-2,43811,25751,5817,87,0,0
B11298,5,M-1,37775,21304,15388,72,0,0
B11299,0,M-6,42101,27324,37217,72,0,0
B11299,1,M-5,41784,20774,71857,25,0,0
B11299,2,M-4,45657,27939,16134,62,1,0
B11299,3,M-3,52050,23821,10560,65,0,0
B11299,4,M-2,56844,34209,35353,86,0,0
B11299,5,M-1,58401,48213,35487,30,0,0
B11300,0,M-6,21031,19017,20554,83,0,0
B11300,1,M-5,19098,17758,11115,66,0,0
B11300,2,M-4,22098,12051,10641,75,0,0
B11300,3,M-3,20179,16918,25171,84,0,0
B11300,4,M-2,22715,19011,12891,36,0,0
B11300,5,M-1,19169,14810,27508,28,0,0
B11301,0,M-6,37889,35501,10912,25,0,0
B11301,1,M-5,36607,32811,39434,35,0,0
B11301,2,M-4,37718,18201,16770,41,0,0
B11301,3,M-3,35974,29506,13326,45,0,0
B11301,4,M-2,36113,26599,29028,57,0,0
B11301,5,M-1,36702,20237,39871,71,0,0
B11302,0,M-6,75174,46358,17252,33,0,0
B11302,1,M-5,77394,40011,30010,39,0,0
B11302,2,M-4,76618,60089,28833,47,0,0
B11302,3,M-3,73989,44715,33576,43,0,0
B11302,4,M-2,76709,60554,25064,73,0,0
B11302,5,M-1,87847,41004,23159,82,0,0
B11303,0,M-6,70505,43452,27789,72,0,0
B11303,1,M-5,80614,62080,22990,55,0,0
B11303,2,M-4,77777,36570,26447,75,0,0
B11303,3,M-3,87626,69387,32011,25,0,0
B11303,4,M-2,79374,61554,11321,88,0,0
B11303,5,M-1,91917,57009,13301,51,0,0
B11304,0,M-6,22782,13748,17282,36,0,0
B11304,1,M-5,23251,21864,27884,29,0,0
B11304,2,M-4,26040,13050,15155,71,0,0
B11304,3,M-3,26180,14406,8815,62,0,0
B11304,4,M-2,24070,14261,16247,80,0,0
B11304,5,M-1,26279,12654,28374,29,0,0
B11305,0,M-6,64176,42218,32641,46,0,0
B11305,1,M-5,63307,39337,16027,34,0,0
B11305,2,M-4,64504,38157,9343,88,0,0
B11305,3,M-3,61010,35821,22424,53,0,0
B11305,4,M-2,64174,36315,13994,61,0,0
B11305,5,M-1,63165,31355,15650,68,0,0
B11306,0,M-6,53905,40019,20069,55,0,0
B11306,1,M-5,61159,44039,10936,32,0,0
B11306,2,M-4,56156,26389,22301,74,0,0
B11306,3,M-3,52714,30376,17249,89,0,0
B11306,4,M-2,54178,27570,11773,85,0,0
B11306,5,M-1,49095,35392,10227,47,0,0
B11307,0,M-6,51813,36740,65932,83,0,0
B11307,1,M-5,53041,32996,38727,83,0,0
B11307,2,M-4,46587,38235,57138,74,0,0
B11307,3,M-3,48023,37991,17219,50,0,0
B11307,4,M-2,44956,22487,16648,80,0,0
B11307,5,M-1,50901,34000,32030,79,0,0
B11308,0,M-6,15489,9060,21785,39,0,0
B11308,1,M-5,17230,15119,12280,50,0,0
B11308,2,M-4,16647,7805,6770,56,0,0
B11308,3,M-3,15987,10880,13136,43,0,0
B11308,4,M-2,17506,14478,17808,76,0,0
B11308,5,M-1,16739,10029,13088,74,0,0
B11309,0,M-6,30736,23400,14313,53,0,0
B11309,1,M-5,30268,19223,6865,56,0,0
B11309,2,M-4,30895,17323,5062,51,0,0
B11309,3,M-3,34310,24691,15526,71,0,0
B11309,4,M-2,30370,18910,12973,70,0,0
B11309,5,M-1,33803,22672,6076,66,0,0
B11310,0,M-6,20480,9557,11210,75,0,0
B11310,1,M-5,23772,12696,20204,27,0,0
B11310,2,M-4,24033,22030,15277,30,0,0
B11310,3,M-3,23224,10725,22842,77,0,0
B11310,4,M-2,24898,13475,19633,43,0,0
B11310,5,M-1,22627,16253,20012,26,0,0
B11311,0,M-6,63709,30760,25421,47,0,0
B11311,1,M-5,63762,35733,20516,74,0,0
B11311,2,M-4,66575,34584,14356,76,0,0
B11311,3,M-3,66541,45139,18399,79,0,0
B11311,4,M-2,60808,44732,13473,84,0,0
B11311,5,M-1,66117,31208,8596,57,0,0
B11312,0,M-6,58368,37254,21068,41,0,0
B11312,1,M-5,60340,29481,13607,64,0,0
B11312,2,M-4,56329,28993,27015,42,0,0
B11312,3,M-3,50335,30265,23165,54,0,0
B11312,4,M-2,57148,42407,15769,82,0,0
B11312,5,M-1,52636,41703,11674,56,0,0
B11313,0,M-6,74007,43781,34631,29,1,0
B11313,1,M-5,81378,63852,26453,30,0,0
B11313,2,M-4,84036,39805,28905,68,0,0
B11313,3,M-3,88064,55025,33278,50,0,0
B11313,4,M-2,76651,36488,14764,31,0,0
B11313,5,M-1,86419,45311,28174,88,0,0
B11314,0,M-6,28432,20777,7206,25,0,0
B11314,1,M-5,25300,19863,13622,75,0,0
B11314,2,M-4,25774,19047,4719,26,0,0
B11314,3,M-3,26899,16514,11846,57,0,0
B11314,4,M-2,25761,16112,8528,61,0,0
B11314,5,M-1,27418,18981,3312,28,0,0
B11315,0,M-6,24965,18619,12250,35,0,0
B11315,1,M-5,24452,22691,17205,68,0,0
B11315,2,M-4,24305,21566,26449,39,0,0
B11315,3,M-3,22481,19836,19592,31,0,0
B11315,4,M-2,25211,15139,27948,32,0,0
B11315,5,M-1,22388,19329,10987,48,0,0
B11316,0,M-6,29195,22557,29431,75,0,0
B11316,1,M-5,33177,30998,30086,32,0,0
B11316,2,M-4,30238,18498,20085,44,0,0
B11316,3,M-3,36376,29175,23873,46,0,0
B11316,4,M-2,39169,31152,41653,64,0,0
B11316,5,M-1,33861,31809,33322,46,0,1
B11317,0,M-6,56417,31398,13625,50,0,0
B11317,1,M-5,53350,34355,11643,69,0,0
B11317,2,M-4,50841,32008,12568,42,0,0
B11317,3,M-3,48860,30793,13785,52,0,0
B11317,4,M-2,46118,23250,23402,75,0,0
B11317,5,M-1,46102,33423,21310,72,0,0
B11318,0,M-6,31505,25660,18281,53,0,0
B11318,1,M-5,30933,28916,43822,59,0,0
B11318,2,M-4,34274,18237,14585,44,0,0
B11318,3,M-3,31063,22525,3934,34,0,0
B11318,4,M-2,29871,14033,30711,26,0,0
B11318,5,M-1,32735,29842,38223,53,0,0
B11319,0,M-6,9942,5065,7112,86,0,0
B11319,1,M-5,11225,8497,6408,33,0,0
B11319,2,M-4,10618,7073,12018,39,0,0
B11319,3,M-3,10851,6248,12727,62,0,0
B11319,4,M-2,11074,7618,11119,29,0,0
B11319,5,M-1,12488,9659,11362,87,0,0
B11320,0,M-6,41002,31728,7910,78,0,0
B11320,1,M-5,42561,31813,17216,47,0,0
B11320,2,M-4,42965,26123,18598,81,0,0
B11320,3,M-3,41059,25137,5208,39,0,0
B11320,4,M-2,40988,31302,7363,33,0,0
B11320,5,M-1,39061,24411,20780,37,0,0
B11321,0,M-6,34746,15736,14450,67,0,0
B11321,1,M-5,40958,19815,6933,73,0,0
B11321,2,M-4,39095,28362,15356,55,0,0
B11321,3,M-3,35067,23231,10926,50,0,0
B11321,4,M-2,37858,19705,14639,43,0,0
B11321,5,M-1,41661,18861,9672,44,0,0
B11322,0,M-6,37840,23925,4360,32,0,0
B11322,1,M-5,38847,18285,16585,39,0,0
B11322,2,M-4,35748,19431,16391,67,0,0
B11322,3,M-3,35896,21165,18630,33,0,0
B11322,4,M-2,36813,17919,8756,47,0,0
B11322,5,M-1,36041,16846,7910,83,0,0
B11323,0,M-6,14320,9853,11383,36,0,0
B11323,1,M-5,13409,6668,1783,64,0,0
B11323,2,M-4,15950,9637,12788,37,0,0
B11323,3,M-3,15484,12570,16561,57,0,0
B11323,4,M-2,13054,7708,11918,57,0,0
B11323,5,M-1,13288,6854,12634,45,0,0
B11324,0,M-6,79009,52402,22860,74,0,0
B11324,1,M-5,86168,65059,32166,76,0,0
B11324,2,M-4,76167,59597,21990,29,0,0
B11324,3,M-3,91714,63359,16499,87,0,0
B11324,4,M-2,81204,42845,24599,84,0,0
B11324,5,M-1,77578,53660,33542,42,0,0
B11325,0,M-6,44189,33647,19296,47,0,0
B11325,1,M-5,43711,30075,8117,27,0,0
B11325,2,M-4,48618,29236,17118,50,0,0
B11325,3,M-3,44260,29724,19390,28,0,0
B11325,4,M-2,52781,40826,19497,38,0,0
B11325,5,M-1,46815,35972,14919,57,0,0
B11326,0,M-6,76502,37286,10718,39,0,0
B11326,1,M-5,76394,34768,12317,50,0,0
B11326,2,M-4,72630,37791,27779,27,0,0
B11326,3,M-3,74070,44934,36085,38,0,0
B11326,4,M-2,78122,51072,35347,29,0,0
B11326,5,M-1,72769,53398,24131,28,0,0
B11327,0,M-6,103069,54354,28648,84,0,0
B11327,1,M-5,87612,66717,22347,75,0,0
B11327,2,M-4,87014,63519,27605,40,0,0
B11327,3,M-3,86563,47613,19143,88,0,0
B11327,4,M-2,92644,45395,19778,33,0,0
B11327,5,M-1,91277,48564,28313,38,0,0
B11328,0,M-6,22378,16677,12240,74,0,0
B11328,1,M-5,18451,9109,5271,81,0,0
B11328,2,M-4,19109,15338,15788,67,0,0
B11328,3,M-3,20784,11521,17741,54,0,0
B11328,4,M-2,21003,17478,16546,80,0,0
B11328,5,M-1,17919,12184,21215,41,0,0
B11329,0,M-6,47022,32333,18442,30,0,0
B11329,1,M-5,55628,43006,15407,33,0,0
B11329,2,M-4,53164,37264,21684,35,0,0
B11329,3,M-3,58087,44845,21482,83,0,0
B11329,4,M-2,56808,41499,18442,43,0,0
B11329,5,M-1,54660,43376,14121,51,0,0
B11330,0,M-6,32609,27332,10888,27,0,0
B11330,1,M-5,31760,16942,6610,61,0,0
B11330,2,M-4,34087,16932,35949,29,0,0
B11330,3,M-3,30980,14948,33820,65,0,0
B11330,4,M-2,36319,28623,18803,30,0,0
B11330,5,M-1,36077,31502,29075,36,0,0
B11331,0,M-6,19886,17079,31079,76,0,0
B11331,1,M-5,22535,11647,10540,39,0,0
B11331,2,M-4,21915,11221,15444,82,0,0
B11331,3,M-3,23716,10726,30994,33,0,0
B11331,4,M-2,23946,21393,16899,79,0,0
B11331,5,M-1,26183,17404,11526,30,0,0
B11332,0,M-6,78689,36764,38246,52,0,0
B11332,1,M-5,87763,64249,32815,64,0,0
B11332,2,M-4,95907,46995,17971,39,0,0
B11332,3,M-3,90137,57563,9627,64,0,0
B11332,4,M-2,90444,71528,32100,89,0,0
B11332,5,M-1,82962,64751,40537,43,0,0
B11333,0,M-6,64640,47058,20229,45,0,0
B11333,1,M-5,62688,33682,20408,28,0,0
B11333,2,M-4,57184,43114,8508,48,0,0
B11333,3,M-3,56467,44831,11378,30,0,0
B11333,4,M-2,69179,31206,30152,57,0,0
B11333,5,M-1,67593,36765,15527,26,0,0
B11334,0,M-6,52494,29397,19448,41,0,0
B11334,1,M-5,52506,31072,21122,88,0,0
B11334,2,M-4,55816,42692,9518,34,0,0
B11334,3,M-3,58307,35458,17160,82,0,0
B11334,4,M-2,51232,38208,24521,26,0,0
B11334,5,M-1,61456,46623,24630,88,0,0
B11335,0,M-6,15578,7625,19065,57,0,0
B11335,1,M-5,15648,10022,7996,78,0,0
B11335,2,M-4,15434,12016,13600,83,0,0
B11335,3,M-3,14924,8869,7186,35,0,0
B11335,4,M-2,17536,13721,23870,69,0,0
B11335,5,M-1,17213,13149,13549,56,0,0
B11336,0,M-6,45620,26177,50060,47,0,0
B11336,1,M-5,45670,34799,32149,56,0,0
B11336,2,M-4,46038,35574,7268,33,0,0
B11336,3,M-3,44167,24383,13410,72,0,0
B11336,4,M-2,45568,30985,39556,54,0,0
B11336,5,M-1,44993,21410,16572,45,0,0
B11337,0,M-6,90394,47682,10418,78,0,0
B11337,1,M-5,84270,47799,34359,68,0,0
B11337,2,M-4,85279,57710,32414,88,0,0
B11337,3,M-3,82852,42847,36563,37,0,0
B11337,4,M-2,80248,63755,35324,42,0,0
B11337,5,M-1,84725,45480,18185,88,0,0
B11338,0,M-6,42235,27850,48018,56,0,0
B11338,1,M-5,40537,30057,34051,25,0,0
B11338,2,M-4,37222,31818,20008,42,0,0
B11338,3,M-3,39009,32955,36356,65,0,0
B11338,4,M-2,41581,36020,12112,68,0,0
B11338,5,M-1,38173,29141,6011,71,0,0
B11339,0,M-6,34294,25276,7085,81,0,0
B11339,1,M-5,31612,20595,19581,25,0,0
B11339,2,M-4,28999,15773,7403,37,0,0
B11339,3,M-3,28286,23466,11643,53,0,0
B11339,4,M-2,30301,25705,32290,66,0,0
B11339,5,M-1,30274,25411,8742,86,0,0
B11340,0,M-6,74263,46618,39589,65,0,0
B11340,1,M-5,80566,44159,27407,40,0,0
B11340,2,M-4,69942,51757,38035,76,1,0
B11340,3,M-3,75900,40368,24399,39,0,0
B11340,4,M-2,73520,41185,36780,25,0,0
B11340,5,M-1,71424,54508,20133,85,0,0
B11341,0,M-6,63299,42214,18011,66,0,0
B11341,1,M-5,67240,46504,30315,49,0,0
B11341,2,M-4,58185,39229,29924,45,0,0
B11341,3,M-3,57258,27580,27619,60,0,0
B11341,4,M-2,59679,39928,31035,25,0,0
B11341,5,M-1,60384,28895,10104,63,0,0
B11342,0,M-6,32889,22283,42656,69,0,0
B11342,1,M-5,30147,23488,4133,64,0,0
B11342,2,M-4,31217,22736,47879,55,0,0
B11342,3,M-3,33263,22138,13721,32,0,0
B11342,4,M-2,32415,17103,39853,58,0,0
B11342,5,M-1,33857,29310,16019,64,0,0
B11343,0,M-6,45262,33200,7016,59,0,0
B11343,1,M-5,50343,38158,11049,78,0,0
B11343,2,M-4,51157,23715,18283,80,0,0
B11343,3,M-3,45074,32219,17955,51,0,0
B11343,4,M-2,51577,40001,21728,64,0,0
B11343,5,M-1,49142,37449,18827,56,0,0
B11344,0,M-6,37766,21644,4121,58,0,0
B11344,1,M-5,38247,22729,15664,63,0,0
B11344,2,M-4,39434,20610,15027,53,0,0
B11344,3,M-3,35661,21149,19272,53,0,0
B11344,4,M-2,40277,21553,17635,34,0,0
B11344,5,M-1,35808,16991,15478,43,0,0
B11345,0,M-6,36268,29853,56033,29,0,0
B11345,1,M-5,39629,30310,28831,52,0,0
B11345,2,M-4,35280,18604,19839,76,0,0
B11345,3,M-3,44518,28376,33135,50,0,0
B11345,4,M-2,42112,19287,13235,76,0,0
B11345,5,M-1,42837,34958,48674,88,0,0
B11346,0,M-6,29030,20614,8799,56,0,0
B11346,1,M-5,27475,19429,10733,63,0,0
B11346,2,M-4,27520,12398,8720,42,0,0
B11346,3,M-3,24930,18929,8456,55,0,0
B11346,4,M-2,26739,13954,6053,65,0,0
B11346,5,M-1,24818,12910,5723,81,0,0
B11347,0,M-6,52043,38461,21557,73,0,0
B11347,1,M-5,59899,42498,19662,78,0,0
B11347,2,M-4,59084,39256,23278,50,0,0
B11347,3,M-3,56065,42668,9878,88,0,0
B11347,4,M-2,61850,29561,10262,80,0,0
B11347,5,M-1,62057,38597,15064,28,0,0
B11348,0,M-6,46602,32931,24608,34,0,0
B11348,1,M-5,48505,36544,7169,77,0,0
B11348,2,M-4,46013,23793,14384,32,0,0
B11348,3,M-3,49153,23336,19783,73,0,0
B11348,4,M-2,48127,33600,10010,29,0,0
B11348,5,M-1,50066,34246,9468,81,0,0
B11349,0,M-6,76454,47031,21306,74,0,0
B11349,1,M-5,78215,49273,15109,34,0,0
B11349,2,M-4,66787,31659,20673,48,0,0
B11349,3,M-3,75687,49523,13779,53,0,0
B11349,4,M-2,70250,55316,21577,49,0,0
B11349,5,M-1,68176,51769,18182,28,0,0
B11350,0,M-6,34490,28343,24424,70,0,0
B11350,1,M-5,32301,24834,40066,56,0,0
B11350,2,M-4,35428,24654,26677,29,0,0
B11350,3,M-3,35467,32662,10650,79,0,0
B11350,4,M-2,34371,26915,39578,62,0,0
B11350,5,M-1,35889,28322,32151,77,0,0
B11351,0,M-6,63920,29018,24222,44,0,0
B11351,1,M-5,63119,36292,13084,74,0,0
B11351,2,M-4,58464,37734,18252,51,0,0
B11351,3,M-3,69407,35330,16784,87,0,0
B11351,4,M-2,59966,32671,29899,28,0,0
B11351,5,M-1,69177,53801,25557,37,0,0
B11352,0,M-6,35760,33866,26894,81,0,0
B11352,1,M-5,32285,28123,41675,44,0,0
B11352,2,M-4,36417,24762,48114,56,0,0
B11352,3,M-3,35402,27878,34738,43,0,0
B11352,4,M-2,31867,23378,42277,33,0,0
B11352,5,M-1,37788,33127,39238,47,0,0
B11353,0,M-6,39678,19430,21092,82,0,0
B11353,1,M-5,39826,22311,7970,59,0,0
B11353,2,M-4,39815,29726,18368,63,0,0
B11353,3,M-3,43112,23975,20910,35,0,0
B11353,4,M-2,44719,32580,11381,34,0,0
B11353,5,M-1,48973,32078,12554,60,0,0
B11354,0,M-6,19158,12766,7119,36,0,0
B11354,1,M-5,18612,11096,18975,73,0,0
B11354,2,M-4,20503,14909,17688,73,0,0
B11354,3,M-3,22613,20623,14152,55,0,0
B11354,4,M-2,21880,14744,30857,83,0,0
B11354,5,M-1,21793,20144,4333,41,0,0
B11355,0,M-6,34914,17450,18308,55,0,0
B11355,1,M-5,33940,24028,39830,68,0,0
B11355,2,M-4,36434,21476,38215,76,0,0
B11355,3,M-3,34291,17652,30508,42,0,0
B11355,4,M-2,35262,16000,47307,38,0,0
B11355,5,M-1,36952,18009,43430,44,0,0
B11356,0,M-6,35065,25416,16420,86,0,0
B11356,1,M-5,35915,27121,8371,26,0,0
B11356,2,M-4,31504,25714,14018,69,0,0
B11356,3,M-3,34640,16017,19246,73,0,0
B11356,4,M-2,31801,15617,13753,36,0,0
B11356,5,M-1,36425,19778,16095,63,0,0
B11357,0,M-6,36712,23220,50764,34,0,0
B11357,1,M-5,39440,21060,15303,34,0,0
B11357,2,M-4,36579,22140,18627,89,0,0
B11357,3,M-3,39879,30809,40298,30,0,0
B11357,4,M-2,36410,18814,16256,79,0,0
B11357,5,M-1,35091,18850,8373,47,0,0
B11358,0,M-6,38990,22780,17517,70,0,0
B11358,1,M-5,40593,21392,9641,69,0,0
B11358,2,M-4,39172,27734,18151,28,0,0
B11358,3,M-3,46243,22057,14953,49,0,0
B11358,4,M-2,47860,31008,19596,77,0,0
B11358,5,M-1,42357,33665,5124,48,0,0
B11359,0,M-6,46083,43141,14865,48,0,0
B11359,1,M-5,43875,22955,20280,89,0,0
B11359,2,M-4,44627,33967,56071,62,0,0
B11359,3,M-3,44443,21202,35657,32,0,0
B11359,4,M-2,41847,27288,38269,82,0,0
B11359,5,M-1,37835,32415,4916,65,0,0
B11360,0,M-6,66546,42269,20655,52,0,0
B11360,1,M-5,70007,49210,17385,87,0,0
B11360,2,M-4,67709,37830,11732,79,0,0
B11360,3,M-3,67377,36376,15844,78,0,0
B11360,4,M-2,70755,43538,15464,76,0,0
B11360,5,M-1,79839,40743,23314,38,0,0
B11361,0,M-6,42820,21593,14232,30,0,0
B11361,1,M-5,46084,20901,23548,88,0,0
B11361,2,M-4,48177,23331,51379,82,0,0
B11361,3,M-3,48280,39294,46846,49,0,0
B11361,4,M-2,50893,30937,59363,75,0,0
B11361,5,M-1,50384,24707,29018,46,0,0
B11362,0,M-6,41325,30185,13510,41,0,0
B11362,1,M-5,44318,20447,21021,77,0,0
B11362,2,M-4,39677,26352,16762,60,0,0
B11362,3,M-3,44183,34496,21180,41,0,0
B11362,4,M-2,43225,25062,6513,42,0,0
B11362,5,M-1,44897,34068,5222,35,0,0
B11363,0,M-6,89076,47055,30747,88,0,0
B11363,1,M-5,85987,52584,13337,51,0,0
B11363,2,M-4,80386,42145,22949,29,0,0
B11363,3,M-3,80504,37661,32527,38,0,0
B11363,4,M-2,80415,42086,23383,73,0,0
B11363,5,M-1,71532,51683,16241,75,0,0
B11364,0,M-6,50023,36163,22648,56,0,0
B11364,1,M-5,46814,30792,7478,45,0,0
B11364,2,M-4,53436,27007,19069,38,0,0
B11364,3,M-3,45865,29062,10361,46,0,0
B11364,4,M-2,51961,40535,18363,48,0,0
B11364,5,M-1,47869,24758,8835,65,0,0
B11365,0,M-6,26874,21272,6778,29,0,0
B11365,1,M-5,28216,19590,10892,74,0,0
B11365,2,M-4,31309,17735,13322,71,0,0
B11365,3,M-3,32786,23979,8951,56,0,0
B11365,4,M-2,28674,18760,8739,45,0,0
B11365,5,M-1,31882,17913,6957,25,0,0
B11366,0,M-6,44658,21201,12042,87,0,0
B11366,1,M-5,45086,25712,10707,42,0,0
B11366,2,M-4,53280,32476,18296,40,0,0
B11366,3,M-3,46809,29180,8601,46,0,0
B11366,4,M-2,46759,26328,9485,61,0,0
B11366,5,M-1,46193,26169,17600,45,0,0
B11367,0,M-6,59301,37244,23347,88,0,0
B11367,1,M-5,52595,25323,26630,80,0,0
B11367,2,M-4,49742,36297,22476,43,0,0
B11367,3,M-3,51449,36845,10471,32,0,0
B11367,4,M-2,52729,34586,18853,85,0,0
B11367,5,M-1,51815,27841,12201,36,0,0
B11368,0,M-6,77952,52844,7944,54,0,0
B11368,1,M-5,81331,44687,29860,66,0,0
B11368,2,M-4,87711,58441,20856,50,0,0
B11368,3,M-3,75586,52855,24178,42,0,0
B11368,4,M-2,81404,54423,27809,62,0,0
B11368,5,M-1,71405,53463,10562,58,0,0
B11369,0,M-6,35152,21127,14048,28,0,0
B11369,1,M-5,38605,22608,12223,79,0,0
B11369,2,M-4,38167,26110,8715,50,0,0
B11369,3,M-3,37145,24584,17947,29,0,0
B11369,4,M-2,37203,29482,12378,75,0,0
B11369,5,M-1,38361,28361,6094,39,0,0
B11370,0,M-6,34456,32661,44554,87,0,0
B11370,1,M-5,33309,30123,12156,64,0,0
B11370,2,M-4,30694,15764,39069,32,0,0
B11370,3,M-3,32020,15101,6930,54,0,0
B11370,4,M-2,30384,19866,37728,63,0,0
B11370,5,M-1,30900,23963,24896,31,0,0
B11371,0,M-6,41121,23744,15581,78,0,0
B11371,1,M-5,37571,22237,6011,46,0,0
B11371,2,M-4,34618,24911,11072,73,0,0
B11371,3,M-3,39369,20292,15534,82,0,0
B11371,4,M-2,39495,24865,7532,55,0,0
B11371,5,M-1,33594,19555,6475,40,0,0
B11372,0,M-6,92047,47402,25029,58,0,0
B11372,1,M-5,80723,48148,19079,78,0,0
B11372,2,M-4,84284,48747,11193,31,0,0
B11372,3,M-3,92896,52245,25814,62,0,0
B11372,4,M-2,87408,42926,29956,83,0,0
B11372,5,M-1,99176,77493,30316,54,0,0
B11373,0,M-6,51056,32851,6573,61,0,0
B11373,1,M-5,51928,29727,31835,67,0,0
B11373,2,M-4,43949,30197,21658,86,0,0
B11373,3,M-3,45435,33475,9381,87,0,0
B11373,4,M-2,46763,24461,63593,74,0,0
B11373,5,M-1,45459,36597,53296,86,0,0
B11374,0,M-6,8128,6525,4792,72,0,0
B11374,1,M-5,8719,8080,1463,85,0,0
B11374,2,M-4,8686,6313,6924,45,0,0
B11374,3,M-3,7412,4813,3651,54,1,0
B11374,4,M-2,8607,5609,10815,56,0,0
B11374,5,M-1,8653,7730,4711,69,0,0
B11375,0,M-6,42353,23854,16047,46,0,0
B11375,1,M-5,46072,29882,9025,45,0,0
B11375,2,M-4,46008,21901,13534,75,0,0
B11375,3,M-3,39624,25161,20121,38,0,0
B11375,4,M-2,44367,23289,14812,45,0,0
B11375,5,M-1,42948,22384,10385,55,0,0
B11376,0,M-6,67545,34874,30056,29,0,0
B11376,1,M-5,83491,59830,29691,39,0,0
B11376,2,M-4,81184,52968,33652,25,0,0
B11376,3,M-3,74206,43760,11175,65,0,0
B11376,4,M-2,85507,48331,37183,28,0,0
B11376,5,M-1,84104,61602,31237,50,0,0
B11377,0,M-6,53302,42044,11826,83,0,0
B11377,1,M-5,51917,29576,15165,32,0,0
B11377,2,M-4,57033,37311,9944,71,0,0
B11377,3,M-3,56539,33459,11105,28,0,0
B11377,4,M-2,58417,45124,17685,79,0,0
B11377,5,M-1,59572,47254,12649,25,0,0
B11378,0,M-6,22838,15745,25358,57,0,0
B11378,1,M-5,22253,11490,9166,34,0,0
B11378,2,M-4,22757,16679,30770,76,0,0
B11378,3,M-3,21586,14160,26381,64,0,0
B11378,4,M-2,22316,12282,13341,38,0,0
B11378,5,M-1,21330,12376,5474,36,0,0
B11379,0,M-6,92047,46943,12441,49,0,0
B11379,1,M-5,90539,51005,10829,25,0,0
B11379,2,M-4,91347,62746,11377,87,0,0
B11379,3,M-3,95832,49836,29085,64,0,0
B11379,4,M-2,88926,45839,16238,59,0,0
B11379,5,M-1,89571,59668,42860,82,0,0
B11380,0,M-6,35789,23169,8661,30,0,0
B11380,1,M-5,41855,32903,16470,55,0,0
B11380,2,M-4,37723,18891,8853,35,0,0
B11380,3,M-3,42069,29557,8968,42,0,0
B11380,4,M-2,46538,34553,11178,66,0,0
B11380,5,M-1,49604,26925,9316,35,0,0
B11381,0,M-6,21716,17035,7312,37,0,0
B11381,1,M-5,22818,15986,5356,78,0,0
B11381,2,M-4,20637,11952,25990,47,0,0
B11381,3,M-3,22490,18431,4424,81,0,0
B11381,4,M-2,22982,13746,27157,42,0,0
B11381,5,M-1,21982,12810,23086,75,0,0
B11382,0,M-6,48024,38323,18843,86,0,0
B11382,1,M-5,43237,34345,17195,76,0,0
B11382,2,M-4,45995,35845,18345,47,0,0
B11382,3,M-3,45718,32378,7009,51,0,0
B11382,4,M-2,46795,30779,21699,33,0,0
B11382,5,M-1,46537,25222,14810,27,0,0
B11383,0,M-6,39942,22245,19453,31,0,0
B11383,1,M-5,37174,25561,10430,89,0,0
B11383,2,M-4,39519,19335,15740,44,0,0
B11383,3,M-3,41243,28012,6447,72,0,0
B11383,4,M-2,38157,25209,21046,84,0,0
B11383,5,M-1,43045,28629,19711,49,0,0
B11384,0,M-6,26332,24036,36300,26,0,0
B11384,1,M-5,26890,12411,23982,32,0,0
B11384,2,M-4,24816,15218,34217,76,0,0
B11384,3,M-3,26644,19978,6577,43,0,0
B11384,4,M-2,24645,19638,19213,89,0,0
B11384,5,M-1,24941,15970,10902,30,0,0
B11385,0,M-6,47594,35304,4822,63,0,0
B11385,1,M-5,41898,33347,16402,43,0,0
B11385,2,M-4,49055,32756,4642,46,0,0
B11385,3,M-3,50836,34727,18220,30,0,0
B11385,4,M-2,44713,29820,8489,37,0,0
B11385,5,M-1,53480,25294,12930,42,0,0
B11386,0,M-6,58226,30490,23422,70,0,0
B11386,1,M-5,55656,44239,16505,63,0,0
B11386,2,M-4,51352,31041,26644,52,0,0
B11386,3,M-3,53893,26124,7490,62,0,0
B11386,4,M-2,46787,26543,21995,32,0,0
B11386,5,M-1,51278,28579,14028,30,0,0
B11387,0,M-6,90231,68307,12884,26,0,0
B11387,1,M-5,93101,43173,27276,32,0,0
B11387,2,M-4,85172,41832,17303,51,0,0
B11387,3,M-3,85894,62467,10217,38,0,0
B11387,4,M-2,88491,58096,34656,71,0,0
B11387,5,M-1,81446,58656,20885,82,0,0
B11388,0,M-6,25802,17811,12358,86,0,0
B11388,1,M-5,31783,18578,12620,27,0,0
B11388,2,M-4,31973,16194,10666,87,0,0
B11388,3,M-3,28271,21377,11694,81,0,0
B11388,4,M-2,31501,17160,7512,47,0,0
B11388,5,M-1,34883,22213,13839,54,0,0
B11389,0,M-6,69380,34939,19985,86,0,0
B11389,1,M-5,63470,31516,22449,52,0,0
B11389,2,M-4,64634,44615,7916,76,0,0
B11389,3,M-3,63270,46866,34072,34,0,0
B11389,4,M-2,62742,48447,30533,43,0,0
B11389,5,M-1,63881,41035,33304,82,0,0
B11390,0,M-6,36108,28215,13096,79,0,0
B11390,1,M-5,35671,22595,16832,43,0,0
B11390,2,M-4,36539,27154,16710,87,0,0
B11390,3,M-3,33245,19640,17410,49,0,0
B11390,4,M-2,37237,20304,13740,72,0,0
B11390,5,M-1,34412,20359,5944,64,0,0
B11391,0,M-6,49484,24456,21960,34,0,0
B11391,1,M-5,46930,29711,22110,78,0,0
B11391,2,M-4,49493,27729,13419,84,0,0
B11391,3,M-3,58185,45743,11308,75,0,0
B11391,4,M-2,57167,45273,7986,49,0,0
B11391,5,M-1,56417,42278,19863,29,0,0
B11392,0,M-6,40197,18915,12185,56,0,0
B11392,1,M-5,37595,19636,8208,30,0,0
B11392,2,M-4,43550,25375,4761,53,0,0
B11392,3,M-3,38880,22527,17929,26,0,0
B11392,4,M-2,38558,27848,13720,77,0,0
B11392,5,M-1,43901,25032,17107,44,0,0
B11393,0,M-6,16900,8347,28351,63,0,0
B11393,1,M-5,18186,11833,13745,41,0,0
B11393,2,M-4,19977,14653,28276,85,0,0
B11393,3,M-3,19770,13837,29412,33,0,1
B11393,4,M-2,22616,18110,6433,57,0,0
B11393,5,M-1,22333,10105,7066,41,0,0
B11394,0,M-6,58829,27223,16476,69,0,0
B11394,1,M-5,66816,39315,24711,49,0,0
B11394,2,M-4,63214,50257,33677,56,0,0
B11394,3,M-3,69481,48030,16380,26,0,0
B11394,4,M-2,70225,52347,31907,31,0,0
B11394,5,M-1,76279,46128,24351,37,0,0
B11395,0,M-6,54877,29661,20562,46,0,0
B11395,1,M-5,52435,31753,20198,60,0,0
B11395,2,M-4,44762,34247,12511,25,0,0
B11395,3,M-3,43870,20140,5529,44,0,0
B11395,4,M-2,44807,22136,7740,42,0,0
B11395,5,M-1,46420,22649,20808,33,0,0
B11396,0,M-6,27022,21601,5233,85,0,0
B11396,1,M-5,29331,13561,4413,31,0,0
B11396,2,M-4,29708,22795,22003,47,0,0
B11396,3,M-3,33677,21878,9665,54,0,0
B11396,4,M-2,38173,26565,19626,38,0,0
B11396,5,M-1,37160,34924,8393,71,0,0
B11397,0,M-6,37401,17144,5285,73,0,0
B11397,1,M-5,36349,20725,11440,26,0,0
B11397,2,M-4,36236,25903,13180,87,0,0
B11397,3,M-3,32829,18598,10376,28,0,0
B11397,4,M-2,32844,17010,5929,26,0,0
B11397,5,M-1,39818,30304,8163,49,0,0
B11398,0,M-6,85089,58453,39008,33,0,0
B11398,1,M-5,83838,46393,11287,38,0,0
B11398,2,M-4,79941,44283,28251,77,0,0
B11398,3,M-3,94439,59251,36230,27,0,0
B11398,4,M-2,93560,66030,10706,27,0,0
B11398,5,M-1,90827,43967,10887,31,0,0
B11399,0,M-6,64609,45977,7986,88,0,0
B11399,1,M-5,59056,27941,12544,49,0,0
B11399,2,M-4,60413,39579,7296,46,0,0
B11399,3,M-3,59717,42330,12421,25,0,0
B11399,4,M-2,58090,41197,27643,61,0,0
B11399,5,M-1,57436,39585,13568,27,0,0
B11400,0,M-6,32600,19185,8344,48,0,0
B11400,1,M-5,36921,24331,17418,49,0,0
B11400,2,M-4,36187,22371,8648,57,0,0
B11400,3,M-3,34237,18295,9039,65,0,0
B11400,4,M-2,38355,17272,13999,74,0,0
B11400,5,M-1,36358,23670,10039,65,0,0
B11401,0,M-6,72456,32936,19376,25,0,0
B11401,1,M-5,63899,42755,28237,65,0,0
B11401,2,M-4,68447,32938,13003,79,0,0
B11401,3,M-3,72636,41276,8019,72,0,0
B11401,4,M-2,82585,60987,34157,82,0,0
B11401,5,M-1,76385,52255,26010,44,0,0
B11402,0,M-6,54810,26914,5327,55,0,0
B11402,1,M-5,53749,32675,16140,89,0,0
B11402,2,M-4,48010,37516,23435,75,0,0
B11402,3,M-3,50720,37253,7826,78,0,0
B11402,4,M-2,53526,34672,11820,50,0,0
B11402,5,M-1,55053,25435,15343,63,0,0
B11403,0,M-6,44057,32116,23588,53,0,0
B11403,1,M-5,48557,25466,30036,83,0,1
B11403,2,M-4,53339,48222,66172,67,0,0
B11403,3,M-3,53094,49724,16940,39,0,0
B11403,4,M-2,48183,27003,22657,65,0,0
B11403,5,M-1,47455,30161,59441,27,0,0
B11404,0,M-6,34370,15575,12972,47,0,0
B11404,1,M-5,36560,25027,12017,47,0,0
B11404,2,M-4,34527,27462,8094,53,0,0
B11404,3,M-3,35838,19745,10433,25,0,0
B11404,4,M-2,33560,25183,15190,43,0,0
B11404,5,M-1,31424,20621,11860,67,0,0
B11405,0,M-6,64334,43541,16847,35,0,0
B11405,1,M-5,66034,32139,22413,81,0,0
B11405,2,M-4,73238,47569,16124,87,0,0
B11405,3,M-3,75920,43848,9625,86,0,0
B11405,4,M-2,66969,48657,15846,40,0,0
B11405,5,M-1,77463,54307,34139,41,0,0
B11406,0,M-6,40246,20912,11281,80,0,0
B11406,1,M-5,44521,27106,7105,41,0,0
B11406,2,M-4,43551,25517,5717,68,0,0
B11406,3,M-3,41168,21241,20363,79,0,0
B11406,4,M-2,40485,27968,20662,26,0,0
B11406,5,M-1,44914,23278,8710,67,0,0
B11407,0,M-6,29569,17355,33964,25,0,0
B11407,1,M-5,32621,28939,9294,79,0,0
B11407,2,M-4,32171,24302,32225,56,0,0
B11407,3,M-3,29139,26801,31737,32,0,0
B11407,4,M-2,28785,17784,4783,48,0,0
B11407,5,M-1,31671,24854,32414,69,0,0
B11408,0,M-6,91123,42019,46113,26,0,0
B11408,1,M-5,109641,80535,23264,84,0,0
B11408,2,M-4,105578,73351,37695,75,0,0
B11408,3,M-3,90697,62743,22581,67,0,0
B11408,4,M-2,92383,48074,25150,78,0,0
B11408,5,M-1,106042,84432,17150,51,0,0
B11409,0,M-6,15723,9150,24106,44,0,0
B11409,1,M-5,17408,8508,21845,67,0,0
B11409,2,M-4,16910,11846,26316,68,0,0
B11409,3,M-3,17340,15002,15491,85,0,0
B11409,4,M-2,20488,13199,26934,66,0,0
B11409,5,M-1,19825,16632,15292,89,0,0
B11410,0,M-6,67692,38344,13154,25,0,0
B11410,1,M-5,73536,41425,25486,88,0,0
B11410,2,M-4,61007,28265,14733,69,0,0
B11410,3,M-3,67592,34069,16433,71,0,0
B11410,4,M-2,63361,47437,30860,82,0,0
B11410,5,M-1,69159,35197,12917,69,0,0
B11411,0,M-6,21074,16223,25047,47,0,0
B11411,1,M-5,22212,10223,23142,60,0,0
B11411,2,M-4,20127,9875,3744,89,0,0
B11411,3,M-3,19277,11724,11190,42,0,0
B11411,4,M-2,21570,16054,9260,37,0,0
B11411,5,M-1,20328,14413,14432,33,0,0
B11412,0,M-6,53372,24561,6884,42,0,0
B11412,1,M-5,54348,33909,8774,71,0,0
B11412,2,M-4,49138,35773,13900,31,0,0
B11412,3,M-3,50304,27395,14644,52,0,0
B11412,4,M-2,57800,38042,17459,30,0,0
B11412,5,M-1,54019,29108,17248,36,0,0
B11413,0,M-6,29482,19179,30622,47,0,0
B11413,1,M-5,30044,22754,7253,43,0,0
B11413,2,M-4,27631,20828,6003,66,0,0
B11413,3,M-3,33391,21059,41160,58,0,0
B11413,4,M-2,28531,19340,15592,58,0,0
B11413,5,M-1,32581,25991,19383,83,0,0
B11414,0,M-6,41006,32047,49575,49,0,0
B11414,1,M-5,39612,21578,45820,54,0,0
B11414,2,M-4,38871,24645,36130,81,0,0
B11414,3,M-3,39596,29206,12496,87,0,0
B11414,4,M-2,41274,18889,11241,67,0,0
B11414,5,M-1,38355,18320,6641,83,0,0
B11415,0,M-6,37804,22585,16653,62,0,0
B11415,1,M-5,37231,18062,9723,76,0,0
B11415,2,M-4,43549,20200,20827,66,0,0
B11415,3,M-3,41319,22878,19180,30,0,0
B11415,4,M-2,38851,21490,16748,25,0,0
B11415,5,M-1,41769,26315,15714,29,0,0
B11416,0,M-6,46425,29742,24036,36,0,0
B11416,1,M-5,46877,30535,13691,55,0,0
B11416,2,M-4,48394,28771,18479,50,0,0
B11416,3,M-3,45202,33811,10361,69,0,0
B11416,4,M-2,48627,29439,12533,69,0,0
B11416,5,M-1,45841,25255,23762,40,0,0
B11417,0,M-6,50292,30686,6628,49,0,0
B11417,1,M-5,48667,38656,26740,83,0,0
B11417,2,M-4,51979,25137,10822,61,0,0
B11417,3,M-3,56240,31223,14192,61,0,0
B11417,4,M-2,60157,37047,8676,43,0,0
B11417,5,M-1,53028,27190,26082,41,0,0
B11418,0,M-6,73658,53688,26438,29,0,0
B11418,1,M-5,66766,36403,18024,60,0,0
B11418,2,M-4,64693,36725,22786,89,0,0
B11418,3,M-3,65359,30658,31139,40,0,0
B11418,4,M-2,70543,52167,10963,29,0,0
B11418,5,M-1,63614,41766,32071,64,0,0
B11419,0,M-6,66882,42880,25866,26,0,0
B11419,1,M-5,63448,45269,9892,40,0,0
B11419,2,M-4,68425,33169,11884,58,0,0
B11419,3,M-3,61774,31794,17781,28,0,0
B11419,4,M-2,60777,30315,11756,50,0,0
B11419,5,M-1,59887,30436,8734,85,0,0
B11420,0,M-6,98293,61173,43311,46,0,0
B11420,1,M-5,94702,64278,19147,52,0,0
B11420,2,M-4,94049,68062,47120,42,0,0
B11420,3,M-3,91094,69226,34160,70,0,0
B11420,4,M-2,100005,56863,20339,84,0,0
B11420,5,M-1,93053,43642,14342,68,0,0
B11421,0,M-6,19397,16488,9023,78,0,0
B11421,1,M-5,20061,11373,23831,81,0,0
B11421,2,M-4,20992,10703,25311,60,0,0
B11421,3,M-3,23143,19157,28646,48,0,0
B11421,4,M-2,20420,18198,12521,88,0,0
B11421,5,M-1,20869,19117,29757,86,0,0
B11422,0,M-6,38051,17703,10563,43,0,0
B11422,1,M-5,35260,32921,32907,27,0,0
B11422,2,M-4,39131,22991,11330,29,1,0
B11422,3,M-3,35250,25947,8584,83,0,0
B11422,4,M-2,38295,28638,4563,26,0,0
B11422,5,M-1,37738,27340,38167,84,0,0
B11423,0,M-6,25077,18464,16498,80,0,0
B11423,1,M-5,26745,19947,15755,53,0,0
B11423,2,M-4,24990,14547,32940,44,0,0
B11423,3,M-3,29579,27615,25295,25,0,0
B11423,4,M-2,26414,12583,4268,35,0,0
B11423,5,M-1,26100,16229,35683,42,0,0
B11424,0,M-6,23790,15890,27079,50,0,0
B11424,1,M-5,22327,12679,20448,33,0,0
B11424,2,M-4,22210,15440,23917,54,0,0
B11424,3,M-3,23083,18848,13842,25,0,0
B11424,4,M-2,22842,19700,22939,59,0,0
B11424,5,M-1,20726,19457,26178,77,0,0
B11425,0,M-6,13602,8630,23771,82,0,0
B11425,1,M-5,17752,16086,5015,49,0,0
B11425,2,M-4,16563,14803,12462,79,0,0
B11425,3,M-3,17929,9419,3494,46,0,0
B11425,4,M-2,19502,11988,19707,72,0,0
B11425,5,M-1,23330,15743,26375,36,0,0
B11426,0,M-6,67004,52489,24101,80,0,0
B11426,1,M-5,59566,31940,14094,61,0,0
B11426,2,M-4,55805,39975,21253,49,0,0
B11426,3,M-3,54613,25797,7299,74,0,0
B11426,4,M-2,61077,40539,16020,53,0,0
B11426,5,M-1,50189,24418,16390,49,0,0
B11427,0,M-6,24888,19331,12143,38,0,0
B11427,1,M-5,27900,18044,6464,34,0,0
B11427,2,M-4,28408,17173,12176,37,0,0
B11427,3,M-3,24929,17956,12631,34,0,0
B11427,4,M-2,27194,17836,11189,71,0,0
B11427,5,M-1,24327,12837,8493,49,0,0
B11428,0,M-6,41401,28243,24268,42,0,0
B11428,1,M-5,40826,26946,50298,33,0,0
B11428,2,M-4,36680,33268,40989,33,0,0
B11428,3,M-3,38263,35639,13850,34,0,0
B11428,4,M-2,40785,25044,46840,78,0,0
B11428,5,M-1,37404,29935,46668,89,0,0
B11429,0,M-6,78998,56858,33557,55,0,0
B11429,1,M-5,80089,41713,19638,32,0,0
B11429,2,M-4,79742,37388,27723,89,0,0
B11429,3,M-3,67516,44663,31137,38,0,0
B11429,4,M-2,67983,50434,13171,27,0,0
B11429,5,M-1,74855,36133,11403,87,0,0
B11430,0,M-6,52363,28434,16203,54,0,0
B11430,1,M-5,54578,45941,68749,84,0,0
B11430,2,M-4,49624,41326,8224,47,0,0
B11430,3,M-3,55058,27137,46252,41,0,0
B11430,4,M-2,57866,52215,45087,32,0,0
B11430,5,M-1,54747,28773,53799,33,0,0
B11431,0,M-6,29367,26570,46155,37,0,0
B11431,1,M-5,35125,26253,21361,80,0,0
B11431,2,M-4,30958,25992,38810,66,0,0
B11431,3,M-3,37575,27733,9052,42,0,0
B11431,4,M-2,34183,26608,44137,61,0,0
B11431,5,M-1,33966,29919,10853,73,0,0
B11432,0,M-6,56009,39150,10060,76,0,0
B11432,1,M-5,54369,36018,9207,38,0,0
B11432,2,M-4,55885,26612,8076,78,0,0
B11432,3,M-3,55373,39768,9313,71,0,0
B11432,4,M-2,58201,34876,19666,41,0,0
B11432,5,M-1,65669,37786,9247,72,0,0
B11433,0,M-6,27974,13696,19019,62,0,0
B11433,1,M-5,27675,19543,20819,75,0,0
B11433,2,M-4,26605,16744,15813,63,0,0
B11433,3,M-3,26398,13494,5090,29,0,0
B11433,4,M-2,25136,17924,4256,73,0,0
B11433,5,M-1,25323,14874,22190,29,0,0
B11434,0,M-6,84407,55402,35406,62,0,0
B11434,1,M-5,95781,60554,40077,87,0,0
B11434,2,M-4,103402,50180,17082,87,0,0
B11434,3,M-3,94690,69902,47468,74,0,0
B11434,4,M-2,90887,65372,38694,35,0,0
B11434,5,M-1,92334,65909,25081,84,0,0
B11435,0,M-6,39279,25372,19398,68,0,0
B11435,1,M-5,43108,27871,8573,61,0,0
B11435,2,M-4,45204,33712,18616,34,0,0
B11435,3,M-3,38660,23290,10550,35,0,0
B11435,4,M-2,39243,27499,9037,27,0,0
B11435,5,M-1,42203,24738,6493,44,0,0
B11436,0,M-6,40225,36650,34257,68,0,0
B11436,1,M-5,36277,33898,46670,58,0,0
B11436,2,M-4,35785,28040,24013,63,0,0
B11436,3,M-3,40861,29172,6897,37,0,0
B11436,4,M-2,38651,21167,35305,82,0,0
B11436,5,M-1,40007,18076,24823,61,0,0
B11437,0,M-6,43864,27072,13440,62,0,0
B11437,1,M-5,47672,31385,48188,34,0,0
B11437,2,M-4,48583,28864,58158,76,0,0
B11437,3,M-3,46539,26270,11305,37,0,0
B11437,4,M-2,46239,39469,42443,81,0,0
B11437,5,M-1,49777,46315,24883,70,0,0
B11438,0,M-6,31692,28856,5451,73,0,0
B11438,1,M-5,30856,14399,16581,45,0,0
B11438,2,M-4,30124,27494,45277,83,0,0
B11438,3,M-3,33132,27840,15873,71,0,0
B11438,4,M-2,28812,23295,44067,85,0,0
B11438,5,M-1,29315,20607,19505,56,0,0
B11439,0,M-6,56017,26934,20235,87,0,0
B11439,1,M-5,59726,39006,24644,59,0,0
B11439,2,M-4,55973,33986,9864,40,0,0
B11439,3,M-3,63647,46513,14410,41,0,0
B11439,4,M-2,67380,30452,10209,34,0,0
B11439,5,M-1,61494,37052,16054,47,0,0
B11440,0,M-6,45773,35062,14880,64,0,0
B11440,1,M-5,44360,30128,18826,88,0,0
B11440,2,M-4,42055,31786,17536,30,0,0
B11440,3,M-3,38739,21188,13772,86,0,0
B11440,4,M-2,41541,29821,16702,44,0,0
B11440,5,M-1,43394,31813,15787,74,0,0
B11441,0,M-6,20713,11040,28959,57,0,0
B11441,1,M-5,22516,21148,14020,33,0,0
B11441,2,M-4,23986,21390,20969,81,0,0
B11441,3,M-3,20239,13084,17572,59,0,0
B11441,4,M-2,21586,11972,25758,37,0,0
B11441,5,M-1,22380,19274,8486,48,0,0
B11442,0,M-6,47629,22954,14204,83,0,0
B11442,1,M-5,52383,34861,12937,30,0,0
B11442,2,M-4,47714,25330,20261,75,0,0
B11442,3,M-3,49857,30980,26820,47,0,0
B11442,4,M-2,57265,29934,9739,37,0,0
B11442,5,M-1,48567,27006,10018,60,0,0
B11443,0,M-6,81965,47815,21196,36,0,0
B11443,1,M-5,85420,53571,15330,62,0,0
B11443,2,M-4,88484,66350,9973,83,0,0
B11443,3,M-3,83644,43866,9021,66,0,0
B11443,4,M-2,86109,63753,35264,87,0,0
B11443,5,M-1,94065,43818,11912,46,0,0
B11444,0,M-6,39719,26493,9921,81,0,0
B11444,1,M-5,43466,33825,17155,85,0,0
B11444,2,M-4,45114,34964,18477,87,0,0
B11444,3,M-3,44834,25246,7911,71,0,0
B11444,4,M-2,49309,37297,8157,32,0,0
B11444,5,M-1,50977,36043,10709,28,0,0
B11445,0,M-6,36814,19215,8752,53,0,0
B11445,1,M-5,42278,26401,19220,32,0,0
B11445,2,M-4,38589,27094,18558,82,0,0
B11445,3,M-3,41810,22444,15988,61,0,0
B11445,4,M-2,42741,31979,18958,78,0,0
B11445,5,M-1,45395,23310,9143,79,0,0
B11446,0,M-6,28663,21718,15484,64,0,0
B11446,1,M-5,30778,17705,9375,65,0,0
B11446,2,M-4,35061,32268,41603,60,0,0
B11446,3,M-3,37210,28789,15232,57,0,0
B11446,4,M-2,33441,18799,44733,34,0,0
B11446,5,M-1,37889,34706,15155,43,0,0
B11447,0,M-6,24438,14935,14881,56,0,0
B11447,1,M-5,24091,19622,8431,40,0,0
B11447,2,M-4,25795,11889,19943,80,0,0
B11447,3,M-3,23015,18245,11720,67,0,0
B11447,4,M-2,25523,16478,14782,86,0,0
B11447,5,M-1,21016,14090,6693,69,0,0
B11448,0,M-6,73851,45792,35512,45,0,0
B11448,1,M-5,80336,50827,14145,89,0,0
B11448,2,M-4,79490,42712,9407,32,0,0
B11448,3,M-3,81787,41032,13944,65,0,0
B11448,4,M-2,70325,41908,11733,48,0,0
B11448,5,M-1,78726,61813,15367,87,0,0
B11449,0,M-6,9685,8840,4315,42,0,0
B11449,1,M-5,9707,4718,6271,38,0,0
B11449,2,M-4,9618,6797,1222,37,0,0
B11449,3,M-3,9765,8778,9149,48,0,0
B11449,4,M-2,9185,4777,6042,89,1,0
B11449,5,M-1,9744,7095,6580,60,0,0
B11450,0,M-6,81139,42251,36329,77,0,0
B11450,1,M-5,74361,52484,30659,72,0,0
B11450,2,M-4,76584,53641,18776,89,0,0
B11450,3,M-3,79676,50894,20847,89,0,0
B11450,4,M-2,94454,72799,34608,71,0,0
B11450,5,M-1,85290,62747,38186,69,0,0
B11451,0,M-6,21038,17175,2611,67,0,0
B11451,1,M-5,21163,13980,21895,42,0,0
B11451,2,M-4,18415,16675,22281,86,0,0
B11451,3,M-3,18854,14676,4206,79,0,0
B11451,4,M-2,16960,8526,19899,55,0,0
B11451,5,M-1,16721,7951,23338,25,0,0
B11452,0,M-6,54570,25227,8862,33,0,0
B11452,1,M-5,46772,27574,17908,89,0,0
B11452,2,M-4,48226,24772,21170,44,0,0
B11452,3,M-3,53887,32552,27664,74,0,0
B11452,4,M-2,57916,39610,24618,59,0,0
B11452,5,M-1,51024,26437,10756,40,0,0
B11453,0,M-6,39125,23903,17322,53,0,0
B11453,1,M-5,41773,29700,37418,50,0,0
B11453,2,M-4,38377,24282,53938,44,0,0
B11453,3,M-3,39951,30829,31073,69,0,0
B11453,4,M-2,34093,19120,36849,67,0,0
B11453,5,M-1,33748,24838,5998,68,0,0
B11454,0,M-6,62400,28151,12272,39,0,0
B11454,1,M-5,61872,36210,20561,83,0,0
B11454,2,M-4,72328,45785,14892,40,0,0
B11454,3,M-3,72637,50987,13983,73,0,0
B11454,4,M-2,67547,39108,9639,81,0,0
B11454,5,M-1,75256,47582,17016,72,0,0
B11455,0,M-6,31419,28269,32871,72,0,0
B11455,1,M-5,29224,23092,11878,83,0,0
B11455,2,M-4,33784,18530,20106,57,0,0
B11455,3,M-3,32935,30784,32733,39,0,0
B11455,4,M-2,32068,28860,17914,37,0,0
B11455,5,M-1,36223,22043,23645,75,0,0
B11456,0,M-6,13027,8329,4754,81,0,0
B11456,1,M-5,14021,8440,8535,73,0,0
B11456,2,M-4,12226,9380,12885,59,0,0
B11456,3,M-3,14301,8271,17867,62,0,0
B11456,4,M-2,12595,9325,13655,82,0,0
B11456,5,M-1,13047,10618,3143,84,0,0
B11457,0,M-6,29831,26544,26864,72,0,0
B11457,1,M-5,28112,13050,17092,74,0,0
B11457,2,M-4,29221,19696,30022,46,0,0
B11457,3,M-3,28742,22500,43293,67,0,0
B11457,4,M-2,35670,33675,7994,82,0,0
B11457,5,M-1,31315,24810,12108,81,0,0
B11458,0,M-6,16464,15463,20844,49,0,0
B11458,1,M-5,16559,14281,5878,27,0,0
B11458,2,M-4,19326,9808,10187,77,0,0
B11458,3,M-3,18012,12790,13885,54,0,0
B11458,4,M-2,15895,7429,23949,51,0,0
B11458,5,M-1,16437,8483,19731,44,0,0
B11459,0,M-6,65979,52556,38695,63,0,0
B11459,1,M-5,75184,52416,37717,75,0,0
B11459,2,M-4,64114,49397,12880,47,0,0
B11459,3,M-3,72103,45650,26787,72,0,0
B11459,4,M-2,81048,62663,19378,44,0,0
B11459,5,M-1,73808,44655,14209,80,0,0
B11460,0,M-6,50195,27047,41689,78,0,0
B11460,1,M-5,45217,41241,41119,69,0,0
B11460,2,M-4,50275,29638,6126,67,0,0
B11460,3,M-3,43384,23602,13366,40,0,1
B11460,4,M-2,42056,19397,37248,48,0,0
B11460,5,M-1,42761,26054,54932,31,0,0
B11461,0,M-6,31351,25206,10262,25,0,0
B11461,1,M-5,28813,26508,31962,48,0,0
B11461,2,M-4,30122,16664,27271,37,0,0
B11461,3,M-3,29852,15643,37483,39,0,0
B11461,4,M-2,29314,26203,24176,60,0,0
B11461,5,M-1,27386,22028,5488,69,0,0
B11462,0,M-6,21673,17095,8901,60,0,0
B11462,1,M-5,21275,11689,33168,73,0,0
B11462,2,M-4,23146,11117,4649,61,0,0
B11462,3,M-3,24578,17038,19632,43,0,0
B11462,4,M-2,23987,20144,28825,81,0,0
B11462,5,M-1,25541,12506,16399,57,0,0
B11463,0,M-6,35742,26230,14850,45,0,0
B11463,1,M-5,35482,22640,6719,47,0,0
B11463,2,M-4,38159,26159,5217,47,0,0
B11463,3,M-3,37377,22435,12521,77,0,0
B11463,4,M-2,42886,33538,15235,56,0,0
B11463,5,M-1,42242,23720,7800,45,0,0
B11464,0,M-6,48736,36230,29617,51,0,0
B11464,1,M-5,53238,43957,49479,65,0,0
B11464,2,M-4,51402,35537,44634,64,0,0
B11464,3,M-3,49994,27537,38107,49,0,0
B11464,4,M-2,46082,23780,6701,81,0,0
B11464,5,M-1,45105,36033,26914,35,0,0
B11465,0,M-6,16826,9075,21344,88,0,0
B11465,1,M-5,17386,8745,9033,78,0,0
B11465,2,M-4,18477,16349,13756,46,0,1
B11465,3,M-3,19145,16818,6680,78,0,0
B11465,4,M-2,21595,12205,23380,58,0,0
B11465,5,M-1,23221,18483,19364,32,0,0
B11466,0,M-6,52051,33186,15496,77,0,0
B11466,1,M-5,59163,46648,8495,43,0,0
B11466,2,M-4,57567,27326,23578,37,0,0
B11466,3,M-3,52532,39783,18692,87,0,0
B11466,4,M-2,60518,29215,10800,38,0,0
B11466,5,M-1,59895,29217,16422,83,0,0
B11467,0,M-6,28286,25456,14168,47,0,0
B11467,1,M-5,27506,20455,11201,86,0,0
B11467,2,M-4,30805,13921,5997,27,0,0
B11467,3,M-3,29856,15781,20537,86,0,0
B11467,4,M-2,29579,17534,13215,29,0,0
B11467,5,M-1,30493,26760,10644,45,0,0
B11468,0,M-6,20892,19447,2470,63,0,0
B11468,1,M-5,19519,10504,4905,56,0,0
B11468,2,M-4,22247,12348,27529,42,0,0
B11468,3,M-3,20078,12317,29564,40,0,0
B11468,4,M-2,19814,11769,18806,84,0,0
B11468,5,M-1,22086,16611,18643,33,0,0
B11469,0,M-6,56749,32970,18659,39,0,0
B11469,1,M-5,62843,48104,10325,29,0,0
B11469,2,M-4,67656,45450,27609,72,0,0
B11469,3,M-3,69255,47544,16233,73,0,0
B11469,4,M-2,65465,32134,13392,66,0,0
B11469,5,M-1,67274,36851,16083,83,0,0
B11470,0,M-6,30328,15086,12135,46,0,0
B11470,1,M-5,31648,28061,9028,81,0,1
B11470,2,M-4,31104,25457,29762,53,0,0
B11470,3,M-3,30918,17536,31714,74,0,0
B11470,4,M-2,31533,21217,34023,79,0,0
B11470,5,M-1,31851,18160,18443,70,0,0
B11471,0,M-6,51331,32483,13865,25,0,0
B11471,1,M-5,48772,37558,17090,73,0,0
B11471,2,M-4,51435,33036,6758,53,0,0
B11471,3,M-3,54595,39886,23449,83,0,0
B11471,4,M-2,57568,28333,8061,62,0,0
B11471,5,M-1,50295,32101,26539,33,0,0
B11472,0,M-6,59536,27617,28904,34,0,0
B11472,1,M-5,57081,33443,10423,39,0,0
B11472,2,M-4,55839,31218,14279,75,0,0
B11472,3,M-3,59848,30832,12786,54,0,0
B11472,4,M-2,57546,32126,16844,82,0,0
B11472,5,M-1,57117,34380,28922,84,0,0
B11473,0,M-6,54631,28897,27850,29,0,0
B11473,1,M-5,57944,33646,9967,56,0,0
B11473,2,M-4,57744,32842,22028,28,0,0
B11473,3,M-3,62618,41962,22515,60,0,0
B11473,4,M-2,58770,44186,24858,38,0,0
B11473,5,M-1,58627,32894,26322,31,0,0
B11474,0,M-6,29733,20520,3098,81,0,0
B11474,1,M-5,29236,19903,7287,79,0,0
B11474,2,M-4,27805,14494,7869,67,0,0
B11474,3,M-3,30459,20862,9920,72,0,0
B11474,4,M-2,26056,16867,14135,51,0,0
B11474,5,M-1,28457,21106,9187,79,0,0
B11475,0,M-6,71423,44637,19445,70,0,0
B11475,1,M-5,78336,48260,14827,29,0,0
B11475,2,M-4,80606,53852,32516,53,0,0
B11475,3,M-3,75732,52354,28218,88,0,0
B11475,4,M-2,76201,55734,24061,43,0,0
B11475,5,M-1,79210,55913,26429,46,0,0
B11476,0,M-6,38228,28013,6146,36,0,0
B11476,1,M-5,38352,17491,25049,81,0,0
B11476,2,M-4,35611,21808,47118,75,0,0
B11476,3,M-3,35598,26497,50597,31,0,0
B11476,4,M-2,38204,29105,46164,43,0,0
B11476,5,M-1,39108,23716,31323,56,0,0
B11477,0,M-6,59304,31731,13586,28,0,0
B11477,1,M-5,60997,37266,10423,36,0,0
B11477,2,M-4,54110,37920,16313,87,0,0
B11477,3,M-3,64615,38452,16894,67,0,0
B11477,4,M-2,58730,44631,16955,84,0,0
B11477,5,M-1,58543,42353,14612,33,0,0
B11478,0,M-6,123772,76762,22358,78,0,0
B11478,1,M-5,114575,58112,33542,84,0,0
B11478,2,M-4,125398,81848,24782,85,0,0
B11478,3,M-3,115611,70233,40371,46,0,0
B11478,4,M-2,121033,67949,51981,50,0,0
B11478,5,M-1,118445,94036,21949,38,0,0
B11479,0,M-6,33749,30820,23239,31,0,0
B11479,1,M-5,32804,15419,4419,65,0,0
B11479,2,M-4,34648,21036,7395,59,0,0
B11479,3,M-3,35729,21915,6371,31,0,0
B11479,4,M-2,38146,28404,44630,74,0,0
B11479,5,M-1,39481,32802,24405,54,0,0
B11480,0,M-6,36368,20151,3854,37,0,0
B11480,1,M-5,36937,27622,4144,42,0,0
B11480,2,M-4,36479,17201,10836,51,0,0
B11480,3,M-3,36400,23529,6045,35,0,0
B11480,4,M-2,32745,17105,10748,89,0,0
B11480,5,M-1,31265,20273,17628,63,0,0
B11481,0,M-6,74217,46147,10975,54,0,0
B11481,1,M-5,82774,62082,29447,28,0,0
B11481,2,M-4,79094,40222,33694,71,0,0
B11481,3,M-3,77731,37412,28967,44,0,0
B11481,4,M-2,71048,38964,8891,58,0,0
B11481,5,M-1,65892,37529,34233,63,0,0
B11482,0,M-6,24718,19990,17202,44,0,0
B11482,1,M-5,23986,11553,36353,28,0,0
B11482,2,M-4,26324,15757,12627,57,0,0
B11482,3,M-3,27018,21990,30940,59,0,0
B11482,4,M-2,31276,17824,19138,60,0,0
B11482,5,M-1,28707,15687,33365,33,0,0
B11483,0,M-6,35962,29046,21382,77,0,0
B11483,1,M-5,36611,29186,41079,30,0,0
B11483,2,M-4,34711,20137,12436,32,0,0
B11483,3,M-3,37440,31017,18759,35,0,0
B11483,4,M-2,43865,26117,53066,68,0,0
B11483,5,M-1,44869,23142,25977,75,1,0
B11484,0,M-6,48698,30794,6081,68,0,0
B11484,1,M-5,55982,38532,9296,35,0,0
B11484,2,M-4,57096,40159,23491,66,0,0
B11484,3,M-3,55085,30364,10728,80,0,0
B11484,4,M-2,51402,25256,21196,47,0,0
B11484,5,M-1,57925,32199,5657,47,0,0
B11485,0,M-6,64135,43230,29939,66,0,0
B11485,1,M-5,75819,52452,11584,38,0,0
B11485,2,M-4,64131,39589,31931,33,0,0
B11485,3,M-3,73090,34560,27750,79,0,0
B11485,4,M-2,69146,47231,25656,74,0,0
B11485,5,M-1,78631,50414,27561,28,0,0
B11486,0,M-6,55335,39618,15996,74,0,0
B11486,1,M-5,56984,35170,9954,78,0,0
B11486,2,M-4,49516,23100,20669,34,0,0
B11486,3,M-3,54426,39277,19236,47,0,0
B11486,4,M-2,53142,24119,15703,69,0,0
B11486,5,M-1,57367,41755,26355,34,0,0
B11487,0,M-6,39150,19947,46813,78,0,0
B11487,1,M-5,37999,24939,23189,52,0,0
B11487,2,M-4,42272,35979,9798,38,0,0
B11487,3,M-3,41838,36096,46725,29,0,0
B11487,4,M-2,38256,27121,36466,81,0,0
B11487,5,M-1,43340,32774,22644,25,0,0
B11488,0,M-6,14768,11246,18855,25,0,0
B11488,1,M-5,16074,14011,15966,60,0,0
B11488,2,M-4,14079,10858,2779,44,0,0
B11488,3,M-3,15750,8921,11251,29,0,0
B11488,4,M-2,13876,10296,7828,88,0,0
B11488,5,M-1,13972,12609,18343,27,0,0
B11489,0,M-6,11135,5089,9069,26,0,0
B11489,1,M-5,10293,5924,10913,40,0,0
B11489,2,M-4,12308,11073,9185,73,0,0
B11489,3,M-3,13247,6485,13272,68,0,0
B11489,4,M-2,12207,8192,10530,43,0,0
B11489,5,M-1,14974,10646,2992,70,0,0
B11490,0,M-6,30287,17963,13788,44,0,0
B11490,1,M-5,30031,18702,37497,44,0,0
B11490,2,M-4,32511,21376,8340,87,0,0
B11490,3,M-3,36872,28954,25386,57,0,0
B11490,4,M-2,33783,23274,48724,60,1,0
B11490,5,M-1,37853,23208,29309,82,0,0
B11491,0,M-6,22779,17823,28826,50,0,0
B11491,1,M-5,21192,11712,26034,59,0,0
B11491,2,M-4,22537,19681,13972,82,0,0
B11491,3,M-3,23884,10833,9504,34,0,0
B11491,4,M-2,22237,20934,26986,42,0,0
B11491,5,M-1,21561,16374,26667,77,0,0
B11492,0,M-6,22105,12554,20074,46,0,0
B11492,1,M-5,21067,12239,26721,71,0,0
B11492,2,M-4,20668,13260,16117,44,0,0
B11492,3,M-3,23915,14043,21215,34,0,0
B11492,4,M-2,21818,18229,4060,31,0,0
B11492,5,M-1,20781,11921,27937,53,0,0
B11493,0,M-6,27362,17124,8897,53,0,0
B11493,1,M-5,24395,22947,25894,38,0,0
B11493,2,M-4,28185,20275,32084,61,0,0
B11493,3,M-3,26720,21186,7965,28,0,0
B11493,4,M-2,22835,10998,35801,30,0,0
B11493,5,M-1,23172,12572,3820,87,0,0
B11494,0,M-6,37503,20289,10062,55,0,0
B11494,1,M-5,37384,17525,12369,37,0,0
B11494,2,M-4,38470,21673,7778,60,0,0
B11494,3,M-3,43719,21664,16019,56,0,0
B11494,4,M-2,38727,17963,10289,52,0,0
B11494,5,M-1,40244,24024,11186,81,0,0
B11495,0,M-6,12309,8773,1415,57,0,0
B11495,1,M-5,12426,5711,4089,36,0,0
B11495,2,M-4,11021,7584,15494,41,0,0
B11495,3,M-3,11524,5897,10829,74,0,0
B11495,4,M-2,11051,5429,6139,82,0,0
B11495,5,M-1,10258,7273,8757,61,0,0
B11496,0,M-6,38564,27525,24827,36,0,0
B11496,1,M-5,33391,17541,26724,26,0,0
B11496,2,M-4,33545,25536,5836,30,0,0
B11496,3,M-3,34549,18208,9971,47,0,0
B11496,4,M-2,32806,20215,5451,85,0,0
B11496,5,M-1,32995,25341,31066,66,0,0
B11497,0,M-6,64964,35118,23528,73,0,0
B11497,1,M-5,57156,32086,12711,27,0,0
B11497,2,M-4,60869,44224,6337,49,0,0
B11497,3,M-3,62068,45280,10031,58,0,0
B11497,4,M-2,56088,39250,7972,25,0,0
B11497,5,M-1,57321,35394,9329,89,0,0
B11498,0,M-6,39216,25843,18387,48,0,0
B11498,1,M-5,38417,28094,19017,63,0,0
B11498,2,M-4,40775,31096,19446,73,0,0
B11498,3,M-3,41143,27848,7725,43,0,0
B11498,4,M-2,37404,27375,14601,43,0,0
B11498,5,M-1,36786,24384,12791,40,0,0
B11499,0,M-6,58960,41283,13024,82,0,0
B11499,1,M-5,57086,37953,20954,70,0,0
B11499,2,M-4,62323,31350,17048,43,0,0
B11499,3,M-3,61506,38049,27837,51,0,0
B11499,4,M-2,57140,26763,17148,55,0,0
B11499,5,M-1,64339,32726,28433,58,0,0
B11500,0,M-6,26178,12747,25738,72,0,0
B11500,1,M-5,24149,20825,30295,32,0,0
B11500,2,M-4,26844,23817,19115,87,0,0
B11500,3,M-3,25834,23691,13585,53,0,0
B11500,4,M-2,22642,18409,29290,61,0,0
B11500,5,M-1,24574,12507,34312,40,0,0
